-- phpMyAdmin SQL Dump
-- version 5.1.0
-- https://www.phpmyadmin.net/
--
-- Host: 127.0.0.1
-- Generation Time: Feb 03, 2023 at 06:46 AM
-- Server version: 10.4.19-MariaDB
-- PHP Version: 7.4.19

SET SQL_MODE = "NO_AUTO_VALUE_ON_ZERO";
START TRANSACTION;
SET time_zone = "+00:00";


/*!40101 SET @OLD_CHARACTER_SET_CLIENT=@@CHARACTER_SET_CLIENT */;
/*!40101 SET @OLD_CHARACTER_SET_RESULTS=@@CHARACTER_SET_RESULTS */;
/*!40101 SET @OLD_COLLATION_CONNECTION=@@COLLATION_CONNECTION */;
/*!40101 SET NAMES utf8mb4 */;

--
-- Database: `tesoro`
--

-- --------------------------------------------------------

--
-- Table structure for table `authtoken_token`
--

CREATE TABLE `authtoken_token` (
  `key` varchar(40) COLLATE utf8_unicode_ci NOT NULL,
  `created` datetime(6) NOT NULL,
  `user_id` int(11) NOT NULL
) ENGINE=InnoDB DEFAULT CHARSET=utf8 COLLATE=utf8_unicode_ci;

--
-- Dumping data for table `authtoken_token`
--

INSERT INTO `authtoken_token` (`key`, `created`, `user_id`) VALUES
('4c4f4e80c3904e3cc170cdc33718a1013ea31edf', '2021-05-30 15:45:27.349011', 2),
('5e0f80b71ae67932c623a471c6b0a32980a70185', '2021-07-27 05:12:51.662353', 7),
('8bbffcdd730c9b2dbee9b7074c2078ef1a6df17f', '2020-06-20 07:52:30.831022', 1),
('a44c202293a29a2405626519fdc2e94d59b630b1', '2021-08-09 04:10:33.678736', 9),
('b55d6811294098d3fe15472ef4c506f4840d7136', '2021-07-27 05:11:16.628918', 6),
('c460d40647bbb0cf926ac64b42c533913c79110b', '2021-07-27 07:13:44.002649', 8),
('f3cc91a59e1bdd4fb867f27bc16c9a54933a6f6e', '2020-07-05 05:19:45.188768', 4);

-- --------------------------------------------------------

--
-- Table structure for table `auth_group`
--

CREATE TABLE `auth_group` (
  `id` int(11) NOT NULL,
  `name` varchar(150) COLLATE utf8_unicode_ci NOT NULL
) ENGINE=InnoDB DEFAULT CHARSET=utf8 COLLATE=utf8_unicode_ci;

--
-- Dumping data for table `auth_group`
--

INSERT INTO `auth_group` (`id`, `name`) VALUES
(20, 'Аж ахуйн алба'),
(7, 'Ахлах тогооч'),
(12, 'Бармен'),
(15, 'Буудлын ресефшин туслах'),
(10, 'Бэлтгэгч'),
(1, 'Захирал'),
(13, 'Зөөгч'),
(18, 'Массажист'),
(3, 'Менежер'),
(5, 'Нягтлан'),
(4, 'Нярав'),
(14, 'Ресефшин'),
(8, 'Тогооч'),
(6, 'Туслах'),
(9, 'Туслах тогооч'),
(11, 'Угаагч'),
(19, 'Угаалгын газрын ажилтан'),
(2, 'Удирдлага'),
(16, 'Үйлчлэгч'),
(17, 'Үрэгч');

-- --------------------------------------------------------

--
-- Table structure for table `auth_group_permissions`
--

CREATE TABLE `auth_group_permissions` (
  `id` int(11) NOT NULL,
  `group_id` int(11) NOT NULL,
  `permission_id` int(11) NOT NULL
) ENGINE=InnoDB DEFAULT CHARSET=utf8 COLLATE=utf8_unicode_ci;

-- --------------------------------------------------------

--
-- Table structure for table `auth_permission`
--

CREATE TABLE `auth_permission` (
  `id` int(11) NOT NULL,
  `name` varchar(255) COLLATE utf8_unicode_ci NOT NULL,
  `content_type_id` int(11) NOT NULL,
  `codename` varchar(100) COLLATE utf8_unicode_ci NOT NULL
) ENGINE=InnoDB DEFAULT CHARSET=utf8 COLLATE=utf8_unicode_ci;

--
-- Dumping data for table `auth_permission`
--

INSERT INTO `auth_permission` (`id`, `name`, `content_type_id`, `codename`) VALUES
(1, 'Can add log entry', 1, 'add_logentry'),
(2, 'Can change log entry', 1, 'change_logentry'),
(3, 'Can delete log entry', 1, 'delete_logentry'),
(4, 'Can view log entry', 1, 'view_logentry'),
(5, 'Can add permission', 2, 'add_permission'),
(6, 'Can change permission', 2, 'change_permission'),
(7, 'Can delete permission', 2, 'delete_permission'),
(8, 'Can view permission', 2, 'view_permission'),
(9, 'Can add group', 3, 'add_group'),
(10, 'Can change group', 3, 'change_group'),
(11, 'Can delete group', 3, 'delete_group'),
(12, 'Can view group', 3, 'view_group'),
(13, 'Can add user', 4, 'add_user'),
(14, 'Can change user', 4, 'change_user'),
(15, 'Can delete user', 4, 'delete_user'),
(16, 'Can view user', 4, 'view_user'),
(17, 'Can add content type', 5, 'add_contenttype'),
(18, 'Can change content type', 5, 'change_contenttype'),
(19, 'Can delete content type', 5, 'delete_contenttype'),
(20, 'Can view content type', 5, 'view_contenttype'),
(21, 'Can add session', 6, 'add_session'),
(22, 'Can change session', 6, 'change_session'),
(23, 'Can delete session', 6, 'delete_session'),
(24, 'Can view session', 6, 'view_session'),
(25, 'Can add budget', 7, 'add_budget'),
(26, 'Can change budget', 7, 'change_budget'),
(27, 'Can delete budget', 7, 'delete_budget'),
(28, 'Can view budget', 7, 'view_budget'),
(29, 'Can add budget_type', 8, 'add_budget_type'),
(30, 'Can change budget_type', 8, 'change_budget_type'),
(31, 'Can delete budget_type', 8, 'delete_budget_type'),
(32, 'Can view budget_type', 8, 'view_budget_type'),
(33, 'Can add currency', 9, 'add_currency'),
(34, 'Can change currency', 9, 'change_currency'),
(35, 'Can delete currency', 9, 'delete_currency'),
(36, 'Can view currency', 9, 'view_currency'),
(37, 'Can add investment', 10, 'add_investment'),
(38, 'Can change investment', 10, 'change_investment'),
(39, 'Can delete investment', 10, 'delete_investment'),
(40, 'Can view investment', 10, 'view_investment'),
(41, 'Can add loan', 11, 'add_loan'),
(42, 'Can change loan', 11, 'change_loan'),
(43, 'Can delete loan', 11, 'delete_loan'),
(44, 'Can view loan', 11, 'view_loan'),
(45, 'Can add money_transfer', 12, 'add_money_transfer'),
(46, 'Can change money_transfer', 12, 'change_money_transfer'),
(47, 'Can delete money_transfer', 12, 'delete_money_transfer'),
(48, 'Can view money_transfer', 12, 'view_money_transfer'),
(49, 'Can add wallet', 13, 'add_wallet'),
(50, 'Can change wallet', 13, 'change_wallet'),
(51, 'Can delete wallet', 13, 'delete_wallet'),
(52, 'Can view wallet', 13, 'view_wallet'),
(53, 'Can add money_transfer_type', 14, 'add_money_transfer_type'),
(54, 'Can change money_transfer_type', 14, 'change_money_transfer_type'),
(55, 'Can delete money_transfer_type', 14, 'delete_money_transfer_type'),
(56, 'Can view money_transfer_type', 14, 'view_money_transfer_type'),
(57, 'Can add bill', 15, 'add_bill'),
(58, 'Can change bill', 15, 'change_bill'),
(59, 'Can delete bill', 15, 'delete_bill'),
(60, 'Can view bill', 15, 'view_bill'),
(61, 'Can add order', 16, 'add_order'),
(62, 'Can change order', 16, 'change_order'),
(63, 'Can delete order', 16, 'delete_order'),
(64, 'Can view order', 16, 'view_order'),
(65, 'Can add payment', 17, 'add_payment'),
(66, 'Can change payment', 17, 'change_payment'),
(67, 'Can delete payment', 17, 'delete_payment'),
(68, 'Can view payment', 17, 'view_payment'),
(69, 'Can add pos_account_consolidation', 18, 'add_pos_account_consolidation'),
(70, 'Can change pos_account_consolidation', 18, 'change_pos_account_consolidation'),
(71, 'Can delete pos_account_consolidation', 18, 'delete_pos_account_consolidation'),
(72, 'Can view pos_account_consolidation', 18, 'view_pos_account_consolidation'),
(73, 'Can add payment_bills', 19, 'add_payment_bills'),
(74, 'Can change payment_bills', 19, 'change_payment_bills'),
(75, 'Can delete payment_bills', 19, 'delete_payment_bills'),
(76, 'Can view payment_bills', 19, 'view_payment_bills'),
(77, 'Can add order_payments', 20, 'add_order_payments'),
(78, 'Can change order_payments', 20, 'change_order_payments'),
(79, 'Can delete order_payments', 20, 'delete_order_payments'),
(80, 'Can view order_payments', 20, 'view_order_payments'),
(81, 'Can add order_detial', 21, 'add_order_detial'),
(82, 'Can change order_detial', 21, 'change_order_detial'),
(83, 'Can delete order_detial', 21, 'delete_order_detial'),
(84, 'Can view order_detial', 21, 'view_order_detial'),
(85, 'Can add basic_asset', 22, 'add_basic_asset'),
(86, 'Can change basic_asset', 22, 'change_basic_asset'),
(87, 'Can delete basic_asset', 22, 'delete_basic_asset'),
(88, 'Can view basic_asset', 22, 'view_basic_asset'),
(89, 'Can add commodity', 23, 'add_commodity'),
(90, 'Can change commodity', 23, 'change_commodity'),
(91, 'Can delete commodity', 23, 'delete_commodity'),
(92, 'Can view commodity', 23, 'view_commodity'),
(93, 'Can add ingredient', 24, 'add_ingredient'),
(94, 'Can change ingredient', 24, 'change_ingredient'),
(95, 'Can delete ingredient', 24, 'delete_ingredient'),
(96, 'Can view ingredient', 24, 'view_ingredient'),
(97, 'Can add store', 25, 'add_store'),
(98, 'Can change store', 25, 'change_store'),
(99, 'Can delete store', 25, 'delete_store'),
(100, 'Can view store', 25, 'view_store'),
(101, 'Can add size_type', 26, 'add_size_type'),
(102, 'Can change size_type', 26, 'change_size_type'),
(103, 'Can delete size_type', 26, 'delete_size_type'),
(104, 'Can view size_type', 26, 'view_size_type'),
(105, 'Can add product_category', 27, 'add_product_category'),
(106, 'Can change product_category', 27, 'change_product_category'),
(107, 'Can delete product_category', 27, 'delete_product_category'),
(108, 'Can view product_category', 27, 'view_product_category'),
(109, 'Can add product', 28, 'add_product'),
(110, 'Can change product', 28, 'change_product'),
(111, 'Can delete product', 28, 'delete_product'),
(112, 'Can view product', 28, 'view_product'),
(113, 'Can add item_transfer_type', 29, 'add_item_transfer_type'),
(114, 'Can change item_transfer_type', 29, 'change_item_transfer_type'),
(115, 'Can delete item_transfer_type', 29, 'delete_item_transfer_type'),
(116, 'Can view item_transfer_type', 29, 'view_item_transfer_type'),
(117, 'Can add item_transfer', 30, 'add_item_transfer'),
(118, 'Can change item_transfer', 30, 'change_item_transfer'),
(119, 'Can delete item_transfer', 30, 'delete_item_transfer'),
(120, 'Can view item_transfer', 30, 'view_item_transfer'),
(121, 'Can add item_balance_log', 31, 'add_item_balance_log'),
(122, 'Can change item_balance_log', 31, 'change_item_balance_log'),
(123, 'Can delete item_balance_log', 31, 'delete_item_balance_log'),
(124, 'Can view item_balance_log', 31, 'view_item_balance_log'),
(125, 'Can add item_balance', 32, 'add_item_balance'),
(126, 'Can change item_balance', 32, 'change_item_balance'),
(127, 'Can delete item_balance', 32, 'delete_item_balance'),
(128, 'Can view item_balance', 32, 'view_item_balance'),
(129, 'Can add commodity_category', 33, 'add_commodity_category'),
(130, 'Can change commodity_category', 33, 'change_commodity_category'),
(131, 'Can delete commodity_category', 33, 'delete_commodity_category'),
(132, 'Can view commodity_category', 33, 'view_commodity_category'),
(133, 'Can add broken_item', 34, 'add_broken_item'),
(134, 'Can change broken_item', 34, 'change_broken_item'),
(135, 'Can delete broken_item', 34, 'delete_broken_item'),
(136, 'Can view broken_item', 34, 'view_broken_item'),
(137, 'Can add basic_asset_count', 35, 'add_basic_asset_count'),
(138, 'Can change basic_asset_count', 35, 'change_basic_asset_count'),
(139, 'Can delete basic_asset_count', 35, 'delete_basic_asset_count'),
(140, 'Can view basic_asset_count', 35, 'view_basic_asset_count'),
(141, 'Can add configuration_value', 36, 'add_configuration_value'),
(142, 'Can change configuration_value', 36, 'change_configuration_value'),
(143, 'Can delete configuration_value', 36, 'delete_configuration_value'),
(144, 'Can view configuration_value', 36, 'view_configuration_value'),
(145, 'Can add division', 37, 'add_division'),
(146, 'Can change division', 37, 'change_division'),
(147, 'Can delete division', 37, 'delete_division'),
(148, 'Can view division', 37, 'view_division'),
(149, 'Can add shift_work', 38, 'add_shift_work'),
(150, 'Can change shift_work', 38, 'change_shift_work'),
(151, 'Can delete shift_work', 38, 'delete_shift_work'),
(152, 'Can view shift_work', 38, 'view_shift_work'),
(153, 'Can add customer', 39, 'add_customer'),
(154, 'Can change customer', 39, 'change_customer'),
(155, 'Can delete customer', 39, 'delete_customer'),
(156, 'Can view customer', 39, 'view_customer'),
(157, 'Can add user_ profile', 40, 'add_user_profile'),
(158, 'Can change user_ profile', 40, 'change_user_profile'),
(159, 'Can delete user_ profile', 40, 'delete_user_profile'),
(160, 'Can view user_ profile', 40, 'view_user_profile'),
(161, 'Can add client', 41, 'add_client'),
(162, 'Can change client', 41, 'change_client'),
(163, 'Can delete client', 41, 'delete_client'),
(164, 'Can view client', 41, 'view_client'),
(165, 'Can add notification', 42, 'add_notification'),
(166, 'Can change notification', 42, 'change_notification'),
(167, 'Can delete notification', 42, 'delete_notification'),
(168, 'Can view notification', 42, 'view_notification'),
(169, 'Can add hotel_client_item', 43, 'add_hotel_client_item'),
(170, 'Can change hotel_client_item', 43, 'change_hotel_client_item'),
(171, 'Can delete hotel_client_item', 43, 'delete_hotel_client_item'),
(172, 'Can view hotel_client_item', 43, 'view_hotel_client_item'),
(173, 'Can add hotel_client_log', 44, 'add_hotel_client_log'),
(174, 'Can change hotel_client_log', 44, 'change_hotel_client_log'),
(175, 'Can delete hotel_client_log', 44, 'delete_hotel_client_log'),
(176, 'Can view hotel_client_log', 44, 'view_hotel_client_log'),
(177, 'Can add hotel_client_item_eelj', 45, 'add_hotel_client_item_eelj'),
(178, 'Can change hotel_client_item_eelj', 45, 'change_hotel_client_item_eelj'),
(179, 'Can delete hotel_client_item_eelj', 45, 'delete_hotel_client_item_eelj'),
(180, 'Can view hotel_client_item_eelj', 45, 'view_hotel_client_item_eelj'),
(181, 'Can add Token', 46, 'add_token'),
(182, 'Can change Token', 46, 'change_token'),
(183, 'Can delete Token', 46, 'delete_token'),
(184, 'Can view Token', 46, 'view_token'),
(185, 'Can add token', 47, 'add_tokenproxy'),
(186, 'Can change token', 47, 'change_tokenproxy'),
(187, 'Can delete token', 47, 'delete_tokenproxy'),
(188, 'Can view token', 47, 'view_tokenproxy'),
(189, 'Can add ingredient_product', 48, 'add_ingredient_product'),
(190, 'Can change ingredient_product', 48, 'change_ingredient_product'),
(191, 'Can delete ingredient_product', 48, 'delete_ingredient_product'),
(192, 'Can view ingredient_product', 48, 'view_ingredient_product');

-- --------------------------------------------------------

--
-- Table structure for table `auth_user`
--

CREATE TABLE `auth_user` (
  `id` int(11) NOT NULL,
  `password` varchar(128) COLLATE utf8_unicode_ci NOT NULL,
  `last_login` datetime(6) DEFAULT NULL,
  `is_superuser` tinyint(1) NOT NULL,
  `username` varchar(150) COLLATE utf8_unicode_ci NOT NULL,
  `first_name` varchar(150) COLLATE utf8_unicode_ci NOT NULL,
  `last_name` varchar(150) COLLATE utf8_unicode_ci NOT NULL,
  `email` varchar(254) COLLATE utf8_unicode_ci NOT NULL,
  `is_staff` tinyint(1) NOT NULL,
  `is_active` tinyint(1) NOT NULL,
  `date_joined` datetime(6) NOT NULL
) ENGINE=InnoDB DEFAULT CHARSET=utf8 COLLATE=utf8_unicode_ci;

--
-- Dumping data for table `auth_user`
--

INSERT INTO `auth_user` (`id`, `password`, `last_login`, `is_superuser`, `username`, `first_name`, `last_name`, `email`, `is_staff`, `is_active`, `date_joined`) VALUES
(1, 'pbkdf2_sha256$260000$aWctpO4CMRZuaM9hm8wsUP$g9z+X0+52kv4tE83mzcgvylMGWq6g6FQU6705y/YzpA=', '2022-11-07 04:14:24.576649', 1, 'admin', 'Gantulga', 'Davaasuren', 'admin@admin.com', 1, 1, '2020-01-09 09:29:31.000000'),
(2, 'pbkdf2_sha256$260000$JaURXM2ubzCRwIgaAIzuNF$uRx8lPNberBGvpM0K3cmGf5qxrIjbSFA7nuiyv9QAtQ=', '2022-01-19 02:12:43.872587', 0, 'tsaska', 'Tsaschikher', 'Erdenebileg', 'tsaskac@yahoo.com', 1, 1, '2020-01-05 04:31:35.000000'),
(3, 'pbkdf2_sha256$260000$UMe7v95kGeDFCpT9JgH5s6$V7QzySkFcjELhomeqDL6rlIU/RF5hpO2kpe0xsMgucI=', '2020-01-05 07:34:51.148000', 0, 'hashka', 'Khas-Erdene', 'Erdenebileg', 'haku_10000@yahoo.com', 1, 1, '2020-01-05 07:02:11.000000'),
(4, 'pbkdf2_sha256$260000$UMe7v95kGeDFCpT9JgH5s6$V7QzySkFcjELhomeqDL6rlIU/RF5hpO2kpe0xsMgucI=', '2020-01-05 07:34:51.000000', 1, 'erdenesoyol', 'Erdenesoyol', 'Bal', 'erdenesoyol.b@yahoo.com', 1, 1, '2020-01-25 09:58:53.000000'),
(6, 'pbkdf2_sha256$260000$Hahd9FcKyOn6YqHhscN1wG$xLZmvteL6rEDs4WGjeh9KwkMoAiG5q/7GWWN1MRZREw=', NULL, 0, 'batbayr', 'batbayr', 'jargalsaikhan', 'jargalsaikhanbatbayr@icloud.com', 0, 1, '2021-07-26 12:55:23.000000'),
(7, 'pbkdf2_sha256$260000$6LkYF5XkauuRv3m6pyBZAU$k1zq10f9NMlp6Yj8FcsrUKaoQxtdGx52laUuphZRRO0=', NULL, 0, 'naraa', 'Narangarav', 'Altankhuyag', 'naraanrn24@gmail.com', 0, 1, '2021-07-26 12:58:50.000000'),
(8, 'pbkdf2_sha256$260000$bQGBnsmjeaRpjtmNSxxbTu$HQjQeuyo4nU03I3oHhMDMWuzGRIbvAyaYpLvL2HjH8I=', NULL, 0, 'eegii', 'enkhtsetseg', 'magsar', 'meegiinee43@gmail.com', 0, 1, '2021-07-26 13:00:53.000000'),
(9, 'pbkdf2_sha256$260000$UJ1RM8io4WTcap1GER7G1q$dF6AzlS0NK2LiqLFHeEs5If1axPSmRDaL1vcATLD9d4=', NULL, 0, 'Urnaa', 'Uranbileg', 'Zorigt', 'uranzo513@gmail.com', 0, 1, '2021-08-09 04:09:33.000000'),
(10, 'pbkdf2_sha256$260000$DIU99WyMlzA9yj8AOWKRf8$N/S2NxFcMLNss0fuht4BDoWrYOAfgv899I4HdTJij+0=', NULL, 0, 'unuruu', 'unurbold', 'tsevegjav', 'tsaskac@yahoo.com', 0, 1, '2021-08-10 14:52:52.000000'),
(11, 'pbkdf2_sha256$260000$35BlgAUnbJPj32asM7XyW9$HvGVz3O9BATUGe1YmHRP8tTWdlHEAzyVeNwFUjElU1A=', NULL, 0, 'zulaa', 'Zulaa', 'Dulamsuren', 'Tsaskac@yahoo.com', 0, 1, '2021-08-10 14:53:35.000000'),
(12, 'pbkdf2_sha256$260000$VtfRR84LmKCY1RvnKphJoT$TR2VFUKEk1PW7LDMRQIiUNHIkuGVNhdlUvH3paVa6Vo=', NULL, 0, 'baatraa', 'batbaatar', 'ganbold', 'Tsaskac@yahoo.com', 0, 1, '2021-08-10 14:54:14.000000'),
(13, 'pbkdf2_sha256$260000$qBDkSeejXBxBkQWJF3xgZu$oWRbeRthq+1BfGR1GFxFleO1ECVvdXUt9XPiXet1Wyw=', NULL, 0, 'orhoo', 'orhontuya', 'orhoo', 'tsaskac@yahoo.com', 0, 1, '2021-08-10 14:54:47.000000'),
(14, 'pbkdf2_sha256$260000$4gkAC5MmxW1HvouQYsnLS5$Tj9aIX4TvOV06PzAvfcYex3rSLwW0C2Nl55RIMP4Uhw=', NULL, 0, 'oyunchimeg', 'oyunchimeg', 'oyunaa', 'Tsaskac@yahoo.com', 0, 1, '2021-08-10 14:55:21.000000'),
(15, 'pbkdf2_sha256$260000$oa282oanhfxcoE3AARvrTM$HEryXvAcfuEijpxukoD77KQH7RkuQBmt2DSbcnCQyy8=', NULL, 0, 'bolor-erdene', 'bolor-erdene', 'bolroo egch', 'Tsaskac@yahoo.com', 0, 1, '2021-08-10 14:56:10.000000');

-- --------------------------------------------------------

--
-- Table structure for table `auth_user_divisions`
--

CREATE TABLE `auth_user_divisions` (
  `id` int(11) NOT NULL,
  `division_id` int(11) NOT NULL,
  `user_id` int(11) NOT NULL
) ENGINE=InnoDB DEFAULT CHARSET=utf8 COLLATE=utf8_unicode_ci;

--
-- Dumping data for table `auth_user_divisions`
--

INSERT INTO `auth_user_divisions` (`id`, `division_id`, `user_id`) VALUES
(1, 1, 1),
(2, 1, 2),
(3, 1, 3),
(4, 1, 4);

-- --------------------------------------------------------

--
-- Table structure for table `auth_user_groups`
--

CREATE TABLE `auth_user_groups` (
  `id` int(11) NOT NULL,
  `user_id` int(11) NOT NULL,
  `group_id` int(11) NOT NULL
) ENGINE=InnoDB DEFAULT CHARSET=utf8 COLLATE=utf8_unicode_ci;

--
-- Dumping data for table `auth_user_groups`
--

INSERT INTO `auth_user_groups` (`id`, `user_id`, `group_id`) VALUES
(1, 1, 1),
(13, 1, 2),
(3, 1, 3),
(4, 1, 4),
(5, 2, 2),
(6, 2, 3),
(7, 2, 4),
(8, 3, 2),
(9, 3, 3),
(10, 3, 4),
(11, 4, 1),
(14, 6, 13),
(16, 7, 13),
(15, 8, 13),
(17, 9, 13),
(18, 10, 8),
(19, 11, 6),
(20, 12, 8),
(21, 13, 11),
(22, 14, 6),
(23, 15, 16);

-- --------------------------------------------------------

--
-- Table structure for table `auth_user_user_permissions`
--

CREATE TABLE `auth_user_user_permissions` (
  `id` int(11) NOT NULL,
  `user_id` int(11) NOT NULL,
  `permission_id` int(11) NOT NULL
) ENGINE=InnoDB DEFAULT CHARSET=utf8 COLLATE=utf8_unicode_ci;

--
-- Dumping data for table `auth_user_user_permissions`
--

INSERT INTO `auth_user_user_permissions` (`id`, `user_id`, `permission_id`) VALUES
(30, 2, 13),
(31, 2, 14),
(32, 2, 15),
(29, 2, 16),
(34, 2, 62),
(33, 2, 66),
(6, 2, 89),
(7, 2, 90),
(8, 2, 91),
(9, 2, 92),
(14, 2, 93),
(15, 2, 94),
(16, 2, 95),
(13, 2, 96),
(17, 2, 105),
(18, 2, 106),
(19, 2, 107),
(20, 2, 108),
(2, 2, 109),
(3, 2, 110),
(4, 2, 111),
(5, 2, 112),
(10, 2, 125),
(11, 2, 126),
(12, 2, 127),
(1, 2, 128),
(21, 2, 129),
(22, 2, 130),
(23, 2, 131),
(24, 2, 132),
(26, 2, 189),
(27, 2, 190),
(28, 2, 191),
(25, 2, 192);

-- --------------------------------------------------------

--
-- Table structure for table `django_admin_log`
--

CREATE TABLE `django_admin_log` (
  `id` int(11) NOT NULL,
  `action_time` datetime(6) NOT NULL,
  `object_id` longtext COLLATE utf8_unicode_ci DEFAULT NULL,
  `object_repr` varchar(200) COLLATE utf8_unicode_ci NOT NULL,
  `action_flag` smallint(5) UNSIGNED NOT NULL CHECK (`action_flag` >= 0),
  `change_message` longtext COLLATE utf8_unicode_ci NOT NULL,
  `content_type_id` int(11) DEFAULT NULL,
  `user_id` int(11) NOT NULL
) ENGINE=InnoDB DEFAULT CHARSET=utf8 COLLATE=utf8_unicode_ci;

--
-- Dumping data for table `django_admin_log`
--

INSERT INTO `django_admin_log` (`id`, `action_time`, `object_id`, `object_repr`, `action_flag`, `change_message`, `content_type_id`, `user_id`) VALUES
(1, '2020-06-20 08:56:40.380998', '1', 'Wallet object (1)', 1, '[{\"added\": {}}]', 13, 1),
(2, '2020-06-20 08:58:40.130793', '2', 'Wallet object (2)', 1, '[{\"added\": {}}]', 13, 1),
(3, '2020-06-20 09:25:22.016738', '1', 'Hotel_client_item object (1)', 1, '[{\"added\": {}}]', 43, 1),
(4, '2020-06-20 09:25:33.354637', '2', 'Hotel_client_item object (2)', 1, '[{\"added\": {}}]', 43, 1),
(5, '2020-07-05 05:26:53.497361', '4', 'erdenesoyol', 2, '[{\"changed\": {\"fields\": [\"Staff status\", \"Superuser status\"]}}]', 4, 1),
(6, '2020-07-05 05:28:51.515127', '1', 'admin', 2, '[{\"changed\": {\"fields\": [\"First name\", \"Last name\"]}}]', 4, 1),
(7, '2020-07-05 05:28:55.612258', '1', 'admin', 2, '[{\"changed\": {\"fields\": [\"Last name\"]}}]', 4, 1),
(8, '2020-07-05 07:51:28.554632', '3', 'Wallet object (3)', 1, '[{\"added\": {}}]', 13, 1),
(9, '2020-07-05 07:53:00.045693', '4', 'Wallet object (4)', 1, '[{\"added\": {}}]', 13, 1),
(10, '2020-07-05 07:53:43.235116', '5', 'Wallet object (5)', 1, '[{\"added\": {}}]', 13, 1),
(11, '2020-07-05 07:55:32.145763', '1', 'Wallet object (1)', 2, '[]', 13, 1),
(12, '2020-07-05 07:55:35.976359', '2', 'Wallet object (2)', 2, '[]', 13, 1),
(13, '2020-07-05 07:55:39.361072', '3', 'Wallet object (3)', 2, '[]', 13, 1),
(14, '2020-07-05 07:55:44.360417', '4', 'Wallet object (4)', 2, '[{\"changed\": {\"fields\": [\"Owner\"]}}]', 13, 1),
(15, '2020-07-05 07:55:49.325136', '5', 'Wallet object (5)', 2, '[{\"changed\": {\"fields\": [\"Owner\"]}}]', 13, 1),
(16, '2020-07-05 09:34:41.035407', '28', '308 өрөө ЦАГ', 3, '', 28, 1),
(17, '2020-07-05 09:34:41.040911', '14', '308 өрөө ХОНОГ', 3, '', 28, 1),
(18, '2020-07-05 09:35:32.766680', '14', 'Зочид буудал - 308', 3, '', 41, 1),
(19, '2021-05-29 08:12:48.876838', '5', 'Хоол', 1, '[{\"added\": {}}]', 27, 1),
(20, '2021-05-29 08:13:03.150655', '6', 'Share food', 1, '[{\"added\": {}}]', 27, 1),
(21, '2021-05-29 08:13:14.304293', '7', 'Korean food', 1, '[{\"added\": {}}]', 27, 1),
(22, '2021-05-29 08:13:33.951416', '8', 'Salat', 1, '[{\"added\": {}}]', 27, 1),
(23, '2021-05-29 08:13:57.423759', '9', 'Soup', 1, '[{\"added\": {}}]', 27, 1),
(24, '2021-05-29 08:14:04.654172', '10', 'Pasta', 1, '[{\"added\": {}}]', 27, 1),
(25, '2021-05-29 08:14:10.748521', '11', 'Pizza', 1, '[{\"added\": {}}]', 27, 1),
(26, '2021-05-29 08:14:24.256294', '12', 'Main course', 1, '[{\"added\": {}}]', 27, 1),
(27, '2021-05-29 08:14:36.092971', '13', 'Side dish', 1, '[{\"added\": {}}]', 27, 1),
(28, '2021-05-29 08:14:54.184005', '14', 'Ice cold', 1, '[{\"added\": {}}]', 27, 1),
(29, '2021-05-29 08:15:08.490824', '15', 'Water', 1, '[{\"added\": {}}]', 27, 1),
(30, '2021-05-29 08:15:20.353502', '16', 'Soft drinks', 1, '[{\"added\": {}}]', 27, 1),
(31, '2021-05-29 08:15:28.542971', '17', 'Juice', 1, '[{\"added\": {}}]', 27, 1),
(32, '2021-05-29 08:17:13.510974', '18', 'Bagged pot teas', 1, '[{\"added\": {}}]', 27, 1),
(33, '2021-05-29 08:17:22.818507', '19', 'Iced tea', 1, '[{\"added\": {}}]', 27, 1),
(34, '2021-05-29 08:17:31.500003', '20', 'Smoothies', 1, '[{\"added\": {}}]', 27, 1),
(35, '2021-05-29 08:17:43.323680', '21', 'Milk shake', 1, '[{\"added\": {}}]', 27, 1),
(36, '2021-05-29 08:19:41.931464', '5', 'Food', 2, '[{\"changed\": {\"fields\": [\"Name\"]}}]', 27, 1),
(37, '2021-05-29 08:19:59.430465', '14', 'Drinks', 2, '[{\"changed\": {\"fields\": [\"Name\"]}}]', 27, 1),
(38, '2021-05-29 08:20:36.699596', '22', 'Alcohol', 1, '[{\"added\": {}}]', 27, 1),
(39, '2021-05-29 08:20:50.687396', '23', 'Bottled bear', 1, '[{\"added\": {}}]', 27, 1),
(40, '2021-05-29 08:21:00.352949', '24', 'Vodka', 1, '[{\"added\": {}}]', 27, 1),
(41, '2021-05-29 08:21:09.178454', '25', 'Cognac', 1, '[{\"added\": {}}]', 27, 1),
(42, '2021-05-29 08:21:20.845121', '26', 'Bourbon whiskey', 1, '[{\"added\": {}}]', 27, 1),
(43, '2021-05-29 08:21:37.998102', '27', 'Single malt whiskey', 1, '[{\"added\": {}}]', 27, 1),
(44, '2021-05-29 08:22:01.988474', '28', 'Tequila', 1, '[{\"added\": {}}]', 27, 1),
(45, '2021-05-29 08:22:18.637427', '29', 'Gin', 1, '[{\"added\": {}}]', 27, 1),
(46, '2021-05-29 08:22:27.263920', '30', 'Liquers', 1, '[{\"added\": {}}]', 27, 1),
(47, '2021-05-29 08:22:45.711975', '31', 'Vermouth & Bitter', 1, '[{\"added\": {}}]', 27, 1),
(48, '2021-05-29 08:23:00.923845', '32', 'Sparkling wine', 1, '[{\"added\": {}}]', 27, 1),
(49, '2021-05-29 08:23:16.090713', '33', 'White wine', 1, '[{\"added\": {}}]', 27, 1),
(50, '2021-05-29 08:23:31.600600', '34', 'Rose wine', 1, '[{\"added\": {}}]', 27, 1),
(51, '2021-05-29 08:23:40.590114', '35', 'Red wine', 1, '[{\"added\": {}}]', 27, 1),
(52, '2021-05-29 08:26:40.804422', '29', 'Хавирганы махан цуглуулга 2-3', 2, '[{\"changed\": {\"fields\": [\"Name\", \"Description\", \"Cost\", \"Categories\", \"Client\", \"Division\"]}}]', 28, 1),
(53, '2021-05-29 08:27:01.712618', '31', 'Хавирганы махан цуглуулга 4-5', 1, '[{\"added\": {}}]', 28, 1),
(54, '2021-05-29 08:27:57.198791', '32', 'Монгол хоолны цуглуулга 2-3', 1, '[{\"added\": {}}]', 28, 1),
(55, '2021-05-29 08:28:22.111216', '33', 'Монгол хоолны цуглуулга 4-5', 1, '[{\"added\": {}}]', 28, 1),
(56, '2021-05-29 08:29:55.971585', '34', 'Маханд дурлагсад цуглуулга', 1, '[{\"added\": {}}]', 28, 1),
(57, '2021-05-29 08:30:26.817349', '29', 'йыб', 2, '[{\"changed\": {\"fields\": [\"Name\", \"Client\", \"Division\"]}}]', 28, 1),
(58, '2021-05-29 08:30:46.557478', '30', 'Хавирганы махан цуглуулга 2-3', 2, '[{\"changed\": {\"fields\": [\"Name\", \"Description\", \"Cost\", \"Categories\", \"Division\"]}}]', 28, 1),
(59, '2021-05-29 08:31:14.252062', '29', 'йыб', 3, '', 28, 1),
(60, '2021-05-29 08:31:30.075967', '34', 'Маханд дурлагсад цуглуулга 4-5', 2, '[{\"changed\": {\"fields\": [\"Name\"]}}]', 28, 1),
(61, '2021-05-29 08:31:34.365213', '30', 'Хавирганы махан цуглуулга 2-3', 2, '[]', 28, 1),
(62, '2021-05-29 08:31:42.523679', '31', 'Хавирганы махан цуглуулга 4-5', 2, '[{\"changed\": {\"fields\": [\"Client\", \"Division\"]}}]', 28, 1),
(63, '2021-05-29 08:31:54.782380', '32', 'Монгол хоолны цуглуулга 2-3', 2, '[{\"changed\": {\"fields\": [\"Client\", \"Division\"]}}]', 28, 1),
(64, '2021-05-29 08:32:04.700948', '33', 'Монгол хоолны цуглуулга 4-5', 2, '[{\"changed\": {\"fields\": [\"Client\", \"Division\"]}}]', 28, 1),
(65, '2021-05-29 08:32:10.625286', '34', 'Маханд дурлагсад цуглуулга 4-5', 2, '[]', 28, 1),
(66, '2021-05-29 08:32:54.314785', '35', 'Шорлогны цуглуулга 2-3', 1, '[{\"added\": {}}]', 28, 1),
(67, '2021-05-29 08:33:07.304528', '36', 'Шорлогны цуглуулга 4-5', 1, '[{\"added\": {}}]', 28, 1),
(68, '2021-05-29 08:33:48.829903', '37', 'Тахианы махан цуглуулга 2-3', 1, '[{\"added\": {}}]', 28, 1),
(69, '2021-05-29 08:34:29.009202', '38', 'Тахианы махан цуглуулга 4-5', 1, '[{\"added\": {}}]', 28, 1),
(70, '2021-05-29 08:34:55.116695', '39', 'Солонгос хоолны цуглуулга', 1, '[{\"added\": {}}]', 28, 1),
(71, '2021-05-29 08:35:32.077809', '39', 'Солонгос хоолны цуглуулга', 2, '[]', 28, 1),
(72, '2021-05-29 08:36:27.636987', '39', 'Солонгос хоолны цуглуулга 2-3', 2, '[{\"changed\": {\"fields\": [\"Name\", \"Division\"]}}]', 28, 1),
(73, '2021-05-29 08:36:43.183876', '40', 'Солонгос хоолны цуглуулга 4-5', 1, '[{\"added\": {}}]', 28, 1),
(74, '2021-05-29 08:37:33.875775', '41', 'Жэюүгбуггим', 1, '[{\"added\": {}}]', 28, 1),
(75, '2021-05-29 08:37:59.635249', '42', 'Кимчи сангёбсал', 1, '[{\"added\": {}}]', 28, 1),
(76, '2021-05-29 08:38:14.732112', '43', 'Калбижим', 1, '[{\"added\": {}}]', 28, 1),
(77, '2021-05-29 08:38:30.927039', '44', 'Калбитан', 1, '[{\"added\": {}}]', 28, 1),
(78, '2021-05-29 08:38:52.998301', '45', 'Калбитан 2хүн', 1, '[{\"added\": {}}]', 28, 1),
(79, '2021-05-29 08:39:27.407269', '46', 'Бүлгүгги 2хүн', 1, '[{\"added\": {}}]', 28, 1),
(80, '2021-05-29 08:39:52.532706', '43', 'Калбижим 2хүн', 2, '[{\"changed\": {\"fields\": [\"Name\"]}}]', 28, 1),
(81, '2021-05-29 08:40:04.747405', '42', 'Кимчи сангёбсал 2хүн', 2, '[{\"changed\": {\"fields\": [\"Name\"]}}]', 28, 1),
(82, '2021-05-29 08:40:12.475847', '41', 'Жэюүгбуггим 2хүн', 2, '[{\"changed\": {\"fields\": [\"Name\"]}}]', 28, 1),
(83, '2021-05-29 08:40:44.368671', '47', 'Кимчижигэ', 1, '[{\"added\": {}}]', 28, 1),
(84, '2021-05-29 08:41:05.838899', '48', 'Тэнжанжигэ', 1, '[{\"added\": {}}]', 28, 1),
(85, '2021-05-29 08:41:23.706921', '49', 'Моёгтой шөл', 1, '[{\"added\": {}}]', 28, 1),
(86, '2021-05-29 08:41:42.921020', '50', 'Бүдэжигэ 2хүн', 1, '[{\"added\": {}}]', 28, 1),
(87, '2021-05-29 08:42:06.580373', '51', 'Тагтуритан 2хүн', 1, '[{\"added\": {}}]', 28, 1),
(88, '2021-05-29 08:42:20.020142', '52', 'Гоймон', 1, '[{\"added\": {}}]', 28, 1),
(89, '2021-05-29 08:42:32.819874', '53', 'Кимбаб', 1, '[{\"added\": {}}]', 28, 1),
(90, '2021-05-29 08:42:49.168809', '54', 'Догбугги', 1, '[{\"added\": {}}]', 28, 1),
(91, '2021-05-29 08:43:17.133409', '55', 'Цезарь салат', 1, '[{\"added\": {}}]', 28, 1),
(92, '2021-05-29 08:43:30.388167', '56', 'Грек салат', 1, '[{\"added\": {}}]', 28, 1),
(93, '2021-05-29 08:43:52.813449', '57', 'Бууцайтай үхрийн хэлэн салат', 1, '[{\"added\": {}}]', 28, 1),
(94, '2021-05-29 08:44:18.777934', '58', 'Swiss bowl salat', 1, '[{\"added\": {}}]', 28, 1),
(95, '2021-05-29 08:44:51.013778', '59', 'Броколи зутан шөл', 1, '[{\"added\": {}}]', 28, 1),
(96, '2021-05-29 08:45:12.866028', '60', 'Хулууны зутан шөл', 1, '[{\"added\": {}}]', 28, 1),
(97, '2021-05-29 08:45:27.344856', '61', 'Бантан', 1, '[{\"added\": {}}]', 28, 1),
(98, '2021-05-29 08:45:50.708193', '62', 'Банштай цай', 1, '[{\"added\": {}}]', 28, 1),
(99, '2021-05-29 08:46:20.603902', '63', 'Бинтэй хар шөл', 1, '[{\"added\": {}}]', 28, 1),
(100, '2021-05-29 08:46:50.450610', '64', 'Карборанара паста', 1, '[{\"added\": {}}]', 28, 1),
(101, '2021-05-29 08:47:10.384750', '65', 'Бологнайз паста', 1, '[{\"added\": {}}]', 28, 1),
(102, '2021-05-29 08:47:47.042847', '66', 'Mushroom (taglatil) pasta', 1, '[{\"added\": {}}]', 28, 1),
(103, '2021-05-29 08:48:11.436242', '67', 'Салям пицца', 1, '[{\"added\": {}}]', 28, 1),
(104, '2021-05-29 08:48:56.521820', '68', 'Хавай пицца', 1, '[{\"added\": {}}]', 28, 1),
(105, '2021-05-29 08:49:01.557108', '67', 'Салям пицца', 2, '[]', 28, 1),
(106, '2021-05-29 08:49:18.199060', '69', 'Холимог пицца', 1, '[{\"added\": {}}]', 28, 1),
(107, '2021-05-29 08:49:36.406102', '70', 'Кето пицца', 1, '[{\"added\": {}}]', 28, 1),
(108, '2021-05-29 08:50:41.361817', '71', 'Tesoro нэрийн стэйк', 1, '[{\"added\": {}}]', 28, 1),
(109, '2021-05-29 08:50:57.148720', '72', 'Цуйван', 1, '[{\"added\": {}}]', 28, 1),
(110, '2021-05-29 08:51:14.084689', '73', 'Шаржигнуур тахиа', 1, '[{\"added\": {}}]', 28, 1),
(111, '2021-05-29 08:51:32.308731', '74', 'Хуушуур багц', 1, '[{\"added\": {}}]', 28, 1),
(112, '2021-05-29 08:51:58.017201', '75', 'Бууз багц', 1, '[{\"added\": {}}]', 28, 1),
(113, '2021-05-29 08:52:21.451542', '76', 'Хонины шарсан хавирга', 1, '[{\"added\": {}}]', 28, 1),
(114, '2021-05-29 08:52:39.535576', '77', 'Үхрийн шарсан хавирга', 1, '[{\"added\": {}}]', 28, 1),
(115, '2021-05-29 08:53:03.364939', '78', 'Tbone ётэйк', 1, '[{\"added\": {}}]', 28, 1),
(116, '2021-05-29 08:53:35.443774', '79', 'Шарсан төмс', 1, '[{\"added\": {}}]', 28, 1),
(117, '2021-05-29 08:53:46.999435', '80', 'Будаа', 1, '[{\"added\": {}}]', 28, 1),
(118, '2021-05-29 08:54:39.394432', '81', 'Bonaqua 0.5', 1, '[{\"added\": {}}]', 28, 1),
(119, '2021-05-29 08:55:03.995839', '82', 'SanBenedetto still 0.5', 1, '[{\"added\": {}}]', 28, 1),
(120, '2021-05-29 08:56:10.476641', '83', 'SanBenedetto sparkling 0.5', 1, '[{\"added\": {}}]', 28, 1),
(121, '2021-05-29 08:56:40.852379', '84', 'Coca cola', 1, '[{\"added\": {}}]', 28, 1),
(122, '2021-05-29 08:56:59.061420', '85', 'Fanta', 1, '[{\"added\": {}}]', 28, 1),
(123, '2021-05-29 08:57:09.078993', '86', 'Sprite', 1, '[{\"added\": {}}]', 28, 1),
(124, '2021-05-29 08:57:21.428700', '87', 'Soda', 1, '[{\"added\": {}}]', 28, 1),
(125, '2021-05-29 08:57:34.467445', '88', '+C', 1, '[{\"added\": {}}]', 28, 1),
(126, '2021-05-29 08:58:26.607428', '89', 'Juice 250ml', 1, '[{\"added\": {}}]', 28, 1),
(127, '2021-05-29 08:58:46.296554', '90', 'Lipton tea', 1, '[{\"added\": {}}]', 28, 1),
(128, '2021-05-29 08:59:03.076513', '91', 'Green tea', 1, '[{\"added\": {}}]', 28, 1),
(129, '2021-05-29 08:59:25.336787', '92', 'Kiwi & Apple iced tea', 1, '[{\"added\": {}}]', 28, 1),
(130, '2021-05-29 08:59:50.454223', '93', 'Strawberry & Orange iced tea', 1, '[{\"added\": {}}]', 28, 1),
(131, '2021-05-29 09:00:11.234412', '94', 'Blue berry & Watermelon iced tea', 1, '[{\"added\": {}}]', 28, 1),
(132, '2021-05-29 09:00:53.151809', '95', 'Power', 1, '[{\"added\": {}}]', 28, 1),
(133, '2021-05-29 09:01:32.097037', '96', 'Avatar', 1, '[{\"added\": {}}]', 28, 1),
(134, '2021-05-29 09:02:07.658071', '97', 'Passion fruit', 1, '[{\"added\": {}}]', 28, 1),
(135, '2021-05-29 09:02:26.278136', '98', 'Chocolate & Coffee shake', 1, '[{\"added\": {}}]', 28, 1),
(136, '2021-05-29 09:02:53.275680', '99', 'Strawberry & Honey shake', 1, '[{\"added\": {}}]', 28, 1),
(137, '2021-05-29 09:03:09.863629', '100', 'Vanilla & Oreo shake', 1, '[{\"added\": {}}]', 28, 1),
(138, '2021-05-29 09:03:37.463207', '101', 'Sengur', 1, '[{\"added\": {}}]', 28, 1),
(139, '2021-05-29 09:08:06.736609', '101', 'Sengur', 2, '[{\"changed\": {\"fields\": [\"Image\"]}}]', 28, 1),
(140, '2021-05-29 09:09:43.358135', '102', 'Kaltenberg 0.5', 1, '[{\"added\": {}}]', 28, 1),
(141, '2021-05-29 09:11:51.454462', '103', 'Heineken 0.5', 1, '[{\"added\": {}}]', 28, 1),
(142, '2021-05-29 09:15:34.269206', '104', 'Miller 0.5', 1, '[{\"added\": {}}]', 28, 1),
(143, '2021-05-29 09:17:01.134175', '105', 'Сибирская корона 0.5', 1, '[{\"added\": {}}]', 28, 1),
(144, '2021-05-29 09:19:30.579723', '106', 'Harbin ice 0.5', 1, '[{\"added\": {}}]', 28, 1),
(145, '2021-05-29 09:24:19.137227', '107', 'Guinness 0.5', 1, '[{\"added\": {}}]', 28, 1),
(146, '2021-05-29 09:25:09.494107', '108', 'Eden 0.7', 1, '[{\"added\": {}}]', 28, 1),
(147, '2021-05-29 09:25:57.339844', '109', 'Eden 50ml', 1, '[{\"added\": {}}]', 28, 1),
(148, '2021-05-29 09:26:40.186295', '110', 'Velvet 0.7', 1, '[{\"added\": {}}]', 28, 1),
(149, '2021-05-29 09:27:05.422738', '111', 'Velvet 50ml', 1, '[{\"added\": {}}]', 28, 1),
(150, '2021-05-29 09:28:10.279448', '112', 'Evok 700ml', 1, '[{\"added\": {}}]', 28, 1),
(151, '2021-05-29 09:28:27.598438', '113', 'Evok 50ml', 1, '[{\"added\": {}}]', 28, 1),
(152, '2021-05-29 09:29:21.199504', '114', 'Smirnoff red 700ml', 1, '[{\"added\": {}}]', 28, 1),
(153, '2021-05-29 09:29:52.326284', '115', 'Smirnoff red 50ml', 1, '[{\"added\": {}}]', 28, 1),
(154, '2021-05-29 09:30:42.409149', '116', 'Finlandia 700ml', 1, '[{\"added\": {}}]', 28, 1),
(155, '2021-05-29 09:31:03.492355', '117', 'Finlandia 50ml', 1, '[{\"added\": {}}]', 28, 1),
(156, '2021-05-29 09:31:55.681340', '118', 'Beluga 700ml', 1, '[{\"added\": {}}]', 28, 1),
(157, '2021-05-29 09:32:13.654368', '119', 'Beluga 50ml', 1, '[{\"added\": {}}]', 28, 1),
(158, '2021-05-29 09:33:05.629341', '120', 'Belvedere 700ml', 1, '[{\"added\": {}}]', 28, 1),
(159, '2021-05-29 09:33:22.779322', '121', 'Belvedere 50ml', 1, '[{\"added\": {}}]', 28, 1),
(160, '2021-05-29 09:34:12.947191', '122', 'Ciroc 700ml', 1, '[{\"added\": {}}]', 28, 1),
(161, '2021-05-29 09:34:29.303127', '123', 'Ciroc 50ml', 1, '[{\"added\": {}}]', 28, 1),
(162, '2021-05-29 09:35:21.354104', '124', 'Hennessy V.S 700ml', 1, '[{\"added\": {}}]', 28, 1),
(163, '2021-05-29 09:35:39.325132', '125', 'Hennessy V.S 50ml', 1, '[{\"added\": {}}]', 28, 1),
(164, '2021-05-29 09:37:42.721190', '126', 'Hennessy V.S.O.P 700ml', 1, '[{\"added\": {}}]', 28, 1),
(165, '2021-05-29 09:38:01.903287', '127', 'Hennessy V.S.O.P 50ml', 1, '[{\"added\": {}}]', 28, 1),
(166, '2021-05-29 09:38:42.343600', '128', 'Hennessy X.O 700ml', 1, '[{\"added\": {}}]', 28, 1),
(167, '2021-05-29 09:40:11.297688', '129', 'Wild Turkey 700ml', 1, '[{\"added\": {}}]', 28, 1),
(168, '2021-05-29 09:40:48.867836', '130', 'Wild Turkey 50ml', 1, '[{\"added\": {}}]', 28, 1),
(169, '2021-05-29 09:42:02.425044', '131', 'Jameson 700ml', 1, '[{\"added\": {}}]', 28, 1),
(170, '2021-05-29 09:42:25.334354', '132', 'Jameson 50ml', 1, '[{\"added\": {}}]', 28, 1),
(171, '2021-05-29 09:44:53.494828', '133', 'Jack Daniel\'s  700ml', 1, '[{\"added\": {}}]', 28, 1),
(172, '2021-05-29 09:45:10.451798', '134', 'Jack Daniel\'s  50ml', 1, '[{\"added\": {}}]', 28, 1),
(173, '2021-05-29 09:46:07.028034', '135', 'Jack Daniel\'s Honey 700ml', 1, '[{\"added\": {}}]', 28, 1),
(174, '2021-05-29 09:46:29.100297', '136', 'Jack Daniel\'s Honey 50ml', 1, '[{\"added\": {}}]', 28, 1),
(175, '2021-05-29 09:47:15.143930', '137', 'Jack Daniel\'s Fire 700ml', 1, '[{\"added\": {}}]', 28, 1),
(176, '2021-05-29 09:47:39.120302', '138', 'Jack Daniel\'s Fire 50ml', 1, '[{\"added\": {}}]', 28, 1),
(177, '2021-05-29 09:48:35.933551', '139', 'Jack Single barrel 700ml', 1, '[{\"added\": {}}]', 28, 1),
(178, '2021-05-29 09:49:05.319232', '140', 'Jack Single barrel 50ml', 1, '[{\"added\": {}}]', 28, 1),
(179, '2021-05-29 09:49:58.490273', '141', 'Glenmorangie Orignal 700ml', 1, '[{\"added\": {}}]', 28, 1),
(180, '2021-05-29 09:50:18.768433', '142', 'Glenmorangie Orignal 50ml', 1, '[{\"added\": {}}]', 28, 1),
(181, '2021-05-29 09:50:40.616683', '142', 'Glenmorangie Orignal 50ml', 2, '[{\"changed\": {\"fields\": [\"Categories\"]}}]', 28, 1),
(182, '2021-05-29 09:51:17.662802', '36', 'Scotch & Canadian whiskey', 1, '[{\"added\": {}}]', 27, 1),
(183, '2021-05-29 09:52:10.583828', '143', 'Ballantine\'s Finest 700ml', 1, '[{\"added\": {}}]', 28, 1),
(184, '2021-05-29 09:52:27.456793', '144', 'Ballantine\'s Finest 50ml', 1, '[{\"added\": {}}]', 28, 1),
(185, '2021-05-29 09:53:03.339846', '145', 'Crown Royal 700ml', 1, '[{\"added\": {}}]', 28, 1),
(186, '2021-05-29 09:53:18.685724', '146', 'Crown Royal 50ml', 1, '[{\"added\": {}}]', 28, 1),
(187, '2021-05-29 09:54:11.335735', '147', 'Chivas regal 12yo 700ml', 1, '[{\"added\": {}}]', 28, 1),
(188, '2021-05-29 09:54:33.210986', '148', 'Chivas regal 12yo 50ml', 1, '[{\"added\": {}}]', 28, 1),
(189, '2021-05-29 09:55:34.558495', '149', 'Johnnie Walker Red 700ml', 1, '[{\"added\": {}}]', 28, 1),
(190, '2021-05-29 09:55:51.619471', '150', 'Johnnie Walker Red 50ml', 1, '[{\"added\": {}}]', 28, 1),
(191, '2021-05-29 09:56:43.948464', '151', 'Johnnie Walker Blue 700ml', 1, '[{\"added\": {}}]', 28, 1),
(192, '2021-05-29 09:57:06.204737', '37', 'Rum', 1, '[{\"added\": {}}]', 27, 1),
(193, '2021-05-29 09:58:05.698140', '152', 'Bacardi Superior 1000ml', 1, '[{\"added\": {}}]', 28, 1),
(194, '2021-05-29 09:58:25.534274', '153', 'Bacardi Superior 50ml', 1, '[{\"added\": {}}]', 28, 1),
(195, '2021-05-29 09:59:55.945446', '154', 'Captain Morgan spiced gold 1000ml', 1, '[{\"added\": {}}]', 28, 1),
(196, '2021-05-29 10:00:12.335383', '155', 'Captain Morgan spiced gold 50ml', 1, '[{\"added\": {}}]', 28, 1),
(197, '2021-05-29 10:01:09.810670', '156', 'Captain Morgan dark 1000ml', 1, '[{\"added\": {}}]', 28, 1),
(198, '2021-05-29 10:01:25.514569', '157', 'Captain Morgan dark 50ml', 1, '[{\"added\": {}}]', 28, 1),
(199, '2021-05-29 10:04:05.866740', '158', 'Sierra Silver 700ml', 1, '[{\"added\": {}}]', 28, 1),
(200, '2021-05-29 10:04:27.959004', '159', 'Sierra Silver 50ml', 1, '[{\"added\": {}}]', 28, 1),
(201, '2021-05-29 10:05:11.015467', '160', 'Silver Gold 700ml', 1, '[{\"added\": {}}]', 28, 1),
(202, '2021-05-29 10:05:24.684248', '161', 'Silver Gold 50ml', 1, '[{\"added\": {}}]', 28, 1),
(203, '2021-05-29 10:06:10.762884', '162', 'Pepe Lopez Gold 700ml', 1, '[{\"added\": {}}]', 28, 1),
(204, '2021-05-29 10:06:26.385777', '163', 'Pepe Lopez Gold 50ml', 1, '[{\"added\": {}}]', 28, 1),
(205, '2021-05-29 10:07:21.458927', '164', 'Kahlua 700ml', 1, '[{\"added\": {}}]', 28, 1),
(206, '2021-05-29 10:07:39.252945', '165', 'Kahlua 700ml', 1, '[{\"added\": {}}]', 28, 1),
(207, '2021-05-29 10:07:48.675484', '165', 'Kahlua 50ml', 2, '[{\"changed\": {\"fields\": [\"Name\"]}}]', 28, 1),
(208, '2021-05-29 10:08:34.629113', '166', 'Bailey\'s 700ml', 1, '[{\"added\": {}}]', 28, 1),
(209, '2021-05-29 10:08:53.610198', '167', 'Bailey\'s 50ml', 1, '[{\"added\": {}}]', 28, 1),
(210, '2021-05-29 10:09:50.655461', '168', 'Jagermeister 700ml', 1, '[{\"added\": {}}]', 28, 1),
(211, '2021-05-29 10:10:16.360931', '169', 'Jagermeister 50ml', 1, '[{\"added\": {}}]', 28, 1),
(212, '2021-05-29 10:11:43.247901', '170', 'Sambuca 1000ml', 1, '[{\"added\": {}}]', 28, 1),
(213, '2021-05-29 10:11:59.921855', '171', 'Sambuca 50ml', 1, '[{\"added\": {}}]', 28, 1),
(214, '2021-05-29 10:12:36.630954', '172', 'AbsenthXenta 700ml', 1, '[{\"added\": {}}]', 28, 1),
(215, '2021-05-29 10:12:55.446030', '173', 'AbsenthXenta 50ml', 1, '[{\"added\": {}}]', 28, 1),
(216, '2021-05-29 10:13:49.743136', '174', 'Gordon\'s 700ml', 1, '[{\"added\": {}}]', 28, 1),
(217, '2021-05-29 10:14:07.670161', '175', 'Gordon\'s 50ml', 1, '[{\"added\": {}}]', 28, 1),
(218, '2021-05-29 10:14:55.532899', '176', 'Campari 700ml', 1, '[{\"added\": {}}]', 28, 1),
(219, '2021-05-29 10:15:17.234140', '177', 'Campari 50ml', 1, '[{\"added\": {}}]', 28, 1),
(220, '2021-05-29 10:16:08.617079', '178', 'Aperol 700ml', 1, '[{\"added\": {}}]', 28, 1),
(221, '2021-05-29 10:16:26.631110', '179', 'Aperol 50ml', 1, '[{\"added\": {}}]', 28, 1),
(222, '2021-05-29 10:17:55.556196', '180', 'Martini 1000ml', 1, '[{\"added\": {}}]', 28, 1),
(223, '2021-05-29 10:18:17.264437', '181', 'Martini 50ml', 1, '[{\"added\": {}}]', 28, 1),
(224, '2021-05-29 10:22:01.995291', '182', 'Moet&Chandon rose', 1, '[{\"added\": {}}]', 28, 1),
(225, '2021-05-29 10:24:23.054359', '183', 'Altos del Plata', 1, '[{\"added\": {}}]', 28, 1),
(226, '2021-05-29 10:26:01.605996', '184', 'Domaine La Baume', 1, '[{\"added\": {}}]', 28, 1),
(227, '2021-05-29 10:27:48.204093', '183', 'Altos del Plata', 2, '[{\"changed\": {\"fields\": [\"Image\"]}}]', 28, 1),
(228, '2021-05-29 10:28:16.104689', '184', 'Domaine La Baume', 2, '[]', 28, 1),
(229, '2021-05-29 10:30:33.142527', '185', 'Domaine Le Baume', 1, '[{\"added\": {}}]', 28, 1),
(230, '2021-05-29 10:32:09.606045', '186', 'Altos del Plata', 1, '[{\"added\": {}}]', 28, 1),
(231, '2021-05-29 10:32:17.307485', '186', 'Altos del Plata', 2, '[]', 28, 1),
(232, '2021-05-29 10:34:03.407554', '187', 'Domaine La Baume', 1, '[{\"added\": {}}]', 28, 1),
(233, '2021-05-29 10:34:58.174686', '186', 'Altos del Plata Red', 2, '[{\"changed\": {\"fields\": [\"Name\"]}}]', 28, 1),
(234, '2021-05-29 10:35:58.754151', '188', 'Altos del Plata Red', 1, '[{\"added\": {}}]', 28, 1),
(235, '2021-05-29 10:36:22.271496', '188', 'Altos del Plata Red 125ml', 2, '[{\"changed\": {\"fields\": [\"Name\"]}}]', 28, 1),
(236, '2021-05-29 10:37:05.168950', '187', 'Domaine La Baume', 2, '[]', 28, 1),
(237, '2021-05-29 10:37:40.232955', '189', 'Domaine La Baume 125ml', 1, '[{\"added\": {}}]', 28, 1),
(238, '2021-05-29 10:41:53.696453', '190', 'Louis Eschenauer BORDEAUX', 1, '[{\"added\": {}}]', 28, 1),
(239, '2021-05-29 11:41:22.675587', '78', 'Tbone steak', 2, '[{\"changed\": {\"fields\": [\"Name\"]}}]', 28, 1),
(240, '2021-05-29 11:51:10.904231', '191', 'Rib eye steak', 1, '[{\"added\": {}}]', 28, 1),
(241, '2021-05-29 11:53:44.071992', '192', 'Chicken breast', 1, '[{\"added\": {}}]', 28, 1),
(242, '2021-05-29 11:54:20.918100', '78', 'Tbone steak', 2, '[{\"changed\": {\"fields\": [\"Cost\"]}}]', 28, 1),
(243, '2021-05-29 11:55:43.760838', '102', 'Kaltenberg 500ml', 2, '[{\"changed\": {\"fields\": [\"Name\"]}}]', 28, 1),
(244, '2021-05-29 11:55:51.887303', '107', 'Guinness 500ml', 2, '[{\"changed\": {\"fields\": [\"Name\"]}}]', 28, 1),
(245, '2021-05-29 11:55:59.620745', '106', 'Harbin ice 500ml', 2, '[{\"changed\": {\"fields\": [\"Name\"]}}]', 28, 1),
(246, '2021-05-29 11:56:06.919162', '105', 'Сибирская корона 500ml', 2, '[{\"changed\": {\"fields\": [\"Name\"]}}]', 28, 1),
(247, '2021-05-29 11:56:17.143747', '104', 'Miller 500ml', 2, '[{\"changed\": {\"fields\": [\"Name\"]}}]', 28, 1),
(248, '2021-05-29 11:56:25.766240', '103', 'Heineken 500ml', 2, '[{\"changed\": {\"fields\": [\"Name\"]}}]', 28, 1),
(249, '2021-05-29 11:56:37.404906', '110', 'Velvet 700ml', 2, '[{\"changed\": {\"fields\": [\"Name\"]}}]', 28, 1),
(250, '2021-05-29 11:56:47.349475', '108', 'Eden 700ml', 2, '[{\"changed\": {\"fields\": [\"Name\"]}}]', 28, 1),
(251, '2021-05-29 11:57:20.742385', '83', 'SanBenedetto sparkling 500ml', 2, '[{\"changed\": {\"fields\": [\"Name\"]}}]', 28, 1),
(252, '2021-05-29 11:57:41.236557', '82', 'SanBenedetto still 500ml', 2, '[{\"changed\": {\"fields\": [\"Name\"]}}]', 28, 1),
(253, '2021-05-29 11:57:48.301961', '81', 'Bonaqua 500ml', 2, '[{\"changed\": {\"fields\": [\"Name\"]}}]', 28, 1),
(254, '2021-05-29 12:00:31.573300', '56', 'Грек салат', 3, '', 28, 1),
(255, '2021-05-29 12:00:55.643677', '82', 'SanBenedetto still 500ml', 2, '[{\"changed\": {\"fields\": [\"Cost\"]}}]', 28, 1),
(256, '2021-05-29 12:01:00.908978', '83', 'SanBenedetto sparkling 500ml', 2, '[{\"changed\": {\"fields\": [\"Cost\"]}}]', 28, 1),
(257, '2021-05-29 12:01:34.089876', '101', 'Sengur', 2, '[{\"changed\": {\"fields\": [\"Cost\"]}}]', 28, 1),
(258, '2021-05-29 12:02:05.935697', '183', 'Altos del Plata', 2, '[{\"changed\": {\"fields\": [\"Cost\"]}}]', 28, 1),
(259, '2021-05-29 12:02:10.304947', '186', 'Altos del Plata Red', 2, '[{\"changed\": {\"fields\": [\"Cost\"]}}]', 28, 1),
(260, '2021-05-29 12:16:24.118782', '71', 'Tesoro нэрийн стэйк', 2, '[{\"changed\": {\"fields\": [\"Image\"]}}]', 28, 1),
(261, '2021-05-29 12:17:35.520866', '34', 'Маханд дурлагсад цуглуулга 4-5', 2, '[{\"changed\": {\"fields\": [\"Image\"]}}]', 28, 1),
(262, '2021-05-29 12:38:15.702801', '85', 'Fanta Orange', 2, '[{\"changed\": {\"fields\": [\"Name\"]}}]', 28, 1),
(263, '2021-05-29 12:39:35.382358', '193', 'Fanta grape', 1, '[{\"added\": {}}]', 28, 1),
(264, '2021-05-29 12:41:08.388678', '85', 'Fanta Orange', 2, '[{\"changed\": {\"fields\": [\"Image\"]}}]', 28, 1),
(265, '2021-05-29 12:41:26.129692', '84', 'Coca cola', 2, '[{\"changed\": {\"fields\": [\"Image\"]}}]', 28, 1),
(266, '2021-05-29 12:42:07.458056', '86', 'Sprite', 2, '[{\"changed\": {\"fields\": [\"Image\"]}}]', 28, 1),
(267, '2021-05-29 12:42:57.255905', '88', '+C', 2, '[{\"changed\": {\"fields\": [\"Image\"]}}]', 28, 1),
(268, '2021-05-29 12:44:45.791112', '87', 'Soda', 2, '[{\"changed\": {\"fields\": [\"Image\"]}}]', 28, 1),
(269, '2021-05-29 12:45:51.529872', '81', 'Bonaqua 500ml', 2, '[{\"changed\": {\"fields\": [\"Image\"]}}]', 28, 1),
(270, '2021-05-29 12:48:42.110629', '83', 'SanBenedetto sparkling 500ml', 2, '[{\"changed\": {\"fields\": [\"Image\"]}}]', 28, 1),
(271, '2021-05-29 12:49:30.794414', '82', 'SanBenedetto still 500ml', 2, '[{\"changed\": {\"fields\": [\"Image\"]}}]', 28, 1),
(272, '2021-05-29 12:54:15.074674', '81', 'Bonaqua 500ml', 2, '[{\"changed\": {\"fields\": [\"Image\"]}}]', 28, 1),
(273, '2021-05-30 14:11:43.658355', '14', 'Item_transfer object (14)', 3, '', 30, 1),
(274, '2021-05-30 14:11:43.716358', '13', 'Item_transfer object (13)', 3, '', 30, 1),
(275, '2021-05-30 14:11:43.757360', '12', 'Item_transfer object (12)', 3, '', 30, 1),
(276, '2021-05-30 14:11:43.800363', '11', 'Item_transfer object (11)', 3, '', 30, 1),
(277, '2021-05-30 14:11:43.841365', '10', 'Item_transfer object (10)', 3, '', 30, 1),
(278, '2021-05-30 14:11:43.883368', '9', 'Item_transfer object (9)', 3, '', 30, 1),
(279, '2021-05-30 14:11:43.918370', '8', 'Item_transfer object (8)', 3, '', 30, 1),
(280, '2021-05-30 14:11:43.979373', '7', 'Item_transfer object (7)', 3, '', 30, 1),
(281, '2021-05-30 14:11:44.026376', '6', 'Item_transfer object (6)', 3, '', 30, 1),
(282, '2021-05-30 14:11:44.066378', '5', 'Item_transfer object (5)', 3, '', 30, 1),
(283, '2021-05-30 14:34:43.695288', '6', 'Wallet object (6)', 1, '[{\"added\": {}}]', 13, 1),
(284, '2021-05-30 14:55:31.590664', '194', 'Hennessy V.S 350ml', 1, '[{\"added\": {}}]', 28, 1),
(285, '2021-05-30 15:20:57.278928', '195', 'JB Rare 750ml', 1, '[{\"added\": {}}]', 28, 1),
(286, '2021-05-30 15:32:38.523037', '187', 'Domaine La Baume Cabernet Sauvignon', 2, '[{\"changed\": {\"fields\": [\"Name\"]}}]', 28, 1),
(287, '2021-05-30 15:33:38.710480', '184', 'Domaine La Baume White', 2, '[{\"changed\": {\"fields\": [\"Name\"]}}]', 28, 1),
(288, '2021-05-30 15:45:12.483161', '2', 'tsaska', 2, '[{\"changed\": {\"fields\": [\"password\"]}}]', 4, 1),
(289, '2021-05-30 15:47:29.554001', '5', 'tuul', 1, '[{\"added\": {}}]', 4, 1),
(290, '2021-05-30 15:47:50.456197', '5', 'tuul', 2, '[{\"changed\": {\"fields\": [\"First name\", \"Last name\", \"Groups\"]}}]', 4, 1),
(291, '2021-05-31 04:52:09.514913', '5', 'tuul', 2, '[{\"changed\": {\"fields\": [\"password\"]}}]', 4, 1),
(292, '2021-05-31 04:52:34.378940', '5', 'tuul', 2, '[{\"changed\": {\"fields\": [\"password\"]}}]', 4, 1),
(293, '2021-06-26 02:53:57.803969', '1', 'ш', 1, '[{\"added\": {}}]', 26, 1),
(294, '2021-06-26 02:54:48.347334', '2', 'гр', 1, '[{\"added\": {}}]', 26, 1),
(295, '2021-06-30 12:09:23.693639', '2', 'Money_transfer_type object (2)', 1, '[{\"added\": {}}]', 14, 1),
(296, '2021-07-03 01:41:12.273388', '1', 'Alcohol gramm', 1, '[{\"added\": {}}]', 33, 1),
(297, '2021-07-03 01:43:00.154981', '2', 'Eden 1000ml', 1, '[{\"added\": {}}]', 33, 1),
(298, '2021-07-03 01:44:30.364003', '3', 'Velvet 1000ml', 1, '[{\"added\": {}}]', 33, 1),
(299, '2021-07-03 01:46:24.293487', '4', 'Smirnoff red 1000ml', 1, '[{\"added\": {}}]', 33, 1),
(300, '2021-07-03 01:46:51.682209', '5', 'Finlandia 1000ml', 1, '[{\"added\": {}}]', 33, 1),
(301, '2021-07-03 01:51:16.500108', '5', 'Finlandia 1000ml', 3, '', 33, 1),
(302, '2021-07-03 01:51:16.502128', '4', 'Smirnoff red 1000ml', 3, '', 33, 1),
(303, '2021-07-03 01:51:16.503314', '3', 'Velvet 1000ml', 3, '', 33, 1),
(304, '2021-07-03 01:51:16.504313', '2', 'Eden 1000ml', 3, '', 33, 1),
(305, '2021-07-03 01:53:44.975830', '1', 'Eden 1000ml', 1, '[{\"added\": {}}]', 23, 1),
(306, '2021-07-03 01:54:04.310114', '2', 'Velvet 1000ml', 1, '[{\"added\": {}}]', 23, 1),
(307, '2021-07-03 01:54:33.871423', '3', 'Evok 750ml', 1, '[{\"added\": {}}]', 23, 1),
(308, '2021-07-03 01:55:04.265130', '4', 'Smirnoff red 1000ml', 1, '[{\"added\": {}}]', 23, 1),
(309, '2021-07-03 01:55:22.174628', '5', 'Finlandia 1000ml', 1, '[{\"added\": {}}]', 23, 1),
(310, '2021-07-03 01:56:18.319307', '6', 'Beluga 1000ml', 1, '[{\"added\": {}}]', 23, 1),
(311, '2021-07-03 01:57:22.213676', '7', 'Belvedere 700ml', 1, '[{\"added\": {}}]', 23, 1),
(312, '2021-07-03 01:58:07.068137', '8', 'Ciroc 700ml', 1, '[{\"added\": {}}]', 23, 1),
(313, '2021-07-03 01:59:01.532608', '9', 'Hennessy V.S 700ml', 1, '[{\"added\": {}}]', 23, 1),
(314, '2021-07-03 01:59:32.618361', '10', 'Hennessy V.S.O.P 700ml', 1, '[{\"added\": {}}]', 23, 1),
(315, '2021-07-03 02:00:15.801121', '11', 'Wild Turkey 1000ml', 1, '[{\"added\": {}}]', 23, 1),
(316, '2021-07-03 02:01:44.747915', '12', 'Jameson 1000ml', 1, '[{\"added\": {}}]', 23, 1),
(317, '2021-07-03 02:02:24.072561', '13', 'Jack Daniel\'s 1000ml', 1, '[{\"added\": {}}]', 23, 1),
(318, '2021-07-03 02:03:26.457700', '14', 'Jack Daniel\'s Honey 700ml', 1, '[{\"added\": {}}]', 23, 1),
(319, '2021-07-03 02:03:38.436389', '8', 'Ciroc 750ml', 2, '[{\"changed\": {\"fields\": [\"Name\", \"Description\", \"Unit size\"]}}]', 23, 1),
(320, '2021-07-03 02:04:34.306536', '15', 'Jack Daniel\'s Fire 750ml', 1, '[{\"added\": {}}]', 23, 1),
(321, '2021-07-03 02:05:19.392594', '140', 'Jack Single barrel 50ml', 3, '', 28, 1),
(322, '2021-07-03 02:06:15.101997', '16', 'Glenmorangie Original 700ml', 1, '[{\"added\": {}}]', 23, 1),
(323, '2021-07-03 02:06:58.122821', '17', 'Ballantine\'s Finest 1000ml', 1, '[{\"added\": {}}]', 23, 1),
(324, '2021-07-03 02:08:03.852817', '146', 'Crown Royal 50ml', 3, '', 28, 1),
(325, '2021-07-03 02:09:15.066568', '148', 'Chivas regal 12yo 50ml', 3, '', 28, 1),
(326, '2021-07-03 02:09:51.225902', '18', 'Johnnie Walker Red 1000ml', 1, '[{\"added\": {}}]', 23, 1),
(327, '2021-07-03 02:11:07.187669', '19', 'Bacardi Superior 1000ml', 1, '[{\"added\": {}}]', 23, 1),
(328, '2021-07-03 02:13:04.419458', '20', 'Captain Morgan Spiced Gold 1000ml', 1, '[{\"added\": {}}]', 23, 1),
(329, '2021-07-03 02:13:24.789671', '157', 'Captain Morgan dark 50ml', 3, '', 28, 1),
(330, '2021-07-03 02:13:24.791692', '156', 'Captain Morgan dark 1000ml', 3, '', 28, 1),
(331, '2021-07-03 02:14:42.960842', '21', 'Sierra Silver 1000ml', 1, '[{\"added\": {}}]', 23, 1),
(332, '2021-07-03 02:14:59.743308', '22', 'Sierra Gold 1000ml', 1, '[{\"added\": {}}]', 23, 1),
(333, '2021-07-03 02:16:06.700086', '21', 'Sierra Silver 700ml', 2, '[{\"changed\": {\"fields\": [\"Name\", \"Description\"]}}]', 23, 1),
(334, '2021-07-03 02:16:15.370182', '22', 'Sierra Gold 700ml', 2, '[{\"changed\": {\"fields\": [\"Name\", \"Description\"]}}]', 23, 1),
(335, '2021-07-03 02:17:24.383377', '23', 'Pepe Lopez Gold 1000ml', 1, '[{\"added\": {}}]', 23, 1),
(336, '2021-07-03 02:18:16.814029', '24', 'Kahlua 700ml', 1, '[{\"added\": {}}]', 23, 1),
(337, '2021-07-03 02:18:49.972789', '25', 'Bailey\'s 1000ml', 1, '[{\"added\": {}}]', 23, 1),
(338, '2021-07-03 02:19:41.589748', '26', 'Jagermaister 1000ml', 1, '[{\"added\": {}}]', 23, 1),
(339, '2021-07-03 02:22:53.503595', '27', 'Sambuca 1000ml', 1, '[{\"added\": {}}]', 23, 1),
(340, '2021-07-03 02:23:45.062972', '28', 'AbsenthXenta 1000ml', 1, '[{\"added\": {}}]', 23, 1),
(341, '2021-07-03 02:24:35.629159', '29', 'Gordon\'s 1000ml', 1, '[{\"added\": {}}]', 23, 1),
(342, '2021-07-03 02:26:22.477285', '30', 'Campari 700ml', 1, '[{\"added\": {}}]', 23, 1),
(343, '2021-07-03 02:26:53.149873', '31', 'Aperol 700ml', 1, '[{\"added\": {}}]', 23, 1),
(344, '2021-07-03 02:29:35.117953', '32', 'Martini Bianco 1000ml', 1, '[{\"added\": {}}]', 23, 1),
(345, '2021-07-03 02:31:09.733725', '33', 'Martini Rosso 1000ml', 1, '[{\"added\": {}}]', 23, 1),
(346, '2021-07-03 02:32:29.020277', '34', 'Martini Extra Dry 1000ml', 1, '[{\"added\": {}}]', 23, 1),
(347, '2021-07-03 02:34:05.822324', '180', 'Martini Bianco 1000ml', 2, '[{\"changed\": {\"fields\": [\"Name\", \"Description\", \"Image\", \"Whole item\", \"Gramm\"]}}]', 28, 1),
(348, '2021-07-03 02:38:00.593391', '196', 'Martini Rosso 1000ml', 1, '[{\"added\": {}}]', 28, 1),
(349, '2021-07-03 02:38:58.412030', '197', 'Martini Extra Dry 1000ml', 1, '[{\"added\": {}}]', 28, 1),
(350, '2021-07-03 04:22:09.979206', '35', 'Altos del Plata Red 750ml', 1, '[{\"added\": {}}]', 23, 1),
(351, '2021-07-03 04:22:50.494586', '36', 'Domaine La Baume 125ml', 1, '[{\"added\": {}}]', 23, 1),
(352, '2021-07-03 04:25:45.123970', '1', 'Eden 1000ml ---> Eden 50ml : size = 50', 1, '[{\"added\": {}}]', 24, 1),
(353, '2021-07-03 04:26:11.838844', '2', 'Velvet 1000ml ---> Velvet 50ml : size = 50', 1, '[{\"added\": {}}]', 24, 1),
(354, '2021-07-03 04:26:28.640374', '3', 'Evok 750ml ---> Evok 50ml : size = 50', 1, '[{\"added\": {}}]', 24, 1),
(355, '2021-07-03 04:27:03.165724', '4', 'Smirnoff red 1000ml ---> Smirnoff red 50ml : size = 50', 1, '[{\"added\": {}}]', 24, 1),
(356, '2021-07-03 04:27:20.187620', '5', 'Finlandia 1000ml ---> Finlandia 50ml : size = 50', 1, '[{\"added\": {}}]', 24, 1),
(357, '2021-07-03 04:27:58.084422', '6', 'Beluga 1000ml ---> Beluga 50ml : size = 50', 1, '[{\"added\": {}}]', 24, 1),
(358, '2021-07-03 04:28:19.591590', '7', 'Belvedere 700ml ---> Belvedere 50ml : size = 50', 1, '[{\"added\": {}}]', 24, 1),
(359, '2021-07-03 04:28:32.356894', '8', 'Ciroc 750ml ---> Ciroc 50ml : size = 50', 1, '[{\"added\": {}}]', 24, 1),
(360, '2021-07-03 04:28:48.377981', '9', 'Hennessy V.S 700ml ---> Hennessy V.S 50ml : size = 50', 1, '[{\"added\": {}}]', 24, 1),
(361, '2021-07-03 04:29:10.802504', '10', 'Hennessy V.S.O.P 700ml ---> Hennessy V.S.O.P 50ml : size = 50', 1, '[{\"added\": {}}]', 24, 1),
(362, '2021-07-03 04:29:27.679439', '11', 'Wild Turkey 1000ml ---> Wild Turkey 50ml : size = 50', 1, '[{\"added\": {}}]', 24, 1),
(363, '2021-07-03 04:29:42.062693', '12', 'Jameson 1000ml ---> Jameson 50ml : size = 50', 1, '[{\"added\": {}}]', 24, 1),
(364, '2021-07-03 04:30:10.301221', '13', 'Jack Daniel\'s 1000ml ---> Jack Daniel\'s  50ml : size = 50', 1, '[{\"added\": {}}]', 24, 1),
(365, '2021-07-03 04:30:57.382336', '14', 'Jack Daniel\'s Honey 700ml ---> Jack Daniel\'s Honey 50ml : size = 50', 1, '[{\"added\": {}}]', 24, 1),
(366, '2021-07-03 04:31:20.950453', '15', 'Jack Daniel\'s Fire 750ml ---> Jack Daniel\'s Fire 50ml : size = 50', 1, '[{\"added\": {}}]', 24, 1),
(367, '2021-07-03 04:32:06.479328', '16', 'Glenmorangie Original 700ml ---> Glenmorangie Orignal 50ml : size = 50', 1, '[{\"added\": {}}]', 24, 1),
(368, '2021-07-03 04:32:30.635333', '17', 'Ballantine\'s Finest 1000ml ---> Ballantine\'s Finest 50ml : size = 50', 1, '[{\"added\": {}}]', 24, 1),
(369, '2021-07-03 04:33:05.027009', '18', 'Johnnie Walker Red 1000ml ---> Johnnie Walker Red 50ml : size = 50', 1, '[{\"added\": {}}]', 24, 1),
(370, '2021-07-03 04:34:17.871539', '19', 'Bacardi Superior 1000ml ---> Bacardi Superior 50ml : size = 50', 1, '[{\"added\": {}}]', 24, 1),
(371, '2021-07-03 04:34:40.400326', '20', 'Captain Morgan Spiced Gold 1000ml ---> Captain Morgan spiced gold 50ml : size = 50', 1, '[{\"added\": {}}]', 24, 1),
(372, '2021-07-03 04:35:28.360602', '21', 'Sierra Silver 700ml ---> Sierra Silver 50ml : size = 50', 1, '[{\"added\": {}}]', 24, 1),
(373, '2021-07-03 04:39:08.973263', '37', 'Silver Gold 700ml', 1, '[{\"added\": {}}]', 23, 1),
(374, '2021-07-03 04:39:39.810560', '22', 'Silver Gold 700ml ---> Silver Gold 50ml : size = 50', 1, '[{\"added\": {}}]', 24, 1),
(375, '2021-07-03 04:39:57.122122', '23', 'Pepe Lopez Gold 1000ml ---> Pepe Lopez Gold 50ml : size = 50', 1, '[{\"added\": {}}]', 24, 1),
(376, '2021-07-03 04:40:18.133028', '24', 'Kahlua 700ml ---> Kahlua 50ml : size = 50', 1, '[{\"added\": {}}]', 24, 1),
(377, '2021-07-03 04:40:40.192934', '25', 'Bailey\'s 1000ml ---> Bailey\'s 50ml : size = 50', 1, '[{\"added\": {}}]', 24, 1),
(378, '2021-07-03 04:41:20.788542', '26', 'Jagermaister 1000ml ---> Jagermeister 50ml : size = 50', 1, '[{\"added\": {}}]', 24, 1),
(379, '2021-07-03 04:41:51.055190', '27', 'Sambuca 1000ml ---> Sambuca 50ml : size = 50', 1, '[{\"added\": {}}]', 24, 1),
(380, '2021-07-03 04:43:09.576257', '28', 'AbsenthXenta 1000ml ---> AbsenthXenta 50ml : size = 50', 1, '[{\"added\": {}}]', 24, 1),
(381, '2021-07-03 04:43:30.296810', '29', 'Gordon\'s 1000ml ---> Gordon\'s 50ml : size = 50', 1, '[{\"added\": {}}]', 24, 1),
(382, '2021-07-03 04:44:00.947347', '30', 'Campari 700ml ---> Campari 50ml : size = 50', 1, '[{\"added\": {}}]', 24, 1),
(383, '2021-07-03 04:44:21.704112', '31', 'Aperol 700ml ---> Aperol 50ml : size = 50', 1, '[{\"added\": {}}]', 24, 1),
(384, '2021-07-03 04:44:57.004384', '32', 'Martini Bianco 1000ml ---> Martini 50ml : size = 50', 1, '[{\"added\": {}}]', 24, 1),
(385, '2021-07-03 04:47:56.426461', '33', 'Martini Rosso 1000ml ---> Martini Rosso 50ml : size = 50', 1, '[{\"added\": {}}]', 24, 1),
(386, '2021-07-03 04:48:21.124536', '34', 'Martini Extra Dry 1000ml ---> Martini Extra Dry 50ml : size = 50', 1, '[{\"added\": {}}]', 24, 1),
(387, '2021-07-03 06:48:36.482342', '90', 'Item_transfer object (90)', 1, '[{\"added\": {}}]', 30, 1),
(388, '2021-07-03 13:20:48.853714', '1', 'admin', 2, '[{\"changed\": {\"fields\": [\"Groups\"]}}]', 4, 1),
(389, '2021-07-03 13:21:10.055374', '1', 'admin', 2, '[{\"changed\": {\"fields\": [\"Groups\"]}}]', 4, 1),
(390, '2021-07-05 02:37:41.315944', '200', 'Louis Eschenauer White 750ml', 2, '[{\"changed\": {\"fields\": [\"Categories\", \"Image\", \"Gramm\"]}}]', 28, 1),
(391, '2021-07-06 07:11:58.015527', '2', 'tsaska', 2, '[{\"changed\": {\"fields\": [\"password\"]}}]', 4, 1),
(392, '2021-07-06 07:16:57.882806', '2', 'tsaska', 2, '[]', 4, 1),
(393, '2021-07-06 07:19:52.557900', '2', 'tsaska', 2, '[{\"changed\": {\"fields\": [\"User permissions\"]}}]', 4, 1),
(394, '2021-07-06 07:21:21.938578', '24', 'Kahlua 1000ml', 2, '[{\"changed\": {\"fields\": [\"Name\", \"Description\", \"Unit size\"]}}]', 23, 2),
(395, '2021-07-06 07:27:10.307037', '38', 'cointreau 1000ml', 1, '[{\"added\": {}}]', 23, 2),
(396, '2021-07-06 07:28:22.409825', '38', 'Cointreau 1000ml', 2, '[{\"changed\": {\"fields\": [\"Name\", \"Description\"]}}]', 23, 2),
(397, '2021-07-06 07:37:46.784538', '39', 'Jagermeister 1000ml', 1, '[{\"added\": {}}]', 23, 2),
(398, '2021-07-06 07:38:36.829426', '39', 'Jagermeister 1000ml', 3, '', 23, 2),
(399, '2021-07-06 07:41:12.921665', '2', 'tsaska', 2, '[{\"changed\": {\"fields\": [\"User permissions\"]}}]', 4, 1),
(400, '2021-07-06 07:52:44.135833', '2', 'tsaska', 2, '[{\"changed\": {\"fields\": [\"User permissions\"]}}]', 4, 1),
(401, '2021-07-06 07:56:33.037576', '38', 'Cocktails', 1, '[{\"added\": {}}]', 27, 2),
(402, '2021-07-06 08:00:43.248719', '201', 'Tesoro Special Long Island iced tea', 1, '[{\"added\": {}}]', 28, 2),
(403, '2021-07-06 08:01:33.014997', '202', 'Adios mother  fucker', 1, '[{\"added\": {}}]', 28, 2),
(404, '2021-07-06 08:03:28.098399', '203', 'Cuba Libra', 1, '[{\"added\": {}}]', 28, 2),
(405, '2021-07-06 08:04:16.927485', '204', 'Green summer', 1, '[{\"added\": {}}]', 28, 2),
(406, '2021-07-06 08:04:48.276942', '205', 'Tesoro Special Mojito', 1, '[{\"added\": {}}]', 28, 2),
(407, '2021-07-06 08:05:28.314211', '206', 'Kiwi mojito', 1, '[{\"added\": {}}]', 28, 2),
(408, '2021-07-06 08:08:12.254899', '207', 'Tesoro strong', 1, '[{\"added\": {}}]', 28, 2),
(409, '2021-07-06 08:08:44.283755', '208', 'Alien brain', 1, '[{\"added\": {}}]', 28, 2),
(410, '2021-07-06 08:09:14.235808', '209', 'Crazy Brain', 1, '[{\"added\": {}}]', 28, 2),
(411, '2021-07-06 08:09:55.779681', '210', 'Blow job', 1, '[{\"added\": {}}]', 28, 2),
(412, '2021-07-06 08:10:23.757931', '211', 'B-52', 1, '[{\"added\": {}}]', 28, 2),
(413, '2021-07-06 08:10:45.707170', '212', 'Negroni', 1, '[{\"added\": {}}]', 28, 2),
(414, '2021-07-06 08:11:32.928453', '213', 'Cosmopolitan', 1, '[{\"added\": {}}]', 28, 2),
(415, '2021-07-06 08:11:57.233295', '214', 'God father', 1, '[{\"added\": {}}]', 28, 2),
(416, '2021-07-06 08:12:30.025553', '215', 'Martini', 1, '[{\"added\": {}}]', 28, 2),
(417, '2021-07-06 08:12:57.762402', '216', 'Whiskey sour', 1, '[{\"added\": {}}]', 28, 2),
(418, '2021-07-06 08:13:41.208478', '217', 'Sexy monica', 1, '[{\"added\": {}}]', 28, 2),
(419, '2021-07-06 08:15:03.810623', '218', 'Sex on the beach', 1, '[{\"added\": {}}]', 28, 2),
(420, '2021-07-06 08:15:36.774481', '219', 'Pina coloda', 1, '[{\"added\": {}}]', 28, 2),
(421, '2021-07-06 08:16:06.508133', '220', 'Blue margarita', 1, '[{\"added\": {}}]', 28, 2),
(422, '2021-07-06 08:16:42.313196', '221', 'Strawberry daiquiri', 1, '[{\"added\": {}}]', 28, 2),
(423, '2021-07-06 08:17:05.432437', '222', 'Bloody mary', 1, '[{\"added\": {}}]', 28, 2),
(424, '2021-07-06 08:17:23.670067', '223', 'Red eye', 1, '[{\"added\": {}}]', 28, 2),
(425, '2021-07-06 08:18:53.886827', '35', 'Smirnoff red 1000ml ---> Tesoro Special Long Island iced tea : size = 20', 1, '[{\"added\": {}}]', 24, 2),
(426, '2021-07-06 08:19:48.408923', '36', 'Bacardi Superior 1000ml ---> Tesoro Special Long Island iced tea : size = 20', 1, '[{\"added\": {}}]', 24, 2),
(427, '2021-07-06 08:21:59.920154', '37', 'Sierra Gold 700ml ---> Tesoro Special Long Island iced tea : size = 20', 1, '[{\"added\": {}}]', 24, 2),
(428, '2021-07-06 08:22:52.024246', '38', 'Gordon\'s 1000ml ---> Tesoro Special Long Island iced tea : size = 20', 1, '[{\"added\": {}}]', 24, 2),
(429, '2021-07-06 08:26:03.176522', '2', 'tsaska', 2, '[{\"changed\": {\"fields\": [\"User permissions\"]}}]', 4, 1),
(430, '2021-07-06 08:27:10.682798', '6', 'Cocktails commodity', 1, '[{\"added\": {}}]', 33, 2),
(431, '2021-07-06 08:27:46.639389', '40', 'coca cola', 1, '[{\"added\": {}}]', 23, 2),
(432, '2021-07-06 08:28:08.780307', '41', 'sprite', 1, '[{\"added\": {}}]', 23, 2),
(433, '2021-07-06 08:29:11.878242', '39', 'coca cola ---> Tesoro Special Long Island iced tea : size = 1', 1, '[{\"added\": {}}]', 24, 2),
(434, '2021-07-06 08:29:32.044654', '40', 'Jack Daniel\'s 1000ml ---> Tesoro Special Long Island iced tea : size = 20', 1, '[{\"added\": {}}]', 24, 2),
(435, '2021-07-06 08:35:28.336795', '42', 'Lemon Juice 750ml', 1, '[{\"added\": {}}]', 23, 2),
(436, '2021-07-06 08:35:39.313202', '41', 'Sprite', 2, '[{\"changed\": {\"fields\": [\"Name\"]}}]', 23, 2),
(437, '2021-07-06 08:35:45.511556', '40', 'Coca cola', 2, '[{\"changed\": {\"fields\": [\"Name\"]}}]', 23, 2),
(438, '2021-07-06 08:36:17.064274', '41', 'Lemon Juice 750ml ---> Tesoro Special Long Island iced tea : size = 15', 1, '[{\"added\": {}}]', 24, 2),
(439, '2021-07-06 08:48:28.945184', '43', 'Triple sec Syrop 700ml', 1, '[{\"added\": {}}]', 23, 2),
(440, '2021-07-06 08:49:26.757287', '44', 'Cucumber Syrop 700ml', 1, '[{\"added\": {}}]', 23, 2),
(441, '2021-07-06 08:56:00.818979', '45', 'Cane sugar 700ml', 1, '[{\"added\": {}}]', 23, 2),
(442, '2021-07-06 08:57:14.639309', '46', 'Blue Curacao syrop 700ml', 1, '[{\"added\": {}}]', 23, 2),
(443, '2021-07-06 09:24:11.357302', '42', 'Smirnoff red 1000ml ---> Adios mother  fucker : size = 20', 1, '[{\"added\": {}}]', 24, 2),
(444, '2021-07-06 09:28:37.672813', '43', 'Bacardi Superior 1000ml ---> Adios mother  fucker : size = 20', 1, '[{\"added\": {}}]', 24, 2),
(445, '2021-07-06 09:29:44.399218', '44', 'Sierra Gold 700ml ---> Adios mother  fucker : size = 20', 1, '[{\"added\": {}}]', 24, 2),
(446, '2021-07-06 09:30:13.686716', '45', 'Gordon\'s 1000ml ---> Adios mother  fucker : size = 20', 1, '[{\"added\": {}}]', 24, 2),
(447, '2021-07-06 09:30:42.430818', '46', 'Triple sec Syrop 700ml ---> Adios mother  fucker : size = 15', 1, '[{\"added\": {}}]', 24, 2),
(448, '2021-07-06 09:31:11.083994', '47', 'Blue Curacao syrop 700ml ---> Adios mother  fucker : size = 15', 1, '[{\"added\": {}}]', 24, 2),
(449, '2021-07-06 09:31:38.560704', '48', 'Sprite ---> Adios mother  fucker : size = 1', 1, '[{\"added\": {}}]', 24, 2),
(450, '2021-07-06 09:32:31.412821', '49', 'Bacardi Superior 1000ml ---> Cuba Libra : size = 50', 1, '[{\"added\": {}}]', 24, 2),
(451, '2021-07-06 09:32:53.455963', '50', 'Cane sugar 700ml ---> Cuba Libra : size = 20', 1, '[{\"added\": {}}]', 24, 2),
(452, '2021-07-06 09:33:15.935603', '51', 'Coca cola ---> Cuba Libra : size = 20', 1, '[{\"added\": {}}]', 24, 2),
(453, '2021-07-06 09:33:35.702838', '51', 'Coca cola ---> Cuba Libra : size = 1', 2, '[{\"changed\": {\"fields\": [\"Size\", \"Size type\"]}}]', 24, 2),
(454, '2021-07-06 09:34:19.866515', '52', 'Smirnoff red 1000ml ---> Green summer : size = 50', 1, '[{\"added\": {}}]', 24, 2),
(455, '2021-07-06 09:34:50.926170', '53', 'Cucumber Syrop 700ml ---> Green summer : size = 15', 1, '[{\"added\": {}}]', 24, 2),
(456, '2021-07-06 09:35:21.112223', '54', 'Sprite ---> Green summer : size = 1', 1, '[{\"added\": {}}]', 24, 2),
(457, '2021-07-06 09:38:11.887596', '224', 'Blueberry Mojito', 1, '[{\"added\": {}}]', 28, 2),
(458, '2021-07-06 09:38:54.274870', '225', 'Sea Buckthorn Mojito', 1, '[{\"added\": {}}]', 28, 2),
(459, '2021-07-06 09:38:55.710073', '226', 'Sea Buckthorn Mojito', 1, '[{\"added\": {}}]', 28, 2),
(460, '2021-07-06 09:39:11.606501', '226', 'Sea Buckthorn Mojito', 3, '', 28, 2),
(461, '2021-07-06 10:47:08.569144', '55', 'Bacardi Superior 1000ml ---> Tesoro Special Mojito : size = 60', 1, '[{\"added\": {}}]', 24, 2),
(462, '2021-07-06 10:48:05.758844', '56', 'Lemon Juice 750ml ---> Tesoro Special Mojito : size = 15', 1, '[{\"added\": {}}]', 24, 2),
(463, '2021-07-06 10:49:14.494565', '47', 'Soda', 1, '[{\"added\": {}}]', 23, 2),
(464, '2021-07-06 10:49:37.240405', '57', 'Soda ---> Tesoro Special Mojito : size = 1', 1, '[{\"added\": {}}]', 24, 2),
(465, '2021-07-06 10:56:27.314933', '58', 'Bacardi Superior 1000ml ---> Kiwi mojito : size = 50', 1, '[{\"added\": {}}]', 24, 2),
(466, '2021-07-06 13:20:20.383005', '59', 'Lemon Juice 750ml ---> Kiwi mojito : size = 15', 1, '[{\"added\": {}}]', 24, 2),
(467, '2021-07-06 13:20:42.488244', '60', 'Soda ---> Kiwi mojito : size = 1', 1, '[{\"added\": {}}]', 24, 2),
(468, '2021-07-20 09:56:34.586068', '61', 'Bacardi Superior 1000ml ---> Blueberry Mojito : size = 60', 1, '[{\"added\": {}}]', 24, 1),
(469, '2021-07-20 09:57:10.304013', '62', 'Lemon Juice 750ml ---> Blueberry Mojito : size = 15', 1, '[{\"added\": {}}]', 24, 1),
(470, '2021-07-20 09:57:43.223772', '63', 'Soda ---> Blueberry Mojito : size = 1', 1, '[{\"added\": {}}]', 24, 1),
(471, '2021-07-20 09:58:25.014981', '64', 'Bacardi Superior 1000ml ---> Sea Buckthorn Mojito : size = 60', 1, '[{\"added\": {}}]', 24, 1),
(472, '2021-07-20 09:58:55.024001', '65', 'Lemon Juice 750ml ---> Sea Buckthorn Mojito : size = 15', 1, '[{\"added\": {}}]', 24, 1),
(473, '2021-07-20 09:59:22.081688', '66', 'Soda ---> Sea Buckthorn Mojito : size = 1', 1, '[{\"added\": {}}]', 24, 1),
(474, '2021-07-20 10:01:07.995714', '67', 'Sambuca 1000ml ---> Tesoro strong : size = 30', 1, '[{\"added\": {}}]', 24, 1),
(475, '2021-07-20 10:01:41.216529', '68', 'Bailey\'s 1000ml ---> Tesoro strong : size = 15', 1, '[{\"added\": {}}]', 24, 1),
(476, '2021-07-20 10:02:21.722884', '69', 'AbsenthXenta 1000ml ---> Tesoro strong : size = 10', 1, '[{\"added\": {}}]', 24, 1),
(477, '2021-07-20 10:03:11.888286', '70', 'Smirnoff red 1000ml ---> Alien brain : size = 30', 1, '[{\"added\": {}}]', 24, 1),
(478, '2021-07-20 10:03:39.529791', '71', 'Bailey\'s 1000ml ---> Alien brain : size = 20', 1, '[{\"added\": {}}]', 24, 1),
(479, '2021-07-20 10:04:40.625915', '72', 'Kahlua 1000ml ---> Alien brain : size = 20', 1, '[{\"added\": {}}]', 24, 1),
(480, '2021-07-20 10:05:11.875096', '73', 'Bailey\'s 1000ml ---> B-52 : size = 20', 1, '[{\"added\": {}}]', 24, 1),
(481, '2021-07-20 10:05:21.950305', '72', 'Kahlua 1000ml ---> B-52 : size = 20', 2, '[{\"changed\": {\"fields\": [\"Product\"]}}]', 24, 1),
(482, '2021-07-20 10:05:56.741481', '74', 'Cointreau 1000ml ---> B-52 : size = 20', 1, '[{\"added\": {}}]', 24, 1),
(483, '2021-07-20 10:07:04.281714', '75', 'Kahlua 1000ml ---> Blow job : size = 20', 1, '[{\"added\": {}}]', 24, 1),
(484, '2021-07-20 10:07:34.042827', '76', 'Bailey\'s 1000ml ---> Blow job : size = 20', 1, '[{\"added\": {}}]', 24, 1),
(485, '2021-07-20 10:09:46.814849', '77', 'Gordon\'s 1000ml ---> Negroni : size = 30', 1, '[{\"added\": {}}]', 24, 1),
(486, '2021-07-20 10:10:20.373778', '78', 'Campari 700ml ---> Negroni : size = 30', 1, '[{\"added\": {}}]', 24, 1),
(487, '2021-07-20 10:11:19.956996', '79', 'Martini Rosso 1000ml ---> Negroni : size = 30', 1, '[{\"added\": {}}]', 24, 1),
(488, '2021-07-20 10:11:50.520069', '80', 'Smirnoff red 1000ml ---> Cosmopolitan : size = 30', 1, '[{\"added\": {}}]', 24, 1),
(489, '2021-07-20 10:12:14.699002', '81', 'Cointreau 1000ml ---> Cosmopolitan : size = 20', 1, '[{\"added\": {}}]', 24, 1),
(490, '2021-07-20 10:12:35.361518', '82', 'Lemon Juice 750ml ---> Cosmopolitan : size = 15', 1, '[{\"added\": {}}]', 24, 1);
INSERT INTO `django_admin_log` (`id`, `action_time`, `object_id`, `object_repr`, `action_flag`, `change_message`, `content_type_id`, `user_id`) VALUES
(491, '2021-07-20 10:13:40.734912', '83', 'Jack Daniel\'s 1000ml ---> God father : size = 60', 1, '[{\"added\": {}}]', 24, 1),
(492, '2021-07-20 10:17:49.948924', '84', 'Gordon\'s 1000ml ---> Martini : size = 40', 1, '[{\"added\": {}}]', 24, 1),
(493, '2021-07-20 10:18:13.827792', '85', 'Martini Extra Dry 1000ml ---> Martini : size = 30', 1, '[{\"added\": {}}]', 24, 1),
(494, '2021-07-20 10:18:34.824215', '86', 'Lemon Juice 750ml ---> Martini : size = 15', 1, '[{\"added\": {}}]', 24, 1),
(495, '2021-07-20 10:25:21.832588', '87', 'Jack Daniel\'s 1000ml ---> Whiskey sour : size = 60', 1, '[{\"added\": {}}]', 24, 1),
(496, '2021-07-20 10:25:55.731019', '88', 'Lemon Juice 750ml ---> Whiskey sour : size = 15', 1, '[{\"added\": {}}]', 24, 1),
(497, '2021-07-20 11:11:19.001463', '89', 'Smirnoff red 1000ml ---> Sexy monica : size = 50', 1, '[{\"added\": {}}]', 24, 1),
(498, '2021-07-20 11:11:44.423557', '90', 'Lemon Juice 750ml ---> Sexy monica : size = 15', 1, '[{\"added\": {}}]', 24, 1),
(499, '2021-07-20 11:12:09.285804', '91', 'Sprite ---> Sexy monica : size = 1', 1, '[{\"added\": {}}]', 24, 1),
(500, '2021-07-20 11:41:03.850361', '92', 'Smirnoff red 1000ml ---> Sex on the beach : size = 50', 1, '[{\"added\": {}}]', 24, 1),
(501, '2021-07-20 11:42:22.471803', '93', 'Bacardi Superior 1000ml ---> Pina coloda : size = 60', 1, '[{\"added\": {}}]', 24, 1),
(502, '2021-07-20 11:46:56.028261', '94', 'Sierra Gold 700ml ---> Blue margarita : size = 60', 1, '[{\"added\": {}}]', 24, 1),
(503, '2021-07-20 11:47:20.316372', '95', 'Lemon Juice 750ml ---> Blue margarita : size = 15', 1, '[{\"added\": {}}]', 24, 1),
(504, '2021-07-20 11:48:00.007185', '96', 'Cointreau 1000ml ---> Blue margarita : size = 20', 1, '[{\"added\": {}}]', 24, 1),
(505, '2021-07-20 11:49:08.436059', '97', 'Captain Morgan Spiced Gold 1000ml ---> Strawberry daiquiri : size = 60', 1, '[{\"added\": {}}]', 24, 1),
(506, '2021-07-20 11:49:43.048733', '98', 'Lemon Juice 750ml ---> Strawberry daiquiri : size = 15', 1, '[{\"added\": {}}]', 24, 1),
(507, '2021-07-20 11:50:25.811824', '99', 'Smirnoff red 1000ml ---> Bloody mary : size = 60', 1, '[{\"added\": {}}]', 24, 1),
(508, '2021-07-20 11:50:48.581276', '100', 'Lemon Juice 750ml ---> Bloody mary : size = 15', 1, '[{\"added\": {}}]', 24, 1),
(509, '2021-07-24 11:39:02.657705', '91', 'Sprite ---> Sexy monica : size = 1', 3, '', 24, 2),
(510, '2021-07-24 11:39:02.720105', '66', 'Soda ---> Sea Buckthorn Mojito : size = 1', 3, '', 24, 2),
(511, '2021-07-24 11:39:02.751305', '63', 'Soda ---> Blueberry Mojito : size = 1', 3, '', 24, 2),
(512, '2021-07-24 11:39:02.798105', '60', 'Soda ---> Kiwi mojito : size = 1', 3, '', 24, 2),
(513, '2021-07-24 11:39:02.829305', '57', 'Soda ---> Tesoro Special Mojito : size = 1', 3, '', 24, 2),
(514, '2021-07-24 11:39:02.876105', '54', 'Sprite ---> Green summer : size = 1', 3, '', 24, 2),
(515, '2021-07-24 11:39:02.907305', '51', 'Coca cola ---> Cuba Libra : size = 1', 3, '', 24, 2),
(516, '2021-07-24 11:39:02.969705', '48', 'Sprite ---> Adios mother  fucker : size = 1', 3, '', 24, 2),
(517, '2021-07-24 11:39:03.094506', '39', 'Coca cola ---> Tesoro Special Long Island iced tea : size = 1', 3, '', 24, 2),
(518, '2021-07-24 11:41:20.021328', '2', 'tsaska', 2, '[{\"changed\": {\"fields\": [\"User permissions\"]}}]', 4, 1),
(519, '2021-07-24 11:42:52.966867', '1', 'Sprite ---> Sexy monica : size = 1', 1, '[{\"added\": {}}]', 48, 2),
(520, '2021-07-24 11:43:29.421260', '2', 'Sprite ---> Green summer : size = 1', 1, '[{\"added\": {}}]', 48, 2),
(521, '2021-07-24 11:43:54.661480', '3', 'Sprite ---> Adios mother  fucker : size = 1', 1, '[{\"added\": {}}]', 48, 2),
(522, '2021-07-24 11:43:55.163884', '4', 'Sprite ---> Adios mother  fucker : size = 1', 1, '[{\"added\": {}}]', 48, 2),
(523, '2021-07-24 11:44:25.188210', '5', 'Soda ---> Blueberry Mojito : size = 1', 1, '[{\"added\": {}}]', 48, 2),
(524, '2021-07-24 11:44:38.772581', '6', 'Soda ---> Sea Buckthorn Mojito : size = 1', 1, '[{\"added\": {}}]', 48, 2),
(525, '2021-07-24 11:46:05.074811', '7', 'Soda ---> Kiwi mojito : size = 1', 1, '[{\"added\": {}}]', 48, 2),
(526, '2021-07-24 11:46:47.839052', '8', 'Soda ---> Tesoro Special Mojito : size = 1', 1, '[{\"added\": {}}]', 48, 2),
(527, '2021-07-24 11:47:24.667478', '9', 'Coca cola ---> Cuba Libra : size = 1', 1, '[{\"added\": {}}]', 48, 2),
(528, '2021-07-24 11:48:04.614763', '10', 'Coca cola ---> Tesoro Special Long Island iced tea : size = 1', 1, '[{\"added\": {}}]', 48, 2),
(529, '2021-07-24 12:01:22.253134', '227', 'Мояа семьяа 1000ml', 1, '[{\"added\": {}}]', 28, 1),
(530, '2021-07-24 12:01:37.415676', '227', 'Мояа семьяа 1000ml', 2, '[{\"changed\": {\"fields\": [\"Categories\"]}}]', 28, 1),
(531, '2021-07-24 12:22:38.784385', '228', 'Louis Eschenauer White 125ml', 1, '[{\"added\": {}}]', 28, 1),
(532, '2021-07-24 12:23:53.286954', '229', 'Louis Eschenauer Red 125ml', 1, '[{\"added\": {}}]', 28, 1),
(533, '2021-07-24 12:25:09.891953', '187', 'Domaine La Baume Red', 2, '[{\"changed\": {\"fields\": [\"Name\", \"Description\", \"Gramm\"]}}]', 28, 1),
(534, '2021-07-24 12:25:45.011989', '189', 'Domaine La Baume 125ml', 2, '[{\"changed\": {\"fields\": [\"Categories\"]}}]', 28, 1),
(535, '2021-07-24 12:27:56.125472', '189', 'Domaine La Baume Red 125ml', 2, '[{\"changed\": {\"fields\": [\"Name\", \"Gramm\"]}}]', 28, 1),
(536, '2021-07-24 12:29:36.332648', '230', 'Domaine La Baume White 125ml', 1, '[{\"added\": {}}]', 28, 1),
(537, '2021-07-24 12:30:45.490029', '185', 'Domaine Le Baume', 3, '', 28, 1),
(538, '2021-07-24 12:31:39.602081', '184', 'Domaine La Baume White 750ml', 2, '[{\"changed\": {\"fields\": [\"Name\", \"Gramm\"]}}]', 28, 1),
(539, '2021-07-24 12:31:58.842360', '187', 'Domaine La Baume Red 750ml', 2, '[{\"changed\": {\"fields\": [\"Name\"]}}]', 28, 1),
(540, '2021-07-24 12:32:31.470047', '187', 'Domaine La Baume Red 750ml', 2, '[{\"changed\": {\"fields\": [\"Description\"]}}]', 28, 1),
(541, '2021-07-24 12:33:52.455199', '188', 'Altos del Plata Red 125ml', 2, '[{\"changed\": {\"fields\": [\"Description\", \"Gramm\"]}}]', 28, 1),
(542, '2021-07-24 12:34:12.436703', '183', 'Altos del Plata White 750ml', 2, '[{\"changed\": {\"fields\": [\"Name\", \"Description\", \"Gramm\"]}}]', 28, 1),
(543, '2021-07-24 12:34:45.152946', '186', 'Altos del Plata Red 750ml', 2, '[{\"changed\": {\"fields\": [\"Name\", \"Gramm\"]}}]', 28, 1),
(544, '2021-07-24 12:37:36.008797', '231', 'Altos del Plata White 125ml', 1, '[{\"added\": {}}]', 28, 1),
(545, '2021-07-24 12:38:58.081872', '35', 'Altos del Plata Red 750ml', 2, '[]', 23, 1),
(546, '2021-07-24 12:39:10.392739', '35', 'Altos del Plata Red 750ml', 2, '[]', 23, 1),
(547, '2021-07-24 12:39:35.527967', '48', 'Altos del Plata White 750ml', 1, '[{\"added\": {}}]', 23, 1),
(548, '2021-07-24 12:40:22.654404', '36', 'Domaine La Baume Red 750ml', 2, '[{\"changed\": {\"fields\": [\"Name\", \"Description\"]}}]', 23, 1),
(549, '2021-07-24 12:41:14.271801', '49', 'Domaine La Baume White 750ml', 1, '[{\"added\": {}}]', 23, 1),
(550, '2021-07-24 12:43:14.540336', '50', 'Louis Eschenauer Red 750ml', 1, '[{\"added\": {}}]', 23, 1),
(551, '2021-07-24 12:44:52.931307', '51', 'Louis Eschenauer White 750ml', 1, '[{\"added\": {}}]', 23, 1),
(552, '2021-07-24 12:46:10.627675', '101', 'Altos del Plata Red 750ml ---> Altos del Plata Red 125ml : size = 125', 1, '[{\"added\": {}}]', 24, 1),
(553, '2021-07-24 12:46:40.924313', '102', 'Altos del Plata White 750ml ---> Altos del Plata White 125ml : size = 125', 1, '[{\"added\": {}}]', 24, 1),
(554, '2021-07-24 12:47:04.227342', '103', 'Louis Eschenauer White 750ml ---> Louis Eschenauer White 125ml : size = 125', 1, '[{\"added\": {}}]', 24, 1),
(555, '2021-07-24 12:47:21.185961', '104', 'Louis Eschenauer Red 750ml ---> Louis Eschenauer Red 125ml : size = 125', 1, '[{\"added\": {}}]', 24, 1),
(556, '2021-07-24 12:47:44.634769', '105', 'Domaine La Baume White 750ml ---> Domaine La Baume White 125ml : size = 125', 1, '[{\"added\": {}}]', 24, 1),
(557, '2021-07-24 12:48:02.632952', '106', 'Domaine La Baume Red 750ml ---> Domaine La Baume Red 125ml : size = 125', 1, '[{\"added\": {}}]', 24, 1),
(558, '2021-07-25 03:14:48.654375', '90', 'Lipton tea - Гүцтэй', 2, '[{\"changed\": {\"fields\": [\"Name\", \"Description\"]}}]', 28, 1),
(559, '2021-07-25 03:15:57.160419', '232', 'Lipton tea - Аяга', 1, '[{\"added\": {}}]', 28, 1),
(560, '2021-07-25 03:17:25.249385', '233', 'Сүүтэй цай - Аяга', 1, '[{\"added\": {}}]', 28, 1),
(561, '2021-07-25 03:17:49.942463', '234', 'Сүүтэй цай - Халуун сав', 1, '[{\"added\": {}}]', 28, 1),
(562, '2021-07-25 03:18:19.718991', '18', 'Teas', 2, '[{\"changed\": {\"fields\": [\"Name\"]}}]', 27, 1),
(563, '2021-07-25 03:18:35.269348', '23', 'Beer', 2, '[{\"changed\": {\"fields\": [\"Name\"]}}]', 27, 1),
(564, '2021-07-25 03:19:07.592146', '39', 'Бусад', 1, '[{\"added\": {}}]', 27, 1),
(565, '2021-07-25 03:20:02.318724', '40', 'Пакет', 1, '[{\"added\": {}}]', 27, 1),
(566, '2021-07-25 03:20:12.638555', '40', 'Пакет', 3, '', 27, 1),
(567, '2021-07-25 03:20:41.271186', '235', 'Пакет сав', 1, '[{\"added\": {}}]', 28, 1),
(568, '2021-07-25 03:22:55.418500', '236', 'Хүргэлт үйлчилгээ', 1, '[{\"added\": {}}]', 28, 1),
(569, '2021-07-26 06:01:01.228604', '2', 'tsaska', 2, '[{\"changed\": {\"fields\": [\"User permissions\"]}}]', 4, 1),
(570, '2021-07-26 06:01:15.268235', '5', 'tuul', 2, '[{\"changed\": {\"fields\": [\"Active\"]}}]', 4, 1),
(571, '2021-07-26 06:01:25.017606', '5', 'tuul', 3, '', 4, 1),
(572, '2021-07-26 12:55:23.849194', '6', 'batbayr', 1, '[{\"added\": {}}]', 4, 2),
(573, '2021-07-26 12:56:31.195512', '6', 'batbayr', 2, '[{\"changed\": {\"fields\": [\"First name\", \"Last name\", \"Email address\"]}}]', 4, 2),
(574, '2021-07-26 12:56:50.227546', '6', 'batbayr', 2, '[]', 4, 2),
(575, '2021-07-26 12:57:37.261628', '6', 'batbayr', 2, '[]', 4, 2),
(576, '2021-07-26 12:58:51.113158', '7', 'naraa', 1, '[{\"added\": {}}]', 4, 2),
(577, '2021-07-26 12:59:55.790872', '7', 'naraa', 2, '[{\"changed\": {\"fields\": [\"First name\", \"Last name\", \"Email address\"]}}]', 4, 2),
(578, '2021-07-26 13:00:54.727775', '8', 'eegii', 1, '[{\"added\": {}}]', 4, 2),
(579, '2021-07-26 13:01:51.277875', '8', 'eegii', 2, '[{\"changed\": {\"fields\": [\"First name\", \"Last name\", \"Email address\"]}}]', 4, 2),
(580, '2021-07-26 13:45:04.652246', '90', 'Lipton tea - Гүцтэй', 2, '[{\"changed\": {\"fields\": [\"Cost\"]}}]', 28, 2),
(581, '2021-07-26 13:48:30.681808', '90', 'Lipton tea - Гүцтэй', 2, '[{\"changed\": {\"fields\": [\"Cost\"]}}]', 28, 2),
(582, '2021-07-26 14:07:02.722390', '237', 'Vip tax', 1, '[{\"added\": {}}]', 28, 2),
(583, '2021-07-26 14:08:43.014126', '238', 'alcohol tax', 1, '[{\"added\": {}}]', 28, 2),
(584, '2021-07-26 14:11:55.883157', '239', 'bread', 1, '[{\"added\": {}}]', 28, 2),
(585, '2021-07-27 05:11:07.147375', '6', 'batbayr', 2, '[{\"changed\": {\"fields\": [\"Groups\"]}}]', 4, 1),
(586, '2021-07-27 05:11:28.276584', '8', 'eegii', 2, '[{\"changed\": {\"fields\": [\"Groups\"]}}]', 4, 1),
(587, '2021-07-27 05:12:04.907679', '7', 'naraa', 2, '[{\"changed\": {\"fields\": [\"Groups\"]}}]', 4, 1),
(588, '2021-07-27 05:36:34.520736', '240', 'Juice mango 250ml', 1, '[{\"added\": {}}]', 28, 1),
(589, '2021-07-27 05:37:15.497080', '241', 'Juice apple 250ml', 1, '[{\"added\": {}}]', 28, 1),
(590, '2021-07-27 05:37:50.212065', '242', 'Juice orange 250ml', 1, '[{\"added\": {}}]', 28, 1),
(591, '2021-07-27 05:38:44.676181', '243', 'Juice cranberry 250ml', 1, '[{\"added\": {}}]', 28, 1),
(592, '2021-07-27 05:40:10.830108', '52', 'Juice apple 1000ml', 1, '[{\"added\": {}}]', 23, 1),
(593, '2021-07-27 05:40:37.466632', '53', 'Juice mango 1500ml', 1, '[{\"added\": {}}]', 23, 1),
(594, '2021-07-27 05:40:58.598840', '54', 'Juice cranberry 1000ml', 1, '[{\"added\": {}}]', 23, 1),
(595, '2021-07-27 05:41:26.511437', '55', 'Juice orange 1500ml', 1, '[{\"added\": {}}]', 23, 1),
(596, '2021-07-27 05:44:07.434641', '89', 'Juice Моя Семья 250ml', 2, '[{\"changed\": {\"fields\": [\"Name\", \"Description\", \"Is ingrediented\", \"Gramm\"]}}]', 28, 1),
(597, '2021-07-27 05:45:41.538024', '56', 'Juice Моя Семья 950ml', 1, '[{\"added\": {}}]', 23, 1),
(598, '2021-07-27 05:46:39.465337', '107', 'Juice mango 1500ml ---> Juice mango 250ml : size = 250', 1, '[{\"added\": {}}]', 24, 1),
(599, '2021-07-27 05:46:58.608432', '108', 'Juice apple 1000ml ---> Juice apple 250ml : size = 250', 1, '[{\"added\": {}}]', 24, 1),
(600, '2021-07-27 05:47:24.453910', '109', 'Juice orange 1500ml ---> Juice orange 250ml : size = 250', 1, '[{\"added\": {}}]', 24, 1),
(601, '2021-07-27 05:47:59.296903', '110', 'Juice cranberry 1000ml ---> Juice cranberry 250ml : size = 250', 1, '[{\"added\": {}}]', 24, 1),
(602, '2021-07-27 05:50:34.681791', '111', 'Juice Моя Семья 950ml ---> Juice Моя Семья 250ml : size = 250', 1, '[{\"added\": {}}]', 24, 1),
(603, '2021-07-27 05:57:45.053406', '112', 'Juice Моя Семья 950ml ---> Мояа семьяа 1000ml : size = 950', 1, '[{\"added\": {}}]', 24, 1),
(604, '2021-07-27 05:58:16.913229', '112', 'Juice Моя Семья 950ml ---> Мояа семьяа 1000ml : size = 950', 3, '', 24, 1),
(605, '2021-07-27 07:44:56.958247', '2', 'tsaska', 2, '[{\"changed\": {\"fields\": [\"User permissions\"]}}]', 4, 1),
(606, '2021-07-27 13:53:39.222950', '244', 'тактуритан 1 хүн', 1, '[{\"added\": {}}]', 28, 2),
(607, '2021-07-28 03:50:16.004688', '245', 'Бин', 1, '[{\"added\": {}}]', 28, 2),
(608, '2021-07-28 03:51:20.089601', '234', 'Сүүтэй цай - Халуун сав', 2, '[{\"changed\": {\"fields\": [\"Division\"]}}]', 28, 2),
(609, '2021-07-28 03:51:59.231070', '244', 'Тактуритан 1 хүн', 2, '[{\"changed\": {\"fields\": [\"Name\", \"Is ingrediented\"]}}]', 28, 2),
(610, '2021-07-28 03:52:52.412563', '244', 'Тактуритан 1 хүн', 2, '[{\"changed\": {\"fields\": [\"Is ingrediented\"]}}]', 28, 2),
(611, '2021-07-28 03:53:10.274595', '234', 'Сүүтэй цай - Халуун сав', 2, '[{\"changed\": {\"fields\": [\"Is ingrediented\"]}}]', 28, 2),
(612, '2021-07-28 03:53:36.872641', '239', 'bread', 2, '[{\"changed\": {\"fields\": [\"Is ingrediented\"]}}]', 28, 2),
(613, '2021-07-28 03:53:44.298254', '239', 'bread', 2, '[{\"changed\": {\"fields\": [\"Is ingrediented\"]}}]', 28, 2),
(614, '2021-07-28 03:54:08.952707', '233', 'Сүүтэй цай - Аяга', 2, '[{\"changed\": {\"fields\": [\"Is ingrediented\"]}}]', 28, 2),
(615, '2021-07-28 03:54:22.977132', '232', 'Lipton tea - Аяга', 2, '[{\"changed\": {\"fields\": [\"Is ingrediented\"]}}]', 28, 2),
(616, '2021-07-28 03:55:07.081819', '192', 'Chicken breast', 2, '[{\"changed\": {\"fields\": [\"Is ingrediented\"]}}]', 28, 2),
(617, '2021-07-28 03:55:28.750257', '191', 'Rib eye steak', 2, '[{\"changed\": {\"fields\": [\"Is ingrediented\"]}}]', 28, 2),
(618, '2021-07-28 03:55:36.466671', '245', 'Бин', 2, '[{\"changed\": {\"fields\": [\"Is ingrediented\"]}}]', 28, 2),
(619, '2021-07-29 05:23:01.221443', '241', 'Juice apple 250ml', 2, '[{\"changed\": {\"fields\": [\"Is ingrediented\"]}}]', 28, 2),
(620, '2021-07-29 05:31:09.663637', '89', 'Juice Моя Семья 250ml', 2, '[{\"changed\": {\"fields\": [\"Is ingrediented\"]}}]', 28, 2),
(621, '2021-07-29 05:32:06.039862', '89', 'Juice Моя Семья 250ml', 2, '[{\"changed\": {\"fields\": [\"Is ingrediented\"]}}]', 28, 2),
(622, '2021-07-29 05:34:05.846715', '41', 'Coffee', 1, '[{\"added\": {}}]', 27, 2),
(623, '2021-07-29 05:35:18.445867', '246', 'Americano', 1, '[{\"added\": {}}]', 28, 2),
(624, '2021-07-29 05:36:32.235087', '247', 'Cappuccino', 1, '[{\"added\": {}}]', 28, 2),
(625, '2021-07-29 05:51:15.253593', '248', 'Cafe latte', 1, '[{\"added\": {}}]', 28, 2),
(626, '2021-07-29 05:51:45.657332', '249', 'Vanilla latte', 1, '[{\"added\": {}}]', 28, 2),
(627, '2021-07-29 14:11:47.375963', '204', 'Green summer', 2, '[{\"changed\": {\"fields\": [\"Is ingrediented\"]}}]', 28, 2),
(628, '2021-07-29 14:14:45.824676', '204', 'Green summer', 2, '[{\"changed\": {\"fields\": [\"Is ingrediented\"]}}]', 28, 2),
(629, '2021-07-29 14:15:45.182781', '53', 'Cucumber Syrop 700ml ---> Green summer : size = 15', 3, '', 24, 2),
(630, '2021-07-29 14:23:04.483552', '22', 'Sierra Gold 700ml ---> Sierra Gold 50ml : size = 50', 2, '[{\"changed\": {\"fields\": [\"\\u0411\\u04af\\u0442\\u044d\\u044d\\u0433\\u0434\\u044d\\u0445\\u04af\\u04af\\u043d\\u0434 \\u043e\\u0440\\u043e\\u0445 \\u043c\\u0430\\u0442\\u0435\\u0440\\u0438\\u0430\\u043b\"]}}]', 24, 2),
(631, '2021-08-07 08:24:51.569295', '250', 'Сүү', 1, '[{\"added\": {}}]', 28, 2),
(632, '2021-08-07 13:41:39.498275', '251', 'Peanuts', 1, '[{\"added\": {}}]', 28, 2),
(633, '2021-08-07 13:44:03.798429', '46', 'Triple sec Syrop 700ml ---> Adios mother  fucker : size = 15', 3, '', 24, 2),
(634, '2021-08-07 13:44:38.500412', '47', 'Blue Curacao syrop 700ml ---> Adios mother  fucker : size = 15', 3, '', 24, 2),
(635, '2021-08-09 04:09:34.085631', '9', 'Urnaa', 1, '[{\"added\": {}}]', 4, 1),
(636, '2021-08-09 04:10:18.858710', '9', 'Urnaa', 2, '[{\"changed\": {\"fields\": [\"First name\", \"Last name\", \"Email address\", \"Groups\"]}}]', 4, 1),
(637, '2021-08-10 05:16:22.772002', '252', 'Domaine La Baume Rose', 1, '[{\"added\": {}}]', 28, 2),
(638, '2021-08-10 05:17:48.306952', '253', 'Remy Martin', 1, '[{\"added\": {}}]', 28, 2),
(639, '2021-08-10 05:19:12.016699', '254', 'JP chenet XO 0.7', 1, '[{\"added\": {}}]', 28, 2),
(640, '2021-08-10 05:21:42.338563', '253', 'Remy Martin', 2, '[{\"changed\": {\"fields\": [\"Cost\"]}}]', 28, 2),
(641, '2021-08-10 05:22:46.719876', '255', 'Feeneys 1L', 1, '[{\"added\": {}}]', 28, 2),
(642, '2021-08-10 05:25:29.131761', '256', 'Hans Bear Riesling', 1, '[{\"added\": {}}]', 28, 2),
(643, '2021-08-10 05:30:36.421101', '252', 'Domaine La Baume Rose', 2, '[{\"changed\": {\"fields\": [\"Division\"]}}]', 28, 2),
(644, '2021-08-10 05:30:47.653121', '253', 'Remy Martin', 2, '[{\"changed\": {\"fields\": [\"Division\"]}}]', 28, 2),
(645, '2021-08-10 05:30:56.794737', '254', 'JP chenet XO 0.7', 2, '[{\"changed\": {\"fields\": [\"Division\"]}}]', 28, 2),
(646, '2021-08-10 05:31:05.421552', '255', 'Feeneys 1L', 2, '[{\"changed\": {\"fields\": [\"Division\"]}}]', 28, 2),
(647, '2021-08-10 05:31:13.814367', '256', 'Hans Bear Riesling', 2, '[{\"changed\": {\"fields\": [\"Division\"]}}]', 28, 2),
(648, '2021-08-10 05:39:44.804369', '256', 'Hans Bear Riesling', 2, '[{\"changed\": {\"fields\": [\"Is ingrediented\"]}}]', 28, 1),
(649, '2021-08-10 05:40:28.103814', '255', 'Feeneys 1L', 2, '[{\"changed\": {\"fields\": [\"Is ingrediented\"]}}]', 28, 2),
(650, '2021-08-10 05:40:35.534239', '254', 'JP chenet XO 0.7', 2, '[{\"changed\": {\"fields\": [\"Is ingrediented\"]}}]', 28, 2),
(651, '2021-08-10 05:40:43.518696', '253', 'Remy Martin', 2, '[{\"changed\": {\"fields\": [\"Is ingrediented\"]}}]', 28, 2),
(652, '2021-08-10 05:41:00.664677', '252', 'Domaine La Baume Rose', 2, '[{\"changed\": {\"fields\": [\"Is ingrediented\"]}}]', 28, 2),
(653, '2021-08-10 14:52:53.067562', '10', 'unuruu', 1, '[{\"added\": {}}]', 4, 2),
(654, '2021-08-10 14:53:19.090050', '10', 'unuruu', 2, '[{\"changed\": {\"fields\": [\"First name\", \"Last name\", \"Email address\", \"Groups\"]}}]', 4, 2),
(655, '2021-08-10 14:53:35.885426', '11', 'zulaa', 1, '[{\"added\": {}}]', 4, 2),
(656, '2021-08-10 14:54:01.001470', '11', 'zulaa', 2, '[{\"changed\": {\"fields\": [\"First name\", \"Last name\", \"Email address\", \"Groups\"]}}]', 4, 2),
(657, '2021-08-10 14:54:15.041495', '12', 'baatraa', 1, '[{\"added\": {}}]', 4, 2),
(658, '2021-08-10 14:54:33.353393', '12', 'baatraa', 2, '[{\"changed\": {\"fields\": [\"First name\", \"Last name\", \"Email address\", \"Groups\"]}}]', 4, 2),
(659, '2021-08-10 14:54:48.127238', '13', 'orhoo', 1, '[{\"added\": {}}]', 4, 2),
(660, '2021-08-10 14:55:06.894312', '13', 'orhoo', 2, '[{\"changed\": {\"fields\": [\"First name\", \"Last name\", \"Email address\", \"Groups\"]}}]', 4, 2),
(661, '2021-08-10 14:55:22.488031', '14', 'oyunchimeg', 1, '[{\"added\": {}}]', 4, 2),
(662, '2021-08-10 14:55:41.886588', '14', 'oyunchimeg', 2, '[{\"changed\": {\"fields\": [\"First name\", \"Last name\", \"Email address\", \"Groups\"]}}]', 4, 2),
(663, '2021-08-10 14:56:11.369274', '15', 'bolor-erdene', 1, '[{\"added\": {}}]', 4, 2),
(664, '2021-08-10 14:56:57.559353', '15', 'bolor-erdene', 2, '[{\"changed\": {\"fields\": [\"First name\", \"Last name\", \"Email address\", \"Groups\"]}}]', 4, 2),
(665, '2021-08-11 01:52:41.687053', '257', 'Cola Zero', 1, '[{\"added\": {}}]', 28, 2),
(666, '2021-08-12 04:25:59.275590', '248', 'Cafe latte', 2, '[{\"changed\": {\"fields\": [\"Cost\"]}}]', 28, 2),
(667, '2021-08-12 04:26:19.711626', '249', 'Vanilla latte', 2, '[{\"changed\": {\"fields\": [\"Cost\"]}}]', 28, 2),
(668, '2021-08-12 04:26:41.224064', '246', 'Americano', 2, '[{\"changed\": {\"fields\": [\"Cost\"]}}]', 28, 2),
(669, '2021-08-12 04:27:08.633312', '247', 'Cappuccino', 2, '[{\"changed\": {\"fields\": [\"Cost\"]}}]', 28, 2),
(670, '2021-12-07 14:05:24.070652', '257', 'Cola Zero', 2, '[{\"changed\": {\"fields\": [\"Cost\"]}}]', 28, 2),
(671, '2022-01-17 04:51:55.245235', '257', 'Cola Zero', 2, '[]', 28, 2),
(672, '2022-01-17 04:53:54.489055', '256', 'Hans Bear Riesling', 3, '', 28, 2),
(673, '2022-01-17 04:54:10.777987', '255', 'Feeneys 1L', 3, '', 28, 2),
(674, '2022-01-17 04:54:19.435482', '254', 'JP chenet XO 0.7', 3, '', 28, 2),
(675, '2022-01-18 04:08:45.842518', '253', 'Remy Martin', 2, '[]', 28, 2),
(676, '2022-01-18 04:08:47.246520', '253', 'Remy Martin', 2, '[]', 28, 2),
(677, '2022-01-19 02:14:44.040460', '253', 'Remy Martin V.S.O.P', 2, '[{\"changed\": {\"fields\": [\"Name\", \"Cost\"]}}]', 28, 2),
(678, '2022-01-19 02:24:07.925712', '253', 'Remy Martin V.S.O.P (700ml)', 2, '[{\"changed\": {\"fields\": [\"Name\"]}}]', 28, 2),
(679, '2022-01-19 02:24:38.650470', '251', 'Peanuts', 2, '[{\"changed\": {\"fields\": [\"Cost\"]}}]', 28, 2),
(680, '2022-01-19 02:29:58.684775', '244', 'Тактуритан 1 хүн', 2, '[{\"changed\": {\"fields\": [\"Cost\"]}}]', 28, 2),
(681, '2022-01-19 02:33:04.478402', '234', 'Сүүтэй цай - Халуун сав', 2, '[{\"changed\": {\"fields\": [\"Cost\"]}}]', 28, 2),
(682, '2022-01-19 02:40:38.288358', '221', 'Strawberry daiquiri', 2, '[{\"changed\": {\"fields\": [\"Cost\"]}}]', 28, 2),
(683, '2022-01-19 02:41:09.249129', '220', 'Blue margarita', 2, '[{\"changed\": {\"fields\": [\"Cost\"]}}]', 28, 2),
(684, '2022-01-19 02:42:08.707530', '218', 'Sex on the beach', 2, '[{\"changed\": {\"fields\": [\"Cost\"]}}]', 28, 2),
(685, '2022-01-19 02:42:31.851853', '217', 'Sexy monica', 2, '[{\"changed\": {\"fields\": [\"Cost\"]}}]', 28, 2),
(686, '2022-01-19 02:44:58.284229', '215', 'Martini', 2, '[{\"changed\": {\"fields\": [\"Cost\"]}}]', 28, 2),
(687, '2022-01-19 02:45:33.744257', '215', 'Martini', 2, '[{\"changed\": {\"fields\": [\"Cost\"]}}]', 28, 2),
(688, '2022-01-19 02:51:05.787249', '204', 'Green summer', 2, '[{\"changed\": {\"fields\": [\"Cost\"]}}]', 28, 2),
(689, '2022-01-19 02:51:28.053522', '202', 'Adios mother  fucker', 2, '[{\"changed\": {\"fields\": [\"Cost\"]}}]', 28, 2),
(690, '2022-01-19 02:57:37.643662', '193', 'Fanta grape', 2, '[{\"changed\": {\"fields\": [\"Cost\"]}}]', 28, 2),
(691, '2022-01-19 02:58:27.283501', '192', 'Chicken breast', 2, '[{\"changed\": {\"fields\": [\"Cost\"]}}]', 28, 2),
(692, '2022-01-19 02:58:51.480885', '253', 'Remy Martin V.S.O.P 700ml', 2, '[{\"changed\": {\"fields\": [\"Name\"]}}]', 28, 2),
(693, '2022-01-19 03:18:20.162730', '186', 'Altos del Plata Red 750ml', 2, '[{\"changed\": {\"fields\": [\"Cost\"]}}]', 28, 2),
(694, '2022-01-20 05:25:33.998752', '227', 'Мояа семьяа 1000ml', 2, '[{\"changed\": {\"fields\": [\"Cost\"]}}]', 28, 2),
(695, '2022-01-20 05:25:35.473837', '227', 'Мояа семьяа 1000ml', 2, '[]', 28, 2),
(696, '2022-01-20 05:26:21.900492', '1', '201 өрөө ХОНОГ', 2, '[{\"changed\": {\"fields\": [\"Cost\"]}}]', 28, 2),
(697, '2022-01-24 03:49:45.487756', '258', 'Fruit combo tea', 1, '[{\"added\": {}}]', 28, 2),
(698, '2022-11-06 05:48:28.634503', '1169', '1169', 2, '[]', 21, 1),
(699, '2022-11-07 04:15:53.491234', '30', 'Havirganii mahan TS (2-3)', 2, '[{\"changed\": {\"fields\": [\"Name\"]}}]', 28, 1),
(700, '2022-11-07 04:16:28.286885', '31', 'Havirganii mahan TS (4-5)', 2, '[{\"changed\": {\"fields\": [\"Name\"]}}]', 28, 1),
(701, '2022-11-07 04:16:48.448226', '32', 'Mongol mahan TS (2-3)', 2, '[{\"changed\": {\"fields\": [\"Name\"]}}]', 28, 1),
(702, '2022-11-07 04:16:58.552273', '33', 'Mongol mahan TS (4-5)', 2, '[{\"changed\": {\"fields\": [\"Name\"]}}]', 28, 1),
(703, '2022-11-07 04:18:26.376659', '33', 'Монгол махан цуглуулга (4-5)', 2, '[{\"changed\": {\"fields\": [\"Name\"]}}]', 28, 1),
(704, '2022-11-07 04:18:39.501796', '32', 'Монгол махан цуглуулга (2-3)', 2, '[{\"changed\": {\"fields\": [\"Name\"]}}]', 28, 1),
(705, '2022-11-07 04:18:52.462618', '31', 'Хавирганы махан цуглуулга (4-5)', 2, '[{\"changed\": {\"fields\": [\"Name\"]}}]', 28, 1),
(706, '2022-11-07 04:19:03.993764', '30', 'Хавирганы махан цуглуулга (2-3)', 2, '[{\"changed\": {\"fields\": [\"Name\"]}}]', 28, 1),
(707, '2022-11-07 05:09:53.752560', '80', 'Будаа', 2, '[{\"changed\": {\"fields\": [\"Print name\"]}}]', 28, 1),
(708, '2022-11-07 05:10:02.886896', '79', 'Шарсан төмс', 2, '[{\"changed\": {\"fields\": [\"Print name\"]}}]', 28, 1),
(709, '2022-11-07 05:10:12.847832', '78', 'Tbone steak', 2, '[{\"changed\": {\"fields\": [\"Print name\"]}}]', 28, 1),
(710, '2022-11-07 05:10:26.134762', '77', 'Үхрийн шарсан хавирга', 2, '[{\"changed\": {\"fields\": [\"Print name\"]}}]', 28, 1),
(711, '2022-11-07 05:10:38.046098', '76', 'Хонины шарсан хавирга', 2, '[{\"changed\": {\"fields\": [\"Print name\"]}}]', 28, 1),
(712, '2022-11-07 05:10:46.232587', '75', 'Бууз багц', 2, '[{\"changed\": {\"fields\": [\"Print name\"]}}]', 28, 1),
(713, '2022-11-07 05:11:23.313566', '74', 'Хуушуур багц', 2, '[{\"changed\": {\"fields\": [\"Print name\"]}}]', 28, 1),
(714, '2022-11-07 05:11:33.651954', '73', 'Шаржигнуур тахиа', 2, '[{\"changed\": {\"fields\": [\"Print name\"]}}]', 28, 1),
(715, '2022-11-07 05:11:40.682041', '72', 'Цуйван', 2, '[{\"changed\": {\"fields\": [\"Print name\"]}}]', 28, 1),
(716, '2022-11-07 05:11:49.611534', '71', 'Tesoro нэрийн стэйк', 2, '[{\"changed\": {\"fields\": [\"Print name\"]}}]', 28, 1),
(717, '2022-11-07 05:11:58.407014', '70', 'Кето пицца', 2, '[{\"changed\": {\"fields\": [\"Print name\"]}}]', 28, 1),
(718, '2022-11-07 05:12:34.872300', '57', 'Бууцайтай үхрийн хэлэн салат', 2, '[{\"changed\": {\"fields\": [\"Print name\"]}}]', 28, 1),
(719, '2022-11-07 05:12:45.444438', '58', 'Swiss bowl salat', 2, '[{\"changed\": {\"fields\": [\"Print name\"]}}]', 28, 1),
(720, '2022-11-07 05:13:03.354991', '59', 'Броколи зутан шөл', 2, '[{\"changed\": {\"fields\": [\"Print name\"]}}]', 28, 1),
(721, '2022-11-07 05:13:13.998935', '60', 'Хулууны зутан шөл', 2, '[{\"changed\": {\"fields\": [\"Print name\"]}}]', 28, 1),
(722, '2022-11-07 05:13:21.229827', '61', 'Бантан', 2, '[{\"changed\": {\"fields\": [\"Print name\"]}}]', 28, 1),
(723, '2022-11-07 05:13:31.150195', '62', 'Банштай цай', 2, '[{\"changed\": {\"fields\": [\"Print name\"]}}]', 28, 1),
(724, '2022-11-07 05:13:40.723729', '63', 'Бинтэй хар шөл', 2, '[{\"changed\": {\"fields\": [\"Print name\"]}}]', 28, 1),
(725, '2022-11-07 05:14:10.181578', '64', 'Карборанара паста', 2, '[{\"changed\": {\"fields\": [\"Print name\"]}}]', 28, 1),
(726, '2022-11-07 05:14:21.925357', '65', 'Бологнайз паста', 2, '[{\"changed\": {\"fields\": [\"Print name\"]}}]', 28, 1),
(727, '2022-11-07 05:14:37.467308', '66', 'Mushroom (taglatil) pasta', 2, '[{\"changed\": {\"fields\": [\"Print name\"]}}]', 28, 1),
(728, '2022-11-07 05:14:57.616889', '67', 'Салям пицца', 2, '[{\"changed\": {\"fields\": [\"Print name\"]}}]', 28, 1),
(729, '2022-11-07 05:15:06.712987', '68', 'Хавай пицца', 2, '[{\"changed\": {\"fields\": [\"Print name\"]}}]', 28, 1),
(730, '2022-11-07 05:15:15.465698', '69', 'Холимог пицца', 2, '[{\"changed\": {\"fields\": [\"Print name\"]}}]', 28, 1),
(731, '2022-11-07 05:15:47.350998', '45', 'Калбитан 2хүн', 2, '[{\"changed\": {\"fields\": [\"Print name\"]}}]', 28, 1),
(732, '2022-11-07 05:16:00.384527', '46', 'Бүлгүгги 2хүн', 2, '[{\"changed\": {\"fields\": [\"Print name\"]}}]', 28, 1),
(733, '2022-11-07 05:16:12.698097', '47', 'Кимчижигэ', 2, '[{\"changed\": {\"fields\": [\"Print name\"]}}]', 28, 1),
(734, '2022-11-07 05:16:24.661715', '48', 'Тэнжанжигэ', 2, '[{\"changed\": {\"fields\": [\"Print name\"]}}]', 28, 1),
(735, '2022-11-07 05:17:04.932709', '49', 'Миёогтой шөл', 2, '[{\"changed\": {\"fields\": [\"Name\", \"Print name\"]}}]', 28, 1),
(736, '2022-11-07 05:17:16.658556', '50', 'Бүдэжигэ 2хүн', 2, '[{\"changed\": {\"fields\": [\"Print name\"]}}]', 28, 1),
(737, '2022-11-07 05:17:31.500998', '51', 'Тагтуритан 2хүн', 2, '[{\"changed\": {\"fields\": [\"Print name\"]}}]', 28, 1),
(738, '2022-11-07 05:17:38.856319', '52', 'Гоймон', 2, '[{\"changed\": {\"fields\": [\"Print name\"]}}]', 28, 1),
(739, '2022-11-07 05:17:46.133408', '53', 'Кимбаб', 2, '[{\"changed\": {\"fields\": [\"Print name\"]}}]', 28, 1),
(740, '2022-11-07 05:17:54.538517', '54', 'Догбугги', 2, '[{\"changed\": {\"fields\": [\"Print name\"]}}]', 28, 1),
(741, '2022-11-07 05:18:08.851067', '55', 'Цезарь салат', 2, '[{\"changed\": {\"fields\": [\"Print name\"]}}]', 28, 1),
(742, '2022-11-07 05:18:20.263405', '55', 'Цезарь салат', 2, '[{\"changed\": {\"fields\": [\"Print name\"]}}]', 28, 1),
(743, '2022-11-07 05:19:00.490715', '30', 'Хавирганы махан цуглуулга (2-3)', 2, '[{\"changed\": {\"fields\": [\"Print name\"]}}]', 28, 1),
(744, '2022-11-07 05:19:19.254331', '31', 'Хавирганы махан цуглуулга (4-5)', 2, '[{\"changed\": {\"fields\": [\"Print name\"]}}]', 28, 1),
(745, '2022-11-07 05:19:34.802503', '32', 'Монгол махан цуглуулга (2-3)', 2, '[{\"changed\": {\"fields\": [\"Print name\"]}}]', 28, 1),
(746, '2022-11-07 05:19:44.175646', '33', 'Монгол махан цуглуулга (4-5)', 2, '[{\"changed\": {\"fields\": [\"Print name\"]}}]', 28, 1),
(747, '2022-11-07 05:19:58.939799', '34', 'Маханд дурлагсад цуглуулга 4-5', 2, '[{\"changed\": {\"fields\": [\"Print name\"]}}]', 28, 1),
(748, '2022-11-07 05:20:14.317613', '35', 'Шорлогны цуглуулга 2-3', 2, '[{\"changed\": {\"fields\": [\"Print name\"]}}]', 28, 1),
(749, '2022-11-07 05:20:25.275415', '36', 'Шорлогны цуглуулга 4-5', 2, '[{\"changed\": {\"fields\": [\"Print name\"]}}]', 28, 1),
(750, '2022-11-07 05:20:51.544463', '37', 'Тахианы махан цуглуулга 2-3', 2, '[{\"changed\": {\"fields\": [\"Print name\"]}}]', 28, 1),
(751, '2022-11-07 05:21:01.681451', '38', 'Тахианы махан цуглуулга 4-5', 2, '[{\"changed\": {\"fields\": [\"Print name\"]}}]', 28, 1),
(752, '2022-11-07 05:21:41.584368', '39', 'Солонгос хоолны цуглуулга 2-3', 2, '[{\"changed\": {\"fields\": [\"Print name\"]}}]', 28, 1),
(753, '2022-11-07 05:21:50.190502', '40', 'Солонгос хоолны цуглуулга 4-5', 2, '[{\"changed\": {\"fields\": [\"Print name\"]}}]', 28, 1),
(754, '2022-11-07 05:22:09.028905', '41', 'Жэюүгбуггим 2хүн', 2, '[{\"changed\": {\"fields\": [\"Print name\"]}}]', 28, 1),
(755, '2022-11-07 05:22:25.351350', '42', 'Кимчи сангёбсал 2хүн', 2, '[{\"changed\": {\"fields\": [\"Print name\"]}}]', 28, 1),
(756, '2022-11-07 05:22:35.521871', '43', 'Калбижим 2хүн', 2, '[{\"changed\": {\"fields\": [\"Print name\"]}}]', 28, 1),
(757, '2022-11-07 05:22:43.080773', '44', 'Калбитан', 2, '[{\"changed\": {\"fields\": [\"Print name\"]}}]', 28, 1),
(758, '2022-11-07 05:23:54.833566', '37', 'Тахианы махан цуглуулга 2-3', 2, '[{\"changed\": {\"fields\": [\"Print name\"]}}]', 28, 1),
(759, '2022-11-07 05:42:57.912166', '1', 'Configuration_value object (1)', 2, '[{\"changed\": {\"fields\": [\"Hotel deadline time of dayService\", \"Hotel start time of timeService\", \"Hotel deadline time of timeService\", \"Hotel minimum time of timeService\", \"Hotel must leave time\", \"Kitchen bill number\"]}}]', 36, 1),
(760, '2022-11-07 05:54:24.882715', '234', 'Сүүтэй цай - Халуун сав', 2, '[{\"changed\": {\"fields\": [\"Print name\"]}}]', 28, 1),
(761, '2022-11-07 05:54:37.256534', '233', 'Сүүтэй цай - Аяга', 2, '[{\"changed\": {\"fields\": [\"Print name\"]}}]', 28, 1),
(762, '2022-11-07 05:55:00.870977', '244', 'Тактуритан 1 хүн', 2, '[{\"changed\": {\"fields\": [\"Print name\"]}}]', 28, 1),
(763, '2022-11-07 05:55:08.806116', '245', 'Бин', 2, '[{\"changed\": {\"fields\": [\"Print name\"]}}]', 28, 1),
(764, '2022-11-07 05:55:16.819022', '235', 'Пакет сав', 2, '[{\"changed\": {\"fields\": [\"Print name\"]}}]', 28, 1),
(765, '2022-11-07 05:56:06.702073', '235', 'Пакет сав', 2, '[{\"changed\": {\"fields\": [\"Print name\"]}}]', 28, 1);

-- --------------------------------------------------------

--
-- Table structure for table `django_content_type`
--

CREATE TABLE `django_content_type` (
  `id` int(11) NOT NULL,
  `app_label` varchar(100) COLLATE utf8_unicode_ci NOT NULL,
  `model` varchar(100) COLLATE utf8_unicode_ci NOT NULL
) ENGINE=InnoDB DEFAULT CHARSET=utf8 COLLATE=utf8_unicode_ci;

--
-- Dumping data for table `django_content_type`
--

INSERT INTO `django_content_type` (`id`, `app_label`, `model`) VALUES
(1, 'admin', 'logentry'),
(3, 'auth', 'group'),
(2, 'auth', 'permission'),
(4, 'auth', 'user'),
(46, 'authtoken', 'token'),
(47, 'authtoken', 'tokenproxy'),
(5, 'contenttypes', 'contenttype'),
(7, 'financial_app', 'budget'),
(8, 'financial_app', 'budget_type'),
(9, 'financial_app', 'currency'),
(10, 'financial_app', 'investment'),
(11, 'financial_app', 'loan'),
(12, 'financial_app', 'money_transfer'),
(14, 'financial_app', 'money_transfer_type'),
(13, 'financial_app', 'wallet'),
(43, 'hotel', 'hotel_client_item'),
(45, 'hotel', 'hotel_client_item_eelj'),
(44, 'hotel', 'hotel_client_log'),
(42, 'notification', 'notification'),
(15, 'payment_app', 'bill'),
(16, 'payment_app', 'order'),
(21, 'payment_app', 'order_detial'),
(20, 'payment_app', 'order_payments'),
(17, 'payment_app', 'payment'),
(19, 'payment_app', 'payment_bills'),
(18, 'payment_app', 'pos_account_consolidation'),
(22, 'product_app', 'basic_asset'),
(35, 'product_app', 'basic_asset_count'),
(34, 'product_app', 'broken_item'),
(23, 'product_app', 'commodity'),
(33, 'product_app', 'commodity_category'),
(24, 'product_app', 'ingredient'),
(48, 'product_app', 'ingredient_product'),
(32, 'product_app', 'item_balance'),
(31, 'product_app', 'item_balance_log'),
(30, 'product_app', 'item_transfer'),
(29, 'product_app', 'item_transfer_type'),
(28, 'product_app', 'product'),
(27, 'product_app', 'product_category'),
(26, 'product_app', 'size_type'),
(25, 'product_app', 'store'),
(6, 'sessions', 'session'),
(41, 'structure_app', 'client'),
(36, 'structure_app', 'configuration_value'),
(39, 'structure_app', 'customer'),
(37, 'structure_app', 'division'),
(38, 'structure_app', 'shift_work'),
(40, 'structure_app', 'user_profile');

-- --------------------------------------------------------

--
-- Table structure for table `django_migrations`
--

CREATE TABLE `django_migrations` (
  `id` int(11) NOT NULL,
  `app` varchar(255) COLLATE utf8_unicode_ci NOT NULL,
  `name` varchar(255) COLLATE utf8_unicode_ci NOT NULL,
  `applied` datetime(6) NOT NULL
) ENGINE=InnoDB DEFAULT CHARSET=utf8 COLLATE=utf8_unicode_ci;

--
-- Dumping data for table `django_migrations`
--

INSERT INTO `django_migrations` (`id`, `app`, `name`, `applied`) VALUES
(1, 'contenttypes', '0001_initial', '2020-06-20 06:41:37.777435'),
(2, 'auth', '0001_initial', '2020-06-20 06:41:37.902446'),
(3, 'admin', '0001_initial', '2020-06-20 06:41:38.277474'),
(4, 'admin', '0002_logentry_remove_auto_add', '2020-06-20 06:41:38.591058'),
(5, 'admin', '0003_logentry_add_action_flag_choices', '2020-06-20 06:41:38.606677'),
(6, 'contenttypes', '0002_remove_content_type_name', '2020-06-20 06:41:38.669178'),
(7, 'auth', '0002_alter_permission_name_max_length', '2020-06-20 06:41:38.700447'),
(8, 'auth', '0003_alter_user_email_max_length', '2020-06-20 06:41:38.747299'),
(9, 'auth', '0004_alter_user_username_opts', '2020-06-20 06:41:38.762953'),
(10, 'auth', '0005_alter_user_last_login_null', '2020-06-20 06:41:38.794205'),
(11, 'auth', '0006_require_contenttypes_0002', '2020-06-20 06:41:38.809814'),
(12, 'auth', '0007_alter_validators_add_error_messages', '2020-06-20 06:41:38.825430'),
(13, 'auth', '0008_alter_user_username_max_length', '2020-06-20 06:41:38.841056'),
(14, 'auth', '0009_alter_user_last_name_max_length', '2020-06-20 06:41:38.856683'),
(15, 'auth', '0010_alter_group_name_max_length', '2020-06-20 06:41:38.903561'),
(16, 'auth', '0011_update_proxy_permissions', '2020-06-20 06:41:38.903561'),
(17, 'authtoken', '0001_initial', '2020-06-20 06:41:38.950451'),
(18, 'authtoken', '0002_auto_20160226_1747', '2020-06-20 06:41:39.059833'),
(19, 'structure_app', '0001_initial', '2020-06-20 06:41:39.385079'),
(20, 'financial_app', '0001_initial', '2020-06-20 06:41:40.228893'),
(21, 'payment_app', '0001_initial', '2020-06-20 06:41:41.198632'),
(22, 'financial_app', '0002_auto_20200620_1435', '2020-06-20 06:41:50.747263'),
(23, 'product_app', '0001_initial', '2020-06-20 06:41:53.698385'),
(24, 'hotel', '0001_initial', '2020-06-20 06:42:01.120452'),
(25, 'hotel', '0002_auto_20200620_1435', '2020-06-20 06:42:02.073825'),
(26, 'notification', '0001_initial', '2020-06-20 06:42:02.276967'),
(27, 'payment_app', '0002_auto_20200620_1435', '2020-06-20 06:42:06.429276'),
(28, 'sessions', '0001_initial', '2020-06-20 06:42:06.616807'),
(29, 'structure_app', '0002_auto_20200621_1448', '2020-06-21 06:49:04.925749'),
(30, 'hotel', '0003_auto_20200628_1400', '2020-06-28 06:00:08.499322'),
(31, 'hotel', '0004_auto_20200628_1404', '2020-06-28 06:04:07.079059'),
(32, 'hotel', '0005_auto_20200628_1439', '2020-06-28 06:40:49.251068'),
(33, 'payment_app', '0003_payment_division', '2020-07-04 03:01:05.559174'),
(34, 'payment_app', '0004_remove_payment_division', '2020-07-04 03:30:10.973308'),
(35, 'payment_app', '0005_payment_division', '2020-07-04 03:37:45.700332'),
(36, 'financial_app', '0003_auto_20200705_1639', '2020-07-05 08:39:31.378783'),
(37, 'auth', '0012_alter_user_first_name_max_length', '2021-05-29 02:33:21.856330'),
(38, 'authtoken', '0003_tokenproxy', '2021-05-29 02:33:21.918334'),
(39, 'structure_app', '0003_auto_20200802_1106', '2021-05-29 02:33:22.265354'),
(40, 'structure_app', '0004_auto_20200802_1111', '2021-05-29 02:33:22.506367'),
(41, 'structure_app', '0005_auto_20200802_1117', '2021-05-29 02:33:23.125403'),
(42, 'structure_app', '0006_auto_20200802_1118', '2021-05-29 02:33:23.514425'),
(43, 'structure_app', '0007_client_room_clean', '2021-05-29 02:33:23.965451'),
(44, 'structure_app', '0008_auto_20200802_1120', '2021-05-29 02:33:24.354473'),
(45, 'financial_app', '0004_auto_20200927_1156', '2021-05-29 02:33:28.325700'),
(46, 'product_app', '0002_auto_20200801_1153', '2021-05-29 02:33:28.936735'),
(47, 'payment_app', '0006_auto_20200923_2135', '2021-05-29 02:33:30.574829'),
(48, 'product_app', '0003_product_category_is_created', '2021-05-29 02:33:30.985852'),
(49, 'structure_app', '0009_auto_20210529_1033', '2021-05-29 02:33:31.643890'),
(50, 'product_app', '0004_alter_product_description', '2021-05-29 08:09:04.171986'),
(51, 'product_app', '0005_alter_product_category_description', '2021-05-29 08:11:39.234855'),
(52, 'structure_app', '0010_division_erembe', '2021-05-31 04:59:36.280184'),
(53, 'product_app', '0006_auto_20210626_1101', '2021-06-26 03:01:54.666038'),
(54, 'product_app', '0007_auto_20210629_1014', '2021-06-29 02:15:05.090114'),
(55, 'structure_app', '0011_auto_20210629_1014', '2021-06-29 02:15:05.214709'),
(56, 'structure_app', '0012_auto_20210629_1015', '2021-06-29 02:15:05.321423'),
(57, 'product_app', '0008_product_whole', '2021-07-02 09:27:46.476083'),
(58, 'product_app', '0009_remove_product_whole', '2021-07-02 09:29:25.644386'),
(59, 'product_app', '0010_auto_20210703_1037', '2021-07-03 02:37:52.816866'),
(60, 'product_app', '0011_auto_20210703_1210', '2021-07-03 04:10:45.017896'),
(61, 'financial_app', '0005_wallet_is_pos', '2021-07-04 04:50:24.326909'),
(62, 'product_app', '0012_auto_20210705_1244', '2021-07-05 04:44:38.783706'),
(63, 'payment_app', '0007_order_detial_finished', '2021-07-24 06:26:26.453803'),
(64, 'payment_app', '0008_order_detial_finished_at', '2021-07-24 06:26:27.239848'),
(65, 'product_app', '0013_auto_20210724_1022', '2021-07-24 06:26:40.598612'),
(66, 'product_app', '0014_remove_ingredient_product_size_type', '2021-07-24 06:26:41.926688'),
(67, 'financial_app', '0006_wallet_parent', '2021-07-25 13:05:04.687958'),
(68, 'payment_app', '0009_auto_20210725_1353', '2021-07-25 13:05:05.701960'),
(69, 'payment_app', '0010_order_discount_by', '2021-07-25 13:05:07.840164'),
(70, 'payment_app', '0011_order_detial_temp', '2021-08-30 09:05:45.071000'),
(71, 'payment_app', '0012_remove_order_detial_temp', '2021-08-30 09:05:45.390018'),
(72, 'payment_app', '0013_order_name', '2021-08-30 09:05:45.736038'),
(73, 'payment_app', '0014_remove_order_name', '2021-08-30 09:05:46.879103'),
(74, 'product_app', '0015_product_print_name', '2022-11-07 05:08:50.422225'),
(75, 'structure_app', '0013_configuration_value_kitchen_bill_number', '2022-11-07 05:27:27.877945');

-- --------------------------------------------------------

--
-- Table structure for table `django_session`
--

CREATE TABLE `django_session` (
  `session_key` varchar(40) COLLATE utf8_unicode_ci NOT NULL,
  `session_data` longtext COLLATE utf8_unicode_ci NOT NULL,
  `expire_date` datetime(6) NOT NULL
) ENGINE=InnoDB DEFAULT CHARSET=utf8 COLLATE=utf8_unicode_ci;

--
-- Dumping data for table `django_session`
--

INSERT INTO `django_session` (`session_key`, `session_data`, `expire_date`) VALUES
('03ke44i5713smny3czczwyrq5zjj7k0b', '.eJxVjEEOwiAQRe_C2hAGsQwu3fcMhBkGqZo2Ke3KeHfbpAvd_vfef6uY1qXGtckch6yuCtTpd6PETxl3kB9pvE-ap3GZB9K7og_adD9led0O9--gpla3uhRhCyQYOJ3pEjKEjlznbUYRdFCyY-sdG0Ykj-CFHHIIABsvxqjPFwPUOE4:1m8E7F:ZYfDmULmc2OVSFx7FWJ7dVRlTgu3W0rvtjBHBmmkHdE', '2021-08-10 03:50:49.806839'),
('0b13k66dsmae60vs85l30thtssqcg2f0', '.eJxVjDkOwjAQRe_iGlle4mUo6TmD5WUGB5AtxUmFuDtESgHtf-_9FwtxW2vYBi5hLuzMFDv9binmB7YdlHtst85zb-syJ74r_KCDX3vB5-Vw_w5qHPVbAykpnRVFe-dwQgQbKZFKQlPyEwI4a7UnD0oZMMKgF0gks_ZFos7s_QHUAzec:1mCwFP:Z67lKfruHhME75hovSTKf0sOMyhdM_NbwMd3vHMYkkI', '2021-08-23 03:46:43.568176'),
('14ld7rj8rapze2shhtrqx38nsepf1flc', '.eJxVjDkOwjAQRe_iGlle4mUo6TmD5WUGB5AtxUmFuDtESgHtf-_9FwtxW2vYBi5hLuzMFDv9binmB7YdlHtst85zb-syJ74r_KCDX3vB5-Vw_w5qHPVbAykpnRVFe-dwQgQbKZFKQlPyEwI4a7UnD0oZMMKgF0gks_ZFos7s_QHUAzec:1m7UlL:iMEP4xH65EKJm6w0mHZwz8NWKzZZNnZ0QFhH2D1zLTI', '2021-08-08 03:25:11.731112'),
('17tq67jiujxlhy1fcf0k0uo2zep3kk37', '.eJxVjEEOwiAQRe_C2hAGsQwu3fcMhBkGqZo2Ke3KeHfbpAvd_vfef6uY1qXGtckch6yuCtTpd6PETxl3kB9pvE-ap3GZB9K7og_adD9led0O9--gpla3uhRhCyQYOJ3pEjKEjlznbUYRdFCyY-sdG0Ykj-CFHHIIABsvxqjPFwPUOE4:1m8G5K:4VOoTdOeSirxkOtW69E_q5ZlMpyGsQVBCjpTH3QM628', '2021-08-10 05:56:58.443740'),
('1gmhbl761ywdlao7d0qf5840779i0irj', '.eJxVjDkOwjAQRe_iGlle4mUo6TmD5WUGB5AtxUmFuDtESgHtf-_9FwtxW2vYBi5hLuzMFDv9binmB7YdlHtst85zb-syJ74r_KCDX3vB5-Vw_w5qHPVbAykpnRVFe-dwQgQbKZFKQlPyEwI4a7UnD0oZMMKgF0gks_ZFos7s_QHUAzec:1mCcNB:WhS8xL2ERHKu59Ozsw611xjEQxoLqfUIwjXIwpwNgDM', '2021-08-22 06:33:25.841655'),
('24wdpnc6seizbeq2wjl47ufvxnf8dijh', '.eJxVjDsOwjAQBe_iGln-fyjpOYO13rVxADlSnFSIu0OkFNC-mXkvlmBbW9pGWdJE7MwkO_1uGfBR-g7oDv02c5z7ukyZ7wo_6ODXmcrzcrh_Bw1G-9ZYvTYKavSOBGmUaLIHI1zU2rtqlEbhIxUMwhCqYElCxWxLVTZIIPb-AOOaOC8:1lzfa9:-G1varjno54vTpnO_H4gdnQopL65Th8mq8fDBOU6eVo', '2021-07-17 13:21:17.013565'),
('2busg1b09m0mdjfx5d9h3yyr8woj1yhi', '.eJxVjLsOwjAMAP8lM4qa2E0IIzvfUNmJTQoolfqYEP-OKnWA9e50bzPQttZhW2QexmIuxpnTL2PKT2m7KA9q98nmqa3zyHZP7GEXe5uKvK5H-zeotNR9i9yh496xAkAqQQWQow8dxV57xCQ-UeyyBAUMZw8glBWyDxqR1Xy-yuk3oA:1lmxrT:3K7K2lJP6poQ1yiRHK-eg6OtIp_hfKVy40GPLXRVFFM', '2021-06-12 12:14:39.894821'),
('2jn0gvwz0vll4larhjpb2r7of3h8payt', '.eJxVjDkOwjAQRe_iGlle4mUo6TmD5WUGB5AtxUmFuDtESgHtf-_9FwtxW2vYBi5hLuzMFDv9binmB7YdlHtst85zb-syJ74r_KCDX3vB5-Vw_w5qHPVbAykpnRVFe-dwQgQbKZFKQlPyEwI4a7UnD0oZMMKgF0gks_ZFos7s_QHUAzec:1m7UkD:Mmw-3mHIrMS8vVqOiuRVunFNvLkUYw72pmP7_fO0mao', '2021-08-08 03:24:01.374989'),
('2pom9s9lqs9azv1em9ny3nypyv1fqjn0', '.eJxVjEEOwiAQRe_C2hAGsQwu3fcMhBkGqZo2Ke3KeHfbpAvd_vfef6uY1qXGtckch6yuCtTpd6PETxl3kB9pvE-ap3GZB9K7og_adD9led0O9--gpla3uhRhCyQYOJ3pEjKEjlznbUYRdFCyY-sdG0Ykj-CFHHIIABsvxqjPFwPUOE4:1m0esy:n6d5zSLwnxgkLheagrlylshFhBnVo1qScS-owPHKZAQ', '2021-07-20 06:48:48.250802'),
('33szk5htj8agr29jibsm2km6j0ci0qg2', '.eJxVjDkOwjAQRe_iGlle4mUo6TmD5WUGB5AtxUmFuDtESgHtf-_9FwtxW2vYBi5hLuzMFDv9binmB7YdlHtst85zb-syJ74r_KCDX3vB5-Vw_w5qHPVbAykpnRVFe-dwQgQbKZFKQlPyEwI4a7UnD0oZMMKgF0gks_ZFos7s_QHUAzec:1m8BsH:c8Q7uZzvBpPgyTgA5vURqzzvrTOGiU_vA6jOgluZ-rM', '2021-08-10 01:27:13.262570'),
('3synvz68uzhkjmfh7ksudje68cycxcr0', '.eJxVjLsOwjAMAP8lM4qa2E0IIzvfUNmJTQoolfqYEP-OKnWA9e50bzPQttZhW2QexmIuxpnTL2PKT2m7KA9q98nmqa3zyHZP7GEXe5uKvK5H-zeotNR9i9yh496xAkAqQQWQow8dxV57xCQ-UeyyBAUMZw8glBWyDxqR1Xy-yuk3oA:1lmpTz:-G2eYLbQxdeA8fpoHyx-8HhSqJni_SnNcLffOknV8w4', '2021-06-12 03:17:51.215009'),
('6h5xxbqcto5aj38881mnty6w6glcvdxq', '.eJxVjDkOwjAQRe_iGlle4mUo6TmD5WUGB5AtxUmFuDtESgHtf-_9FwtxW2vYBi5hLuzMFDv9binmB7YdlHtst85zb-syJ74r_KCDX3vB5-Vw_w5qHPVbAykpnRVFe-dwQgQbKZFKQlPyEwI4a7UnD0oZMMKgF0gks_ZFos7s_QHUAzec:1mDg8w:W6d5mrpbPN7ctgGURgqDrWQnJ7IJzfaNPx6sYhRNHsI', '2021-08-25 04:47:06.693874'),
('83cc9wo7pcvrnkamksut1mq3zphpkzj9', '.eJxVjDkOwjAQRe_iGlle4mUo6TmD5WUGB5AtxUmFuDtESgHtf-_9FwtxW2vYBi5hLuzMFDv9binmB7YdlHtst85zb-syJ74r_KCDX3vB5-Vw_w5qHPVbAykpnRVFe-dwQgQbKZFKQlPyEwI4a7UnD0oZMMKgF0gks_ZFos7s_QHUAzec:1mXElO:a_ig1gsvWzWfc1dSMXAGZkBXSgtJfKtPp98CazlwEKo', '2021-10-18 03:35:38.817388'),
('al7wvjacxm1yrzmh68p8y7ttsf8akh1d', '.eJxVjDkOwjAQRe_iGlle4mUo6TmD5WUGB5AtxUmFuDtESgHtf-_9FwtxW2vYBi5hLuzMFDv9binmB7YdlHtst85zb-syJ74r_KCDX3vB5-Vw_w5qHPVbAykpnRVFe-dwQgQbKZFKQlPyEwI4a7UnD0oZMMKgF0gks_ZFos7s_QHUAzec:1mDdOk:jKP20T-FNpmhnH-WYv6d_QwvwHlpeVo8qNt_Vi5aabE', '2021-08-25 01:51:14.465095'),
('bl0wqlmlma7pypy7r67se55h4jqyd94e', '.eJxVjEEOwiAQRe_C2hAGsQwu3fcMhBkGqZo2Ke3KeHfbpAvd_vfef6uY1qXGtckch6yuCtTpd6PETxl3kB9pvE-ap3GZB9K7og_adD9led0O9--gpla3uhRhCyQYOJ3pEjKEjlznbUYRdFCyY-sdG0Ykj-CFHHIIABsvxqjPFwPUOE4:1mCE1v:sG4vLBeUmY0qdM4MycgDoTaO4u-H0WAOW7xEaB5Ai84', '2021-08-21 04:33:51.073810'),
('bsn8uqzskk1tjri8ft2w6ut8t3wefmmg', 'MWM0ZTM2MjEyM2EzOGMwMmNjMmY3YjY2ZWRjNDBiZDY0NTEzMTI1MDp7Il9hdXRoX3VzZXJfaWQiOiIxIiwiX2F1dGhfdXNlcl9iYWNrZW5kIjoiZGphbmdvLmNvbnRyaWIuYXV0aC5iYWNrZW5kcy5Nb2RlbEJhY2tlbmQiLCJfYXV0aF91c2VyX2hhc2giOiJiMzBhMTdjMDM5MjRmYjhiYmE2ZDBjNzVlODY4MGVjNzk3NGQzMzc4In0=', '2020-07-19 07:50:19.849765'),
('d9h59nhwgyz4k554i4s5a2dvh98yk4wr', '.eJxVjDkOwjAQRe_iGlle4mUo6TmD5WUGB5AtxUmFuDtESgHtf-_9FwtxW2vYBi5hLuzMFDv9binmB7YdlHtst85zb-syJ74r_KCDX3vB5-Vw_w5qHPVbAykpnRVFe-dwQgQbKZFKQlPyEwI4a7UnD0oZMMKgF0gks_ZFos7s_QHUAzec:1mE6L1:SHhYeUftP44Zt-3-d9gkOm7OXVNOnyKtITv3HCi11ns', '2021-08-26 08:45:19.454635'),
('db6v9ktzpn5git60j7twhqtqr2rt82hq', '.eJxVjDkOwjAQRe_iGlle4mUo6TmD5WUGB5AtxUmFuDtESgHtf-_9FwtxW2vYBi5hLuzMFDv9binmB7YdlHtst85zb-syJ74r_KCDX3vB5-Vw_w5qHPVbAykpnRVFe-dwQgQbKZFKQlPyEwI4a7UnD0oZMMKgF0gks_ZFos7s_QHUAzec:1n9fnC:8ew7dPAoytP3JPqqNRe-JZSVd4l8OXJEARssx-8BImA', '2022-02-01 04:08:22.972877'),
('dgn2h3opk1ud3sstrsesorppc1gvemu6', '.eJxVjEEOwiAQRe_C2hAGsQwu3fcMhBkGqZo2Ke3KeHfbpAvd_vfef6uY1qXGtckch6yuCtTpd6PETxl3kB9pvE-ap3GZB9K7og_adD9led0O9--gpla3uhRhCyQYOJ3pEjKEjlznbUYRdFCyY-sdG0Ykj-CFHHIIABsvxqjPFwPUOE4:1mDKRU:P9ZLFuZ3MqijH96XiLZ4Vaw_NYvlVAGkbCZbIsnB1Ss', '2021-08-24 05:36:48.290881'),
('dqx8mrk6p55mtxs8ad9jcssw73cybpid', '.eJxVjDkOwjAQRe_iGlle4mUo6TmD5WUGB5AtxUmFuDtESgHtf-_9FwtxW2vYBi5hLuzMFDv9binmB7YdlHtst85zb-syJ74r_KCDX3vB5-Vw_w5qHPVbAykpnRVFe-dwQgQbKZFKQlPyEwI4a7UnD0oZMMKgF0gks_ZFos7s_QHUAzec:1m8ahs:29rS4dJLNX1tSQX6is996jYr3wt8Wz1lSA4V_gTango', '2021-08-11 03:58:08.867339'),
('e0535caxvqte0pt27g0g6gcg9dik7uzt', '.eJxVjDkOwjAQRe_iGlle4mUo6TmD5WUGB5AtxUmFuDtESgHtf-_9FwtxW2vYBi5hLuzMFDv9binmB7YdlHtst85zb-syJ74r_KCDX3vB5-Vw_w5qHPVbAykpnRVFe-dwQgQbKZFKQlPyEwI4a7UnD0oZMMKgF0gks_ZFos7s_QHUAzec:1mLG3E:zvAsCF4RXZU14zU4HOEu5krLsZC6GkPh578wYzAQPxk', '2021-09-15 02:32:32.975900'),
('fjo2mortbmpwc8rk6u24h94hnnf7mefc', '.eJxVjEEOwiAQRe_C2pCBoSAu3XsGwgAjVUOT0q6MdzckXej2v_f-W4S4bzXsvaxhzuIilDj9bhTTs7QB8iO2-yLT0rZ1JjkUedAub0sur-vh_h3U2OuovUEFqJwny4VNIe2IWEe2jidvFWRUDKZM54TEpC0CEaAzANkyi88X5IA39Q:1orYDO:Dzn24VLH5wilx9NU17mY37D73UZgTQtUTEai6QfEN88', '2022-11-20 05:29:02.341987'),
('fq5isqsp2s6mew7w3byu0ms4zbm9y1yr', '.eJxVjDkOwjAQRe_iGlle4mUo6TmD5WUGB5AtxUmFuDtESgHtf-_9FwtxW2vYBi5hLuzMFDv9binmB7YdlHtst85zb-syJ74r_KCDX3vB5-Vw_w5qHPVbAykpnRVFe-dwQgQbKZFKQlPyEwI4a7UnD0oZMMKgF0gks_ZFos7s_QHUAzec:1nA0Sq:Ayp8pcTSu_46XYw4nDXb7dK5TdX5hAXYd97pGkEhoXc', '2022-02-02 02:12:44.028596'),
('hfti7avtd1ihmk3zmpqzwugdv9ejykt1', '.eJxVjDkOwjAQRe_iGlle4mUo6TmD5WUGB5AtxUmFuDtESgHtf-_9FwtxW2vYBi5hLuzMFDv9binmB7YdlHtst85zb-syJ74r_KCDX3vB5-Vw_w5qHPVbAykpnRVFe-dwQgQbKZFKQlPyEwI4a7UnD0oZMMKgF0gks_ZFos7s_QHUAzec:1m0gPO:urDok7-1sxQyOajK8bJE5unHs3EnUkb7_mfOkK7X1Os', '2021-07-20 08:26:22.432855'),
('hitt4jss77n43p9pcptcj8pl9u3u9ua3', '.eJxVjEEOwiAQRe_C2hAGsQwu3fcMhBkGqZo2Ke3KeHfbpAvd_vfef6uY1qXGtckch6yuCtTpd6PETxl3kB9pvE-ap3GZB9K7og_adD9led0O9--gpla3uhRhCyQYOJ3pEjKEjlznbUYRdFCyY-sdG0Ykj-CFHHIIABsvxqjPFwPUOE4:1nsfbj:IwjtJPVa57Wrfpxo7-Y8efJfULIf2hC6zk-v8il-fyU', '2022-06-05 07:02:31.596508'),
('hludytgowubwvxfwd2lvh9w2jdgdfgu5', '.eJxVjLsOwjAMAP8lM4qa2E0IIzvfUNmJTQoolfqYEP-OKnWA9e50bzPQttZhW2QexmIuxpnTL2PKT2m7KA9q98nmqa3zyHZP7GEXe5uKvK5H-zeotNR9i9yh496xAkAqQQWQow8dxV57xCQ-UeyyBAUMZw8glBWyDxqR1Xy-yuk3oA:1lnNcm:NKkcufrcQ2cmH3uTpe4DtaM_lF-HVQaNZtUZcKiCr20', '2021-06-13 15:45:12.635170'),
('hze0lommca3tw7e7kc5fmv8711rid28l', '.eJxVjLsOwjAMAP8lM4qa2E0IIzvfUNmJTQoolfqYEP-OKnWA9e50bzPQttZhW2QexmIuxpnTL2PKT2m7KA9q98nmqa3zyHZP7GEXe5uKvK5H-zeotNR9i9yh496xAkAqQQWQow8dxV57xCQ-UeyyBAUMZw8glBWyDxqR1Xy-yuk3oA:1lnM89:Q1zFW1uNoKSsulzM8TPaF3vEcMDiUU7SviS62w2Hon4', '2021-06-13 14:09:29.476680'),
('i7fwlm6w588tqqj3ic4kfbcvf6v3m6i1', '.eJxVjEEOwiAQRe_C2hAGsQwu3fcMhBkGqZo2Ke3KeHfbpAvd_vfef6uY1qXGtckch6yuCtTpd6PETxl3kB9pvE-ap3GZB9K7og_adD9led0O9--gpla3uhRhCyQYOJ3pEjKEjlznbUYRdFCyY-sdG0Ykj-CFHHIIABsvxqjPFwPUOE4:1m0fFO:nHixwenP5CcE18-BNVwnYn7QNx5aRRyZ8z1qx0BhRw8', '2021-07-20 07:11:58.187128'),
('jcwijf0631wav02eplwdienvqnzv7brh', '.eJxVjEEOwiAQRe_C2hAGsQwu3fcMhBkGqZo2Ke3KeHfbpAvd_vfef6uY1qXGtckch6yuCtTpd6PETxl3kB9pvE-ap3GZB9K7og_adD9led0O9--gpla3uhRhCyQYOJ3pEjKEjlznbUYRdFCyY-sdG0Ykj-CFHHIIABsvxqjPFwPUOE4:1m0fJC:IC3ml0YOzomqn6ruJdpU9yK8G_UYuKYrYI5_yXl7MII', '2021-07-20 07:15:54.478323'),
('jqxt3x6n51whllc89256l0nov85kahaq', '.eJxVjDkOwjAQRe_iGlle4mUo6TmD5WUGB5AtxUmFuDtESgHtf-_9FwtxW2vYBi5hLuzMFDv9binmB7YdlHtst85zb-syJ74r_KCDX3vB5-Vw_w5qHPVbAykpnRVFe-dwQgQbKZFKQlPyEwI4a7UnD0oZMMKgF0gks_ZFos7s_QHUAzec:1mE2HG:d24pcPZJCn6OuKl4-ziJZ0kgzIZjWapRxG_4a92sib8', '2021-08-26 04:25:10.057504'),
('mrvc7sx96x4c5pb7lyzke5780w8qdhja', '.eJxVjDsOwjAQBe_iGln-fyjpOYO13rVxADlSnFSIu0OkFNC-mXkvlmBbW9pGWdJE7MwkO_1uGfBR-g7oDv02c5z7ukyZ7wo_6ODXmcrzcrh_Bw1G-9ZYvTYKavSOBGmUaLIHI1zU2rtqlEbhIxUMwhCqYElCxWxLVTZIIPb-AOOaOC8:1lwyNe:nU5KtIgsHcaO1mT9IFZSkdj1Z5xe8OdeEwILCeHFA4c', '2021-07-10 02:49:14.427568'),
('pkd26ehy7jg5teyd94le1vrtafvivvb6', '.eJxVjDkOwjAQRe_iGlle4mUo6TmD5WUGB5AtxUmFuDtESgHtf-_9FwtxW2vYBi5hLuzMFDv9binmB7YdlHtst85zb-syJ74r_KCDX3vB5-Vw_w5qHPVbAykpnRVFe-dwQgQbKZFKQlPyEwI4a7UnD0oZMMKgF0gks_ZFos7s_QHUAzec:1muazN:EzyH2iaTtWF20rJoidgiAGsAvYLrJAmOoF9W4nIpPAU', '2021-12-21 13:58:37.072373'),
('q363h73woc3n7vkpo0w1rrqzeq4qlf27', '.eJxVjDkOwjAQRe_iGlle4mUo6TmD5WUGB5AtxUmFuDtESgHtf-_9FwtxW2vYBi5hLuzMFDv9binmB7YdlHtst85zb-syJ74r_KCDX3vB5-Vw_w5qHPVbAykpnRVFe-dwQgQbKZFKQlPyEwI4a7UnD0oZMMKgF0gks_ZFos7s_QHUAzec:1n9JlO:MaMDrIRM2pnKuFC_-wpepevE-TuGf0SjICBcR9RPe2s', '2022-01-31 04:37:02.877194'),
('qhooj9kx5wmngwwe3q00goi91trtn3wv', '.eJxVjDkOwjAQRe_iGlle4mUo6TmD5WUGB5AtxUmFuDtESgHtf-_9FwtxW2vYBi5hLuzMFDv9binmB7YdlHtst85zb-syJ74r_KCDX3vB5-Vw_w5qHPVbAykpnRVFe-dwQgQbKZFKQlPyEwI4a7UnD0oZMMKgF0gks_ZFos7s_QHUAzec:1mDmQ6:m0rkaPDT9czdTncRfru9gj5Yq3sEJe_bq7uEv6skH4s', '2021-08-25 11:29:14.029535'),
('qyxxmkc0g3sfsbqkegpwqximy8app6pl', 'MWM0ZTM2MjEyM2EzOGMwMmNjMmY3YjY2ZWRjNDBiZDY0NTEzMTI1MDp7Il9hdXRoX3VzZXJfaWQiOiIxIiwiX2F1dGhfdXNlcl9iYWNrZW5kIjoiZGphbmdvLmNvbnRyaWIuYXV0aC5iYWNrZW5kcy5Nb2RlbEJhY2tlbmQiLCJfYXV0aF91c2VyX2hhc2giOiJiMzBhMTdjMDM5MjRmYjhiYmE2ZDBjNzVlODY4MGVjNzk3NGQzMzc4In0=', '2020-07-12 06:53:05.308663'),
('r7pt3pjxgoc19q8q6kr1wcjcl7jtj6y3', 'MWM0ZTM2MjEyM2EzOGMwMmNjMmY3YjY2ZWRjNDBiZDY0NTEzMTI1MDp7Il9hdXRoX3VzZXJfaWQiOiIxIiwiX2F1dGhfdXNlcl9iYWNrZW5kIjoiZGphbmdvLmNvbnRyaWIuYXV0aC5iYWNrZW5kcy5Nb2RlbEJhY2tlbmQiLCJfYXV0aF91c2VyX2hhc2giOiJiMzBhMTdjMDM5MjRmYjhiYmE2ZDBjNzVlODY4MGVjNzk3NGQzMzc4In0=', '2020-07-04 08:54:28.939107'),
('ssjke3kv40dxlhho89fakyqi25yhg4zn', '.eJxVjEEOwiAQRe_C2hAGsQwu3fcMhBkGqZo2Ke3KeHfbpAvd_vfef6uY1qXGtckch6yuCtTpd6PETxl3kB9pvE-ap3GZB9K7og_adD9led0O9--gpla3uhRhCyQYOJ3pEjKEjlznbUYRdFCyY-sdG0Ykj-CFHHIIABsvxqjPFwPUOE4:1m8ENM:gWvn8VH8PSOgIKvNFypydjX6IUo2IXxtq5i723WMmKI', '2021-08-10 04:07:28.381954'),
('syd6yrenccmzc4cvam4akq8srkbhgslu', '.eJxVjEEOwiAQRe_C2hAGsQwu3fcMhBkGqZo2Ke3KeHfbpAvd_vfef6uY1qXGtckch6yuCtTpd6PETxl3kB9pvE-ap3GZB9K7og_adD9led0O9--gpla3uhRhCyQYOJ3pEjKEjlznbUYRdFCyY-sdG0Ykj-CFHHIIABsvxqjPFwPUOE4:1m8EQY:56l7bhh6kCftwEC9ChlYa19t4TwMXeVuBQStVXoyhHo', '2021-08-10 04:10:46.839306'),
('t06k651u4ct5nmi6ob74elam41dweci3', '.eJxVjEEOwiAQRe_C2hAGsQwu3fcMhBkGqZo2Ke3KeHfbpAvd_vfef6uY1qXGtckch6yuCtTpd6PETxl3kB9pvE-ap3GZB9K7og_adD9led0O9--gpla3uhRhCyQYOJ3pEjKEjlznbUYRdFCyY-sdG0Ykj-CFHHIIABsvxqjPFwPUOE4:1nrEPk:coutq3JasoZ9OEleH1ONJYo0U66_kIcTTtNuFPDgpIE', '2022-06-01 07:48:12.894065'),
('tks8hw9hnizjuo9ucj4vokp5cy65lmhu', '.eJxVjDkOwjAQRe_iGlle4mUo6TmD5WUGB5AtxUmFuDtESgHtf-_9FwtxW2vYBi5hLuzMFDv9binmB7YdlHtst85zb-syJ74r_KCDX3vB5-Vw_w5qHPVbAykpnRVFe-dwQgQbKZFKQlPyEwI4a7UnD0oZMMKgF0gks_ZFos7s_QHUAzec:1mDQd3:IjG_6Or8mM0SRa8HWyehnvxQBNMBgMqe98YANY9roAI', '2021-08-24 12:13:09.810106'),
('x18lit00vtj0lriynr1wggf6lfyxqdu2', '.eJxVjLsOwjAMAP8lM4qa2E0IIzvfUNmJTQoolfqYEP-OKnWA9e50bzPQttZhW2QexmIuxpnTL2PKT2m7KA9q98nmqa3zyHZP7GEXe5uKvK5H-zeotNR9i9yh496xAkAqQQWQow8dxV57xCQ-UeyyBAUMZw8glBWyDxqR1Xy-yuk3oA:1lmxyK:40q3blFsLpLEQNx5Gy6JNcFdnhO34DCd6w_YmvacfLw', '2021-06-12 12:21:44.229092'),
('y62jyeas3shs9clbkkq3txocc02d5n2l', '.eJxVjEEOwiAQRe_C2hAGsQwu3fcMhBkGqZo2Ke3KeHfbpAvd_vfef6uY1qXGtckch6yuCtTpd6PETxl3kB9pvE-ap3GZB9K7og_adD9led0O9--gpla3uhRhCyQYOJ3pEjKEjlznbUYRdFCyY-sdG0Ykj-CFHHIIABsvxqjPFwPUOE4:1m0egb:NlzRlnowK42TbiY7F60N0A2TUI7U45YDbqC7MFB3uo0', '2021-07-20 06:36:01.216268'),
('ycot3qj4lbb1qz7p5nd3zybz76qv4onl', '.eJxVjEEOwiAQRe_C2pCBoSAu3XsGwgAjVUOT0q6MdzckXej2v_f-W4S4bzXsvaxhzuIilDj9bhTTs7QB8iO2-yLT0rZ1JjkUedAub0sur-vh_h3U2OuovUEFqJwny4VNIe2IWEe2jidvFWRUDKZM54TEpC0CEaAzANkyi88X5IA39Q:1ortWi:oxmupqindhktOpzy9VbMDCU1eagxnZ6vtGvFypOZVP4', '2022-11-21 04:14:24.674654');

-- --------------------------------------------------------

--
-- Table structure for table `financial_app_budget`
--

CREATE TABLE `financial_app_budget` (
  `id` int(11) NOT NULL,
  `created_at` datetime(6) DEFAULT NULL,
  `updated_at` datetime(6) DEFAULT NULL,
  `name` varchar(255) COLLATE utf8_unicode_ci NOT NULL,
  `description` longtext COLLATE utf8_unicode_ci DEFAULT NULL,
  `amount` decimal(14,2) DEFAULT NULL,
  `balance` decimal(14,2) DEFAULT NULL,
  `status` varchar(255) COLLATE utf8_unicode_ci NOT NULL,
  `budget_type_id` int(11) NOT NULL,
  `coordinator_id` int(11) DEFAULT NULL,
  `created_by_id` int(11) DEFAULT NULL,
  `updated_by_id` int(11) DEFAULT NULL
) ENGINE=InnoDB DEFAULT CHARSET=utf8 COLLATE=utf8_unicode_ci;

-- --------------------------------------------------------

--
-- Table structure for table `financial_app_budget_type`
--

CREATE TABLE `financial_app_budget_type` (
  `id` int(11) NOT NULL,
  `created_at` datetime(6) DEFAULT NULL,
  `name` varchar(255) COLLATE utf8_unicode_ci NOT NULL,
  `description` longtext COLLATE utf8_unicode_ci DEFAULT NULL,
  `created_by_id` int(11) DEFAULT NULL
) ENGINE=InnoDB DEFAULT CHARSET=utf8 COLLATE=utf8_unicode_ci;

-- --------------------------------------------------------

--
-- Table structure for table `financial_app_currency`
--

CREATE TABLE `financial_app_currency` (
  `id` int(11) NOT NULL,
  `created_at` datetime(6) DEFAULT NULL,
  `name` varchar(255) COLLATE utf8_unicode_ci NOT NULL,
  `ratio` decimal(14,2) NOT NULL,
  `country` varchar(255) COLLATE utf8_unicode_ci DEFAULT NULL,
  `created_by_id` int(11) DEFAULT NULL
) ENGINE=InnoDB DEFAULT CHARSET=utf8 COLLATE=utf8_unicode_ci;

--
-- Dumping data for table `financial_app_currency`
--

INSERT INTO `financial_app_currency` (`id`, `created_at`, `name`, `ratio`, `country`, `created_by_id`) VALUES
(1, '2020-06-20 07:47:52.907636', 'Төгрөг', '1.00', 'Mongolia', 1);

-- --------------------------------------------------------

--
-- Table structure for table `financial_app_investment`
--

CREATE TABLE `financial_app_investment` (
  `id` int(11) NOT NULL,
  `created_at` datetime(6) DEFAULT NULL,
  `investor` varchar(255) COLLATE utf8_unicode_ci NOT NULL,
  `issued_money` decimal(14,2) NOT NULL,
  `refunded_money` decimal(14,2) NOT NULL,
  `balance` decimal(14,2) NOT NULL,
  `issued_date` datetime(6) DEFAULT NULL,
  `refunded_date` datetime(6) DEFAULT NULL,
  `will_refund` tinyint(1) NOT NULL,
  `created_by_id` int(11) DEFAULT NULL
) ENGINE=InnoDB DEFAULT CHARSET=utf8 COLLATE=utf8_unicode_ci;

-- --------------------------------------------------------

--
-- Table structure for table `financial_app_loan`
--

CREATE TABLE `financial_app_loan` (
  `id` int(11) NOT NULL,
  `created_at` datetime(6) DEFAULT NULL,
  `lender` varchar(255) COLLATE utf8_unicode_ci NOT NULL,
  `issued_money` decimal(14,2) NOT NULL,
  `refunded_money` decimal(14,2) NOT NULL,
  `balance` decimal(14,2) NOT NULL,
  `loan_rate` int(11) NOT NULL,
  `issued_date` datetime(6) DEFAULT NULL,
  `refunded_date` datetime(6) DEFAULT NULL,
  `created_by_id` int(11) DEFAULT NULL
) ENGINE=InnoDB DEFAULT CHARSET=utf8 COLLATE=utf8_unicode_ci;

-- --------------------------------------------------------

--
-- Table structure for table `financial_app_money_transfer`
--

CREATE TABLE `financial_app_money_transfer` (
  `id` int(11) NOT NULL,
  `created_at` datetime(6) DEFAULT NULL,
  `updated_at` datetime(6) DEFAULT NULL,
  `msg_info_fee` decimal(14,2) DEFAULT NULL,
  `transfer_fee` decimal(14,2) DEFAULT NULL,
  `description` longtext COLLATE utf8_unicode_ci DEFAULT NULL,
  `wanna_delete` tinyint(1) NOT NULL,
  `recieved_ebarimt` tinyint(1) NOT NULL,
  `amount` decimal(14,2) DEFAULT NULL,
  `bill_id` int(11) DEFAULT NULL,
  `created_by_id` int(11) DEFAULT NULL,
  `currency_id` int(11) NOT NULL,
  `customer_id` int(11) DEFAULT NULL,
  `division_id` int(11) DEFAULT NULL,
  `fr_budget_id` int(11) DEFAULT NULL,
  `fr_investment_id` int(11) DEFAULT NULL,
  `fr_loan_id` int(11) DEFAULT NULL,
  `fr_user_id` int(11) DEFAULT NULL,
  `fr_wallet_id` int(11) DEFAULT NULL,
  `money_transfer_type_id` int(11) NOT NULL,
  `payment_id` int(11) DEFAULT NULL,
  `to_budget_id` int(11) DEFAULT NULL,
  `to_investment_id` int(11) DEFAULT NULL,
  `to_loan_id` int(11) DEFAULT NULL,
  `to_user_id` int(11) DEFAULT NULL,
  `to_wallet_id` int(11) DEFAULT NULL,
  `updated_by_id` int(11) DEFAULT NULL,
  `shift_work_id` int(11) DEFAULT NULL
) ENGINE=InnoDB DEFAULT CHARSET=utf8 COLLATE=utf8_unicode_ci;

--
-- Dumping data for table `financial_app_money_transfer`
--

INSERT INTO `financial_app_money_transfer` (`id`, `created_at`, `updated_at`, `msg_info_fee`, `transfer_fee`, `description`, `wanna_delete`, `recieved_ebarimt`, `amount`, `bill_id`, `created_by_id`, `currency_id`, `customer_id`, `division_id`, `fr_budget_id`, `fr_investment_id`, `fr_loan_id`, `fr_user_id`, `fr_wallet_id`, `money_transfer_type_id`, `payment_id`, `to_budget_id`, `to_investment_id`, `to_loan_id`, `to_user_id`, `to_wallet_id`, `updated_by_id`, `shift_work_id`) VALUES
(87, '2021-07-24 14:01:51.419033', '2021-07-24 14:01:51.419033', '0.00', '0.00', 'Лоунж, ресторанаас орж ирсэн орлогын гүйлгээ.', 0, 0, '71900.00', NULL, 2, 1, NULL, 5, NULL, NULL, NULL, NULL, NULL, 1, 99, NULL, NULL, NULL, NULL, 6, NULL, 29),
(88, '2021-07-24 14:14:39.777793', '2021-07-24 14:14:39.777793', '0.00', '0.00', 'Лоунж, ресторанаас орж ирсэн орлогын гүйлгээ.', 0, 0, '62100.00', NULL, 2, 1, NULL, 5, NULL, NULL, NULL, NULL, NULL, 1, 104, NULL, NULL, NULL, NULL, 6, NULL, 29),
(89, '2021-07-24 14:31:33.062403', '2021-07-24 14:31:33.062403', '0.00', '0.00', 'Лоунж, ресторанаас орж ирсэн орлогын гүйлгээ.', 0, 0, '27000.00', NULL, 1, 1, NULL, 5, NULL, NULL, NULL, NULL, NULL, 1, 105, NULL, NULL, NULL, NULL, 3, NULL, 30),
(90, '2021-07-26 13:15:04.023868', '2021-07-26 13:15:04.023868', '0.00', '0.00', 'Лоунж, ресторанаас орж ирсэн орлогын гүйлгээ.', 0, 0, '17900.00', NULL, 2, 1, NULL, 5, NULL, NULL, NULL, NULL, NULL, 1, 108, NULL, NULL, NULL, NULL, 6, NULL, 32),
(91, '2021-07-26 13:15:35.567123', '2021-07-26 13:15:35.567123', '0.00', '0.00', 'Лоунж, ресторанаас орж ирсэн орлогын гүйлгээ.', 0, 0, '17900.00', NULL, 2, 1, NULL, 5, NULL, NULL, NULL, NULL, NULL, 1, 109, NULL, NULL, NULL, NULL, 1, NULL, 32),
(92, '2021-07-26 13:19:19.882917', '2021-07-26 13:19:19.882917', '0.00', '0.00', 'Лоунж, ресторанаас орж ирсэн орлогын гүйлгээ.', 0, 0, '42900.00', NULL, 2, 1, NULL, 5, NULL, NULL, NULL, NULL, NULL, 1, 111, NULL, NULL, NULL, NULL, 1, NULL, 32),
(93, '2021-07-26 13:20:08.102602', '2021-07-26 13:20:08.102602', '0.00', '0.00', 'Лоунж, ресторанаас орж ирсэн орлогын гүйлгээ.', 0, 0, '15800.00', NULL, 2, 1, NULL, 5, NULL, NULL, NULL, NULL, NULL, 1, 112, NULL, NULL, NULL, NULL, 1, NULL, 32),
(94, '2021-07-26 13:21:36.164757', '2021-07-26 13:21:36.164757', '0.00', '0.00', 'Лоунж, ресторанаас орж ирсэн орлогын гүйлгээ.', 0, 0, '54800.00', NULL, 2, 1, NULL, 5, NULL, NULL, NULL, NULL, NULL, 1, 114, NULL, NULL, NULL, NULL, 1, NULL, 32),
(95, '2021-07-26 13:30:18.526088', '2021-07-26 13:30:18.526088', '0.00', '0.00', 'Лоунж, ресторанаас орж ирсэн орлогын гүйлгээ.', 0, 0, '68600.00', NULL, 2, 1, NULL, 5, NULL, NULL, NULL, NULL, NULL, 1, 116, NULL, NULL, NULL, NULL, 1, NULL, 32),
(96, '2021-07-26 13:50:04.609573', '2021-07-26 13:50:04.609573', '0.00', '0.00', 'Лоунж, ресторанаас орж ирсэн орлогын гүйлгээ.', 0, 0, '76600.00', NULL, 2, 1, NULL, 5, NULL, NULL, NULL, NULL, NULL, 1, 117, NULL, NULL, NULL, NULL, 1, NULL, 32),
(97, '2021-07-26 13:51:29.208521', '2021-07-26 13:51:29.208521', '0.00', '0.00', 'Лоунж, ресторанаас орж ирсэн орлогын гүйлгээ.', 0, 0, '64600.00', NULL, 2, 1, NULL, 5, NULL, NULL, NULL, NULL, NULL, 1, 118, NULL, NULL, NULL, NULL, 6, NULL, 32),
(98, '2021-07-26 14:13:32.417858', '2021-07-26 14:13:32.417858', '0.00', '0.00', 'Лоунж, ресторанаас орж ирсэн орлогын гүйлгээ.', 0, 0, '8000.00', NULL, 2, 1, NULL, 5, NULL, NULL, NULL, NULL, NULL, 1, 120, NULL, NULL, NULL, NULL, 6, NULL, 32),
(99, '2021-07-26 14:21:31.500986', '2021-07-26 14:21:31.500986', '0.00', '0.00', 'Лоунж, ресторанаас орж ирсэн орлогын гүйлгээ.', 0, 0, '27700.00', NULL, 2, 1, NULL, 5, NULL, NULL, NULL, NULL, NULL, 1, 123, NULL, NULL, NULL, NULL, 1, NULL, 32),
(100, '2021-07-26 14:28:50.268225', '2021-07-26 14:28:50.268225', '0.00', '0.00', 'Лоунж, ресторанаас орж ирсэн орлогын гүйлгээ.', 0, 0, '9000.00', NULL, 2, 1, NULL, 5, NULL, NULL, NULL, NULL, NULL, 1, 127, NULL, NULL, NULL, NULL, 6, NULL, 32),
(101, '2021-07-27 05:27:51.921845', '2021-07-27 05:27:51.922845', '0.00', '0.00', 'Лоунж, ресторанаас орж ирсэн орлогын гүйлгээ.', 0, 0, '21800.00', NULL, 6, 1, NULL, 5, NULL, NULL, NULL, NULL, NULL, 1, 128, NULL, NULL, NULL, NULL, 1, NULL, 33),
(102, '2021-07-27 06:17:56.074673', '2021-07-27 06:17:56.074673', '0.00', '0.00', 'Лоунж, ресторанаас орж ирсэн орлогын гүйлгээ.', 0, 0, '95200.00', NULL, 6, 1, NULL, 5, NULL, NULL, NULL, NULL, NULL, 1, 131, NULL, NULL, NULL, NULL, 6, NULL, 33),
(103, '2021-07-27 06:32:11.829619', '2021-07-27 06:32:11.829619', '0.00', '0.00', 'Лоунж, ресторанаас орж ирсэн орлогын гүйлгээ.', 0, 0, '36900.00', NULL, 6, 1, NULL, 5, NULL, NULL, NULL, NULL, NULL, 1, 133, NULL, NULL, NULL, NULL, 1, NULL, 33),
(104, '2021-07-27 06:32:12.477656', '2021-07-27 06:32:12.477656', '0.00', '0.00', 'Лоунж, ресторанаас орж ирсэн орлогын гүйлгээ.', 0, 0, '36900.00', NULL, 6, 1, NULL, 5, NULL, NULL, NULL, NULL, NULL, 1, 134, NULL, NULL, NULL, NULL, 1, NULL, 33),
(105, '2021-07-27 08:47:42.009173', '2021-07-27 08:47:42.009173', '0.00', '0.00', 'Лоунж, ресторанаас орж ирсэн орлогын гүйлгээ.', 0, 0, '25800.00', NULL, 6, 1, NULL, 5, NULL, NULL, NULL, NULL, NULL, 1, 136, NULL, NULL, NULL, NULL, 1, NULL, 33),
(106, '2021-07-27 08:54:59.798143', '2021-07-27 08:54:59.798143', '0.00', '0.00', 'Лоунж, ресторанаас орж ирсэн орлогын гүйлгээ.', 0, 0, '57700.00', NULL, 6, 1, NULL, 5, NULL, NULL, NULL, NULL, NULL, 1, 138, NULL, NULL, NULL, NULL, 1, NULL, 33),
(107, '2021-07-27 09:45:07.579295', '2021-07-27 09:45:07.579295', '0.00', '0.00', 'Лоунж, ресторанаас орж ирсэн орлогын гүйлгээ.', 0, 0, '63900.00', NULL, 6, 1, NULL, 5, NULL, NULL, NULL, NULL, NULL, 1, 139, NULL, NULL, NULL, NULL, 1, NULL, 33),
(108, '2021-07-27 13:49:02.757264', '2021-07-27 13:49:02.757264', '0.00', '0.00', 'Лоунж, ресторанаас орж ирсэн орлогын гүйлгээ.', 0, 0, '76600.00', NULL, 2, 1, NULL, 5, NULL, NULL, NULL, NULL, NULL, 1, 140, NULL, NULL, NULL, NULL, 1, NULL, 33),
(109, '2021-07-27 13:54:15.994214', '2021-07-27 13:54:15.994214', '0.00', '0.00', 'Лоунж, ресторанаас орж ирсэн орлогын гүйлгээ.', 0, 0, '13900.00', NULL, 2, 1, NULL, 5, NULL, NULL, NULL, NULL, NULL, 1, 142, NULL, NULL, NULL, NULL, 1, NULL, 33),
(110, '2021-07-27 13:59:44.717992', '2021-07-27 13:59:44.717992', '0.00', '0.00', 'Лоунж, ресторанаас орж ирсэн орлогын гүйлгээ.', 0, 0, '31900.00', NULL, 2, 1, NULL, 5, NULL, NULL, NULL, NULL, NULL, 1, 147, NULL, NULL, NULL, NULL, 6, NULL, 33),
(111, '2021-07-27 14:10:26.838135', '2021-07-27 14:10:26.838135', '0.00', '0.00', 'Лоунж, ресторанаас орж ирсэн орлогын гүйлгээ.', 0, 0, '3800.00', NULL, 2, 1, NULL, 5, NULL, NULL, NULL, NULL, NULL, 1, 149, NULL, NULL, NULL, NULL, 1, NULL, 33),
(112, '2021-07-28 10:36:26.295118', '2021-07-28 10:36:26.295118', '0.00', '0.00', 'Лоунж, ресторанаас орж ирсэн орлогын гүйлгээ.', 0, 0, '13000.00', NULL, 6, 1, NULL, 5, NULL, NULL, NULL, NULL, NULL, 1, 158, NULL, NULL, NULL, NULL, 1, NULL, 34),
(113, '2021-07-28 14:53:29.105221', '2021-07-28 14:53:29.105221', '0.00', '0.00', 'Лоунж, ресторанаас орж ирсэн орлогын гүйлгээ.', 0, 0, '143900.00', NULL, 2, 1, NULL, 5, NULL, NULL, NULL, NULL, NULL, 1, 173, NULL, NULL, NULL, NULL, 1, NULL, 34),
(114, '2021-07-29 07:05:18.829751', '2021-07-29 07:05:18.829751', '0.00', '0.00', 'Лоунж, ресторанаас орж ирсэн орлогын гүйлгээ.', 0, 0, '20800.00', NULL, 8, 1, NULL, 5, NULL, NULL, NULL, NULL, NULL, 1, 178, NULL, NULL, NULL, NULL, 6, NULL, 35),
(115, '2021-07-29 07:29:23.753396', '2021-07-29 07:29:23.753396', '0.00', '0.00', 'Лоунж, ресторанаас орж ирсэн орлогын гүйлгээ.', 0, 0, '9000.00', NULL, 8, 1, NULL, 5, NULL, NULL, NULL, NULL, NULL, 1, 179, NULL, NULL, NULL, NULL, 6, NULL, 35),
(116, '2021-07-29 07:32:28.625042', '2021-07-29 07:32:28.625042', '0.00', '0.00', 'Лоунж, ресторанаас орж ирсэн орлогын гүйлгээ.', 0, 0, '73600.00', NULL, 2, 1, NULL, 5, NULL, NULL, NULL, NULL, NULL, 1, 180, NULL, NULL, NULL, NULL, 6, NULL, 35),
(117, '2021-07-29 07:46:33.614527', '2021-07-29 07:46:33.614527', '0.00', '0.00', 'Лоунж, ресторанаас орж ирсэн орлогын гүйлгээ.', 0, 0, '20700.00', NULL, 8, 1, NULL, 5, NULL, NULL, NULL, NULL, NULL, 1, 181, NULL, NULL, NULL, NULL, 1, NULL, 35),
(118, '2021-07-29 08:16:00.142757', '2021-07-29 08:16:00.142757', '0.00', '0.00', 'Лоунж, ресторанаас орж ирсэн орлогын гүйлгээ.', 0, 0, '12800.00', NULL, 8, 1, NULL, 5, NULL, NULL, NULL, NULL, NULL, 1, 182, NULL, NULL, NULL, NULL, 1, NULL, 35),
(119, '2021-07-29 08:46:40.016597', '2021-07-29 08:46:40.016597', '0.00', '0.00', 'Лоунж, ресторанаас орж ирсэн орлогын гүйлгээ.', 0, 0, '104500.00', NULL, 8, 1, NULL, 5, NULL, NULL, NULL, NULL, NULL, 1, 183, NULL, NULL, NULL, NULL, 1, NULL, 35),
(120, '2021-07-29 09:34:40.611874', '2021-07-29 09:34:40.611874', '0.00', '0.00', 'Лоунж, ресторанаас орж ирсэн орлогын гүйлгээ.', 0, 0, '13900.00', NULL, 8, 1, NULL, 5, NULL, NULL, NULL, NULL, NULL, 1, 184, NULL, NULL, NULL, NULL, 6, NULL, 35),
(121, '2021-07-29 11:28:41.606528', '2021-07-29 11:28:41.606528', '0.00', '0.00', 'Лоунж, ресторанаас орж ирсэн орлогын гүйлгээ.', 0, 0, '46900.00', NULL, 6, 1, NULL, 5, NULL, NULL, NULL, NULL, NULL, 1, 187, NULL, NULL, NULL, NULL, 6, NULL, 35),
(122, '2021-07-29 13:58:59.751406', '2021-07-29 13:58:59.751406', '0.00', '0.00', 'Лоунж, ресторанаас орж ирсэн орлогын гүйлгээ.', 0, 0, '31000.00', NULL, 2, 1, NULL, 5, NULL, NULL, NULL, NULL, NULL, 1, 189, NULL, NULL, NULL, NULL, 1, NULL, 35),
(123, '2021-07-29 14:10:39.807244', '2021-07-29 14:10:39.807244', '0.00', '0.00', 'Лоунж, ресторанаас орж ирсэн орлогын гүйлгээ.', 0, 0, '45800.00', NULL, 2, 1, NULL, 5, NULL, NULL, NULL, NULL, NULL, 1, 194, NULL, NULL, NULL, NULL, 1, NULL, 35),
(124, '2021-07-29 14:24:05.152059', '2021-07-29 14:24:05.152059', '0.00', '0.00', 'Лоунж, ресторанаас орж ирсэн орлогын гүйлгээ.', 0, 0, '187450.00', NULL, 2, 1, NULL, 5, NULL, NULL, NULL, NULL, NULL, 1, 197, NULL, NULL, NULL, NULL, 1, NULL, 35),
(125, '2021-08-07 07:32:34.071622', '2021-08-07 07:32:34.071622', '0.00', '0.00', 'Лоунж, ресторанаас орж ирсэн орлогын гүйлгээ.', 0, 0, '29800.00', NULL, 6, 1, NULL, 5, NULL, NULL, NULL, NULL, NULL, 1, 198, NULL, NULL, NULL, NULL, 6, NULL, 37),
(126, '2021-08-07 07:33:00.498068', '2021-08-07 07:33:00.498068', '0.00', '0.00', 'Лоунж, ресторанаас орж ирсэн орлогын гүйлгээ.', 0, 0, '153900.00', NULL, 6, 1, NULL, 5, NULL, NULL, NULL, NULL, NULL, 1, 200, NULL, NULL, NULL, NULL, 2, NULL, 37),
(127, '2021-08-07 08:16:31.572817', '2021-08-07 08:16:31.572817', '0.00', '0.00', 'Лоунж, ресторанаас орж ирсэн орлогын гүйлгээ.', 0, 0, '55000.00', NULL, 2, 1, NULL, 5, NULL, NULL, NULL, NULL, NULL, 1, 201, NULL, NULL, NULL, NULL, 1, NULL, 37),
(128, '2021-08-07 08:17:38.746535', '2021-08-07 08:17:38.746535', '0.00', '0.00', 'Лоунж, ресторанаас орж ирсэн орлогын гүйлгээ.', 0, 0, '13800.00', NULL, 2, 1, NULL, 5, NULL, NULL, NULL, NULL, NULL, 1, 202, NULL, NULL, NULL, NULL, 1, NULL, 37),
(129, '2021-08-07 08:19:37.774744', '2021-08-07 08:19:37.774744', '0.00', '0.00', 'Лоунж, ресторанаас орж ирсэн орлогын гүйлгээ.', 0, 0, '111300.00', NULL, 2, 1, NULL, 5, NULL, NULL, NULL, NULL, NULL, 1, 203, NULL, NULL, NULL, NULL, 6, NULL, 37),
(130, '2021-08-07 08:20:12.438005', '2021-08-07 08:20:12.438005', '0.00', '0.00', 'Лоунж, ресторанаас орж ирсэн орлогын гүйлгээ.', 0, 0, '49800.00', NULL, 2, 1, NULL, 5, NULL, NULL, NULL, NULL, NULL, 1, 204, NULL, NULL, NULL, NULL, 1, NULL, 37),
(131, '2021-08-07 08:28:14.853253', '2021-08-07 08:28:14.853253', '0.00', '0.00', 'Лоунж, ресторанаас орж ирсэн орлогын гүйлгээ.', 0, 0, '39000.00', NULL, 2, 1, NULL, 5, NULL, NULL, NULL, NULL, NULL, 1, 207, NULL, NULL, NULL, NULL, 1, NULL, 37),
(132, '2021-08-07 08:30:02.719842', '2021-08-07 08:30:02.719842', '0.00', '0.00', 'Лоунж, ресторанаас орж ирсэн орлогын гүйлгээ.', 0, 0, '17300.00', NULL, 2, 1, NULL, 5, NULL, NULL, NULL, NULL, NULL, 1, 208, NULL, NULL, NULL, NULL, 6, NULL, 37),
(133, '2021-08-07 08:31:10.642362', '2021-08-07 08:31:10.642362', '0.00', '0.00', 'Лоунж, ресторанаас орж ирсэн орлогын гүйлгээ.', 0, 0, '40000.00', NULL, 2, 1, NULL, 5, NULL, NULL, NULL, NULL, NULL, 1, 209, NULL, NULL, NULL, NULL, 6, NULL, 37),
(134, '2021-08-07 08:33:14.036304', '2021-08-07 08:33:14.036304', '0.00', '0.00', 'Лоунж, ресторанаас орж ирсэн орлогын гүйлгээ.', 0, 0, '51800.00', NULL, 2, 1, NULL, 5, NULL, NULL, NULL, NULL, NULL, 1, 212, NULL, NULL, NULL, NULL, 1, NULL, 37),
(135, '2021-08-07 08:35:53.968452', '2021-08-07 08:35:53.968452', '0.00', '0.00', 'Лоунж, ресторанаас орж ирсэн орлогын гүйлгээ.', 0, 0, '42800.00', NULL, 2, 1, NULL, 5, NULL, NULL, NULL, NULL, NULL, 1, 214, NULL, NULL, NULL, NULL, 6, NULL, 37),
(136, '2021-08-07 09:04:15.353719', '2021-08-07 09:04:15.353719', '0.00', '0.00', 'Лоунж, ресторанаас орж ирсэн орлогын гүйлгээ.', 0, 0, '16900.00', NULL, 2, 1, NULL, 5, NULL, NULL, NULL, NULL, NULL, 1, 216, NULL, NULL, NULL, NULL, 6, NULL, 37),
(137, '2021-08-07 09:20:47.468447', '2021-08-07 09:20:47.468447', '0.00', '0.00', 'Лоунж, ресторанаас орж ирсэн орлогын гүйлгээ.', 0, 0, '73400.00', NULL, 2, 1, NULL, 5, NULL, NULL, NULL, NULL, NULL, 1, 218, NULL, NULL, NULL, NULL, 6, NULL, 37),
(138, '2021-08-07 13:24:34.949354', '2021-08-07 13:24:34.949354', '0.00', '0.00', 'Лоунж, ресторанаас орж ирсэн орлогын гүйлгээ.', 0, 0, '65000.00', NULL, 8, 1, NULL, 5, NULL, NULL, NULL, NULL, NULL, 1, 221, NULL, NULL, NULL, NULL, 6, NULL, 37),
(139, '2021-08-07 14:03:37.920078', '2021-08-07 14:03:37.920078', '0.00', '0.00', 'Лоунж, ресторанаас орж ирсэн орлогын гүйлгээ.', 0, 0, '92700.00', NULL, 6, 1, NULL, 5, NULL, NULL, NULL, NULL, NULL, 1, 231, NULL, NULL, NULL, NULL, 1, NULL, 37),
(141, '2021-08-08 14:00:04.805306', '2021-08-08 14:00:04.805306', '0.00', '0.00', 'Лоунж, ресторанаас орж ирсэн орлогын гүйлгээ.', 0, 0, '60000.00', NULL, 6, 1, NULL, 5, NULL, NULL, NULL, NULL, NULL, 1, 233, NULL, NULL, NULL, NULL, 6, NULL, 38),
(142, '2021-08-08 14:03:17.039844', '2021-08-08 14:03:17.039844', '0.00', '0.00', 'Лоунж, ресторанаас орж ирсэн орлогын гүйлгээ.', 0, 0, '11700.00', NULL, 6, 1, NULL, 5, NULL, NULL, NULL, NULL, NULL, 1, 237, NULL, NULL, NULL, NULL, 1, NULL, 38),
(143, '2021-08-08 14:13:18.861639', '2021-08-08 14:13:18.861639', '0.00', '0.00', 'Лоунж, ресторанаас орж ирсэн орлогын гүйлгээ.', 0, 0, '106300.00', NULL, 6, 1, NULL, 5, NULL, NULL, NULL, NULL, NULL, 1, 238, NULL, NULL, NULL, NULL, 1, NULL, 38),
(144, '2021-08-08 14:13:52.213546', '2021-08-08 14:13:52.213546', '0.00', '0.00', 'Лоунж, ресторанаас орж ирсэн орлогын гүйлгээ.', 0, 0, '15900.00', NULL, 6, 1, NULL, 5, NULL, NULL, NULL, NULL, NULL, 1, 239, NULL, NULL, NULL, NULL, 1, NULL, 38),
(145, '2021-08-08 14:18:11.469375', '2021-08-08 14:18:11.469375', '0.00', '0.00', 'Лоунж, ресторанаас орж ирсэн орлогын гүйлгээ.', 0, 0, '50000.00', NULL, 6, 1, NULL, 5, NULL, NULL, NULL, NULL, NULL, 1, 243, NULL, NULL, NULL, NULL, 1, NULL, 38),
(146, '2021-08-08 14:21:03.945240', '2021-08-08 14:21:03.946240', '0.00', '0.00', 'Лоунж, ресторанаас орж ирсэн орлогын гүйлгээ.', 0, 0, '34200.00', NULL, 6, 1, NULL, 5, NULL, NULL, NULL, NULL, NULL, 1, 246, NULL, NULL, NULL, NULL, 6, NULL, 38),
(147, '2021-08-08 14:34:05.592883', '2021-08-08 14:34:05.592883', '0.00', '0.00', 'Лоунж, ресторанаас орж ирсэн орлогын гүйлгээ.', 0, 0, '49000.00', NULL, 6, 1, NULL, 5, NULL, NULL, NULL, NULL, NULL, 1, 251, NULL, NULL, NULL, NULL, 6, NULL, 38),
(148, '2021-08-09 04:13:30.458246', '2021-08-09 04:13:30.458246', '0.00', '0.00', 'Лоунж, ресторанаас орж ирсэн орлогын гүйлгээ.', 0, 0, '29000.00', NULL, 9, 1, NULL, 5, NULL, NULL, NULL, NULL, NULL, 1, 257, NULL, NULL, NULL, NULL, 1, NULL, 39),
(149, '2021-08-09 05:14:58.433573', '2021-08-09 05:14:58.433573', '0.00', '0.00', 'Лоунж, ресторанаас орж ирсэн орлогын гүйлгээ.', 0, 0, '12000.00', NULL, 2, 1, NULL, 5, NULL, NULL, NULL, NULL, NULL, 1, 258, NULL, NULL, NULL, NULL, 6, NULL, 39),
(150, '2021-08-09 12:14:01.700107', '2021-08-09 12:14:01.700107', '0.00', '0.00', 'Лоунж, ресторанаас орж ирсэн орлогын гүйлгээ.', 0, 0, '64700.00', NULL, 2, 1, NULL, 5, NULL, NULL, NULL, NULL, NULL, 1, 260, NULL, NULL, NULL, NULL, 6, NULL, 39),
(151, '2021-08-09 12:14:50.559393', '2021-08-09 12:14:50.559393', '0.00', '0.00', 'Лоунж, ресторанаас орж ирсэн орлогын гүйлгээ.', 0, 0, '51700.00', NULL, 2, 1, NULL, 5, NULL, NULL, NULL, NULL, NULL, 1, 261, NULL, NULL, NULL, NULL, 6, NULL, 39),
(152, '2021-08-09 12:40:33.042703', '2021-08-09 12:40:33.042703', '0.00', '0.00', 'Лоунж, ресторанаас орж ирсэн орлогын гүйлгээ.', 0, 0, '46400.00', NULL, 2, 1, NULL, 5, NULL, NULL, NULL, NULL, NULL, 1, 262, NULL, NULL, NULL, NULL, 6, NULL, 39),
(153, '2021-08-09 12:45:43.031847', '2021-08-09 12:45:43.031847', '0.00', '0.00', 'Лоунж, ресторанаас орж ирсэн орлогын гүйлгээ.', 0, 0, '39900.00', NULL, 2, 1, NULL, 5, NULL, NULL, NULL, NULL, NULL, 1, 263, NULL, NULL, NULL, NULL, 1, NULL, 39),
(154, '2021-08-09 12:54:36.054583', '2021-08-09 12:54:36.054583', '0.00', '0.00', 'Лоунж, ресторанаас орж ирсэн орлогын гүйлгээ.', 0, 0, '35000.00', NULL, 2, 1, NULL, 5, NULL, NULL, NULL, NULL, NULL, 1, 267, NULL, NULL, NULL, NULL, 1, NULL, 39),
(155, '2021-08-09 12:57:34.783102', '2021-08-09 12:57:34.783102', '0.00', '0.00', 'Лоунж, ресторанаас орж ирсэн орлогын гүйлгээ.', 0, 0, '15900.00', NULL, 2, 1, NULL, 5, NULL, NULL, NULL, NULL, NULL, 1, 268, NULL, NULL, NULL, NULL, 1, NULL, 39),
(156, '2021-08-09 13:35:01.598450', '2021-08-09 13:35:01.598450', '0.00', '0.00', 'Лоунж, ресторанаас орж ирсэн орлогын гүйлгээ.', 0, 0, '16900.00', NULL, 2, 1, NULL, 5, NULL, NULL, NULL, NULL, NULL, 1, 272, NULL, NULL, NULL, NULL, 6, NULL, 39),
(157, '2021-08-09 13:41:26.607568', '2021-08-09 13:41:26.607568', '0.00', '0.00', 'Лоунж, ресторанаас орж ирсэн орлогын гүйлгээ.', 0, 0, '72800.00', NULL, 2, 1, NULL, 5, NULL, NULL, NULL, NULL, NULL, 1, 273, NULL, NULL, NULL, NULL, 6, NULL, 39),
(158, '2021-08-09 13:51:51.833106', '2021-08-09 13:51:51.833106', '0.00', '0.00', 'Лоунж, ресторанаас орж ирсэн орлогын гүйлгээ.', 0, 0, '252400.00', NULL, 2, 1, NULL, 5, NULL, NULL, NULL, NULL, NULL, 1, 274, NULL, NULL, NULL, NULL, 1, NULL, 39),
(159, '2021-08-09 13:54:51.576622', '2021-08-09 13:54:51.576622', '0.00', '0.00', 'Лоунж, ресторанаас орж ирсэн орлогын гүйлгээ.', 0, 0, '86600.00', NULL, 2, 1, NULL, 5, NULL, NULL, NULL, NULL, NULL, 1, 275, NULL, NULL, NULL, NULL, 1, NULL, 39),
(160, '2021-08-09 14:05:20.257726', '2021-08-09 14:05:20.257726', '0.00', '0.00', 'Лоунж, ресторанаас орж ирсэн орлогын гүйлгээ.', 0, 0, '76000.00', NULL, 2, 1, NULL, 5, NULL, NULL, NULL, NULL, NULL, 1, 280, NULL, NULL, NULL, NULL, 1, NULL, 39),
(161, '2021-08-09 14:26:14.079057', '2021-08-09 14:26:14.079057', '0.00', '0.00', 'Лоунж, ресторанаас орж ирсэн орлогын гүйлгээ.', 0, 0, '227200.00', NULL, 2, 1, NULL, 5, NULL, NULL, NULL, NULL, NULL, 1, 281, NULL, NULL, NULL, NULL, 1, NULL, 39),
(162, '2021-08-10 07:08:39.058193', '2021-08-10 07:08:39.058193', '0.00', '0.00', 'Лоунж, ресторанаас орж ирсэн орлогын гүйлгээ.', 0, 0, '50000.00', NULL, 8, 1, NULL, 5, NULL, NULL, NULL, NULL, NULL, 1, 284, NULL, NULL, NULL, NULL, 6, NULL, 41),
(163, '2021-08-10 07:44:25.020964', '2021-08-10 07:44:25.020964', '0.00', '0.00', 'Лоунж, ресторанаас орж ирсэн орлогын гүйлгээ.', 0, 0, '145400.00', NULL, 8, 1, NULL, 5, NULL, NULL, NULL, NULL, NULL, 1, 285, NULL, NULL, NULL, NULL, 1, NULL, 41),
(164, '2021-08-10 07:45:23.458666', '2021-08-10 07:45:23.458666', '0.00', '0.00', 'Лоунж, ресторанаас орж ирсэн орлогын гүйлгээ.', 0, 0, '46600.00', NULL, 8, 1, NULL, 5, NULL, NULL, NULL, NULL, NULL, 1, 286, NULL, NULL, NULL, NULL, 1, NULL, 41),
(165, '2021-08-10 07:52:41.711236', '2021-08-10 07:52:41.711236', '0.00', '0.00', 'Лоунж, ресторанаас орж ирсэн орлогын гүйлгээ.', 0, 0, '5000.00', NULL, 8, 1, NULL, 5, NULL, NULL, NULL, NULL, NULL, 1, 287, NULL, NULL, NULL, NULL, 1, NULL, 41),
(166, '2021-08-10 07:53:30.352122', '2021-08-10 07:53:30.352122', '0.00', '0.00', 'Лоунж, ресторанаас орж ирсэн орлогын гүйлгээ.', 0, 0, '31000.00', NULL, 8, 1, NULL, 5, NULL, NULL, NULL, NULL, NULL, 1, 288, NULL, NULL, NULL, NULL, 1, NULL, 41),
(167, '2021-08-10 08:37:40.005391', '2021-08-10 08:37:40.005391', '0.00', '0.00', 'Лоунж, ресторанаас орж ирсэн орлогын гүйлгээ.', 0, 0, '76800.00', NULL, 8, 1, NULL, 5, NULL, NULL, NULL, NULL, NULL, 1, 293, NULL, NULL, NULL, NULL, 1, NULL, 41),
(168, '2021-08-10 14:40:34.645646', '2021-08-10 14:40:34.646646', '0.00', '0.00', 'Лоунж, ресторанаас орж ирсэн орлогын гүйлгээ.', 0, 0, '64200.00', NULL, 2, 1, NULL, 5, NULL, NULL, NULL, NULL, NULL, 1, 308, NULL, NULL, NULL, NULL, 1, NULL, 41),
(169, '2021-08-10 14:51:02.794265', '2021-08-10 14:51:02.794265', '0.00', '0.00', 'Лоунж, ресторанаас орж ирсэн орлогын гүйлгээ.', 0, 0, '435300.00', NULL, 2, 1, NULL, 5, NULL, NULL, NULL, NULL, NULL, 1, 313, NULL, NULL, NULL, NULL, 6, NULL, 41),
(170, '2021-08-12 05:00:12.074386', '2021-08-12 05:00:12.074386', '0.00', '0.00', 'Лоунж, ресторанаас орж ирсэн орлогын гүйлгээ.', 0, 0, '296400.00', NULL, 2, 1, NULL, 5, NULL, NULL, NULL, NULL, NULL, 1, 316, NULL, NULL, NULL, NULL, 1, NULL, 42),
(171, '2021-08-12 08:18:05.870199', '2021-08-12 08:18:05.870199', '0.00', '0.00', 'Лоунж, ресторанаас орж ирсэн орлогын гүйлгээ.', 0, 0, '22500.00', NULL, 2, 1, NULL, 5, NULL, NULL, NULL, NULL, NULL, 1, 320, NULL, NULL, NULL, NULL, 6, NULL, 42),
(172, '2021-08-12 08:20:26.519244', '2021-08-12 08:20:26.519244', '0.00', '0.00', 'Лоунж, ресторанаас орж ирсэн орлогын гүйлгээ.', 0, 0, '81900.00', NULL, 2, 1, NULL, 5, NULL, NULL, NULL, NULL, NULL, 1, 321, NULL, NULL, NULL, NULL, 6, NULL, 42),
(173, '2021-08-12 08:23:30.011739', '2021-08-12 08:23:30.011739', '0.00', '0.00', 'Лоунж, ресторанаас орж ирсэн орлогын гүйлгээ.', 0, 0, '54300.00', NULL, 2, 1, NULL, 5, NULL, NULL, NULL, NULL, NULL, 1, 323, NULL, NULL, NULL, NULL, 1, NULL, 42),
(174, '2021-08-12 08:25:12.930626', '2021-08-12 08:25:12.931626', '0.00', '0.00', 'Лоунж, ресторанаас орж ирсэн орлогын гүйлгээ.', 0, 0, '30000.00', NULL, 2, 1, NULL, 5, NULL, NULL, NULL, NULL, NULL, 1, 325, NULL, NULL, NULL, NULL, 6, NULL, 42),
(175, '2021-08-12 08:32:01.965021', '2021-08-12 08:32:01.965021', '0.00', '0.00', 'Лоунж, ресторанаас орж ирсэн орлогын гүйлгээ.', 0, 0, '65000.00', NULL, 2, 1, NULL, 5, NULL, NULL, NULL, NULL, NULL, 1, 332, NULL, NULL, NULL, NULL, 1, NULL, 42),
(176, '2021-08-12 08:32:39.602174', '2021-08-12 08:32:39.602174', '0.00', '0.00', 'Лоунж, ресторанаас орж ирсэн орлогын гүйлгээ.', 0, 0, '61900.00', NULL, 2, 1, NULL, 5, NULL, NULL, NULL, NULL, NULL, 1, 333, NULL, NULL, NULL, NULL, 6, NULL, 42),
(177, '2021-08-12 08:35:14.734047', '2021-08-12 08:35:14.734047', '0.00', '0.00', 'Лоунж, ресторанаас орж ирсэн орлогын гүйлгээ.', 0, 0, '24800.00', NULL, 2, 1, NULL, 5, NULL, NULL, NULL, NULL, NULL, 1, 336, NULL, NULL, NULL, NULL, 6, NULL, 42),
(178, '2021-08-12 08:37:17.048043', '2021-08-12 08:37:17.048043', '0.00', '0.00', 'Лоунж, ресторанаас орж ирсэн орлогын гүйлгээ.', 0, 0, '61900.00', NULL, 2, 1, NULL, 5, NULL, NULL, NULL, NULL, NULL, 1, 339, NULL, NULL, NULL, NULL, 1, NULL, 42),
(179, '2021-08-12 08:38:49.910354', '2021-08-12 08:38:49.910354', '0.00', '0.00', 'Лоунж, ресторанаас орж ирсэн орлогын гүйлгээ.', 0, 0, '50900.00', NULL, 2, 1, NULL, 5, NULL, NULL, NULL, NULL, NULL, 1, 341, NULL, NULL, NULL, NULL, 6, NULL, 42),
(180, '2021-08-13 02:21:06.680729', '2021-08-13 02:21:06.680729', '0.00', '0.00', 'Лоунж, ресторанаас орж ирсэн орлогын гүйлгээ.', 0, 0, '16900.00', NULL, 2, 1, NULL, 5, NULL, NULL, NULL, NULL, NULL, 1, 347, NULL, NULL, NULL, NULL, 1, NULL, 43),
(181, '2021-08-13 02:23:30.388181', '2021-08-13 02:23:30.388181', '0.00', '0.00', 'Лоунж, ресторанаас орж ирсэн орлогын гүйлгээ.', 0, 0, '58100.00', NULL, 2, 1, NULL, 5, NULL, NULL, NULL, NULL, NULL, 1, 348, NULL, NULL, NULL, NULL, 1, NULL, 43),
(182, '2021-08-13 02:27:49.364236', '2021-08-13 02:27:49.364236', '0.00', '0.00', 'Лоунж, ресторанаас орж ирсэн орлогын гүйлгээ.', 0, 0, '116900.00', NULL, 2, 1, NULL, 5, NULL, NULL, NULL, NULL, NULL, 1, 349, NULL, NULL, NULL, NULL, 1, NULL, 43),
(183, '2021-08-13 02:27:59.863054', '2021-08-13 02:27:59.863054', '0.00', '0.00', 'Лоунж, ресторанаас орж ирсэн орлогын гүйлгээ.', 0, 0, '130000.00', NULL, 2, 1, NULL, 5, NULL, NULL, NULL, NULL, NULL, 1, 350, NULL, NULL, NULL, NULL, 6, NULL, 43),
(184, '2021-08-13 02:34:31.501742', '2021-08-13 02:34:31.501742', '0.00', '0.00', 'Лоунж, ресторанаас орж ирсэн орлогын гүйлгээ.', 0, 0, '96300.00', NULL, 2, 1, NULL, 5, NULL, NULL, NULL, NULL, NULL, 1, 352, NULL, NULL, NULL, NULL, 1, NULL, 43),
(185, '2021-08-13 04:31:55.085714', '2021-08-13 04:31:55.085714', '0.00', '0.00', 'Лоунж, ресторанаас орж ирсэн орлогын гүйлгээ.', 0, 0, '21800.00', NULL, 2, 1, NULL, 5, NULL, NULL, NULL, NULL, NULL, 1, 357, NULL, NULL, NULL, NULL, 6, NULL, 43),
(186, '2021-08-13 04:34:25.454378', '2021-08-13 04:34:25.454378', '0.00', '0.00', 'Лоунж, ресторанаас орж ирсэн орлогын гүйлгээ.', 0, 0, '46700.00', NULL, 2, 1, NULL, 5, NULL, NULL, NULL, NULL, NULL, 1, 360, NULL, NULL, NULL, NULL, 1, NULL, 43),
(187, '2021-08-13 04:37:50.766338', '2021-08-13 04:37:50.766338', '0.00', '0.00', 'Лоунж, ресторанаас орж ирсэн орлогын гүйлгээ.', 0, 0, '57900.00', NULL, 2, 1, NULL, 5, NULL, NULL, NULL, NULL, NULL, 1, 361, NULL, NULL, NULL, NULL, 1, NULL, 43),
(188, '2021-08-13 04:38:50.062043', '2021-08-13 04:38:50.062043', '0.00', '0.00', 'Лоунж, ресторанаас орж ирсэн орлогын гүйлгээ.', 0, 0, '39000.00', NULL, 2, 1, NULL, 5, NULL, NULL, NULL, NULL, NULL, 1, 362, NULL, NULL, NULL, NULL, 1, NULL, 43),
(189, '2021-08-13 04:40:18.373798', '2021-08-13 04:40:18.373798', '0.00', '0.00', 'Лоунж, ресторанаас орж ирсэн орлогын гүйлгээ.', 0, 0, '66900.00', NULL, 2, 1, NULL, 5, NULL, NULL, NULL, NULL, NULL, 1, 364, NULL, NULL, NULL, NULL, 1, NULL, 43),
(190, '2021-08-13 04:41:04.659079', '2021-08-13 04:41:04.659079', '0.00', '0.00', 'Лоунж, ресторанаас орж ирсэн орлогын гүйлгээ.', 0, 0, '65700.00', NULL, 2, 1, NULL, 5, NULL, NULL, NULL, NULL, NULL, 1, 365, NULL, NULL, NULL, NULL, 1, NULL, 43),
(191, '2021-08-13 04:42:27.791625', '2021-08-13 04:42:27.791625', '0.00', '0.00', 'Лоунж, ресторанаас орж ирсэн орлогын гүйлгээ.', 0, 0, '11900.00', NULL, 2, 1, NULL, 5, NULL, NULL, NULL, NULL, NULL, 1, 367, NULL, NULL, NULL, NULL, 1, NULL, 43),
(192, '2021-08-13 04:44:12.514609', '2021-08-13 04:44:12.514609', '0.00', '0.00', 'Лоунж, ресторанаас орж ирсэн орлогын гүйлгээ.', 0, 0, '49000.00', NULL, 2, 1, NULL, 5, NULL, NULL, NULL, NULL, NULL, 1, 368, NULL, NULL, NULL, NULL, 6, NULL, 43),
(193, '2021-08-13 04:44:50.391476', '2021-08-13 04:44:50.391476', '0.00', '0.00', 'Лоунж, ресторанаас орж ирсэн орлогын гүйлгээ.', 0, 0, '63000.00', NULL, 2, 1, NULL, 5, NULL, NULL, NULL, NULL, NULL, 1, 369, NULL, NULL, NULL, NULL, 1, NULL, 43),
(194, '2021-08-13 04:46:03.228003', '2021-08-13 04:46:03.228003', '0.00', '0.00', 'Лоунж, ресторанаас орж ирсэн орлогын гүйлгээ.', 0, 0, '24700.00', NULL, 2, 1, NULL, 5, NULL, NULL, NULL, NULL, NULL, 1, 370, NULL, NULL, NULL, NULL, 6, NULL, 43),
(195, '2021-08-13 04:47:02.632908', '2021-08-13 04:47:02.632908', '0.00', '0.00', 'Лоунж, ресторанаас орж ирсэн орлогын гүйлгээ.', 0, 0, '17800.00', NULL, 2, 1, NULL, 5, NULL, NULL, NULL, NULL, NULL, 1, 371, NULL, NULL, NULL, NULL, 1, NULL, 43);

-- --------------------------------------------------------

--
-- Table structure for table `financial_app_money_transfer_type`
--

CREATE TABLE `financial_app_money_transfer_type` (
  `id` int(11) NOT NULL,
  `created_at` datetime(6) DEFAULT NULL,
  `name` varchar(255) COLLATE utf8_unicode_ci NOT NULL,
  `description` longtext COLLATE utf8_unicode_ci DEFAULT NULL,
  `created_by_id` int(11) DEFAULT NULL
) ENGINE=InnoDB DEFAULT CHARSET=utf8 COLLATE=utf8_unicode_ci;

--
-- Dumping data for table `financial_app_money_transfer_type`
--

INSERT INTO `financial_app_money_transfer_type` (`id`, `created_at`, `name`, `description`, `created_by_id`) VALUES
(1, '2020-06-20 07:47:52.913968', 'Орлогын гүйлгээ', 'Үйлчилгээ үзүүлээд олсон мөнгөний гүйлгээ.', 1),
(2, '2021-06-30 12:09:23.693639', 'Зарлагын гүйлгээ', 'Орлогоос ямар нэгэн зүйлд зориулж, аль эсвэл хувьдаа авсан бүх гүйлгээг хэлнэ.', 1);

-- --------------------------------------------------------

--
-- Table structure for table `financial_app_wallet`
--

CREATE TABLE `financial_app_wallet` (
  `id` int(11) NOT NULL,
  `created_at` datetime(6) DEFAULT NULL,
  `name` varchar(255) COLLATE utf8_unicode_ci NOT NULL,
  `description` longtext COLLATE utf8_unicode_ci DEFAULT NULL,
  `bank` varchar(255) COLLATE utf8_unicode_ci DEFAULT NULL,
  `account` bigint(20) DEFAULT NULL,
  `balance` decimal(14,2) NOT NULL,
  `msg_info_fee` decimal(14,2) DEFAULT NULL,
  `transfer_fee` decimal(14,2) DEFAULT NULL,
  `bank_transfer_fee` decimal(14,2) DEFAULT NULL,
  `created_by_id` int(11) DEFAULT NULL,
  `owner_id` int(11) DEFAULT NULL,
  `division_id` int(11) DEFAULT NULL,
  `is_pos` tinyint(1) NOT NULL,
  `parent_id` int(11) DEFAULT NULL
) ENGINE=InnoDB DEFAULT CHARSET=utf8 COLLATE=utf8_unicode_ci;

--
-- Dumping data for table `financial_app_wallet`
--

INSERT INTO `financial_app_wallet` (`id`, `created_at`, `name`, `description`, `bank`, `account`, `balance`, `msg_info_fee`, `transfer_fee`, `bank_transfer_fee`, `created_by_id`, `owner_id`, `division_id`, `is_pos`, `parent_id`) VALUES
(1, '2020-06-20 08:56:40.378495', 'Цасчихэр', 'Цасчихэр', 'Хаан банк', 5094321905, '0.00', '0.00', '0.00', '0.00', 1, 2, NULL, 0, NULL),
(2, '2020-06-20 08:58:40.129292', 'Хаш-Эрдэнэ', 'Хаш-Эрдэнэ', 'Хаан банк', 5090613276, '0.00', '0.00', '0.00', '0.00', 1, 3, NULL, 0, NULL),
(3, '2020-07-05 07:51:28.552630', 'Эрдэнэсоёл', 'Эрдэнэсоёл', 'Голомт банк', 4025107178, '0.00', '0.00', '0.00', '0.00', 1, 4, NULL, 0, NULL),
(4, '2020-07-05 07:53:00.043191', 'POS - Зочид буудал', 'POS - Зочид буудал', 'Голомт банк', 100001, '0.00', '0.00', '0.00', '0.00', 1, 4, 3, 0, NULL),
(5, '2020-07-05 07:53:43.233613', 'POS - Лоунж', 'POS - Лоунж', 'Голомт банк', 100002, '0.00', '0.00', '0.00', '0.00', 1, 4, 5, 0, NULL),
(6, '2021-05-30 14:34:43.588282', 'Бэлэн - Лоунж', 'Бэлэн - Лоунж', 'Бэлэн', 100003, '0.00', '0.00', '0.00', '0.00', 1, 2, 5, 0, NULL);

-- --------------------------------------------------------

--
-- Table structure for table `hotel_hotel_client_item`
--

CREATE TABLE `hotel_hotel_client_item` (
  `id` int(11) NOT NULL,
  `quantity` int(11) NOT NULL,
  `client_id` int(11) NOT NULL,
  `product_id` int(11) NOT NULL
) ENGINE=InnoDB DEFAULT CHARSET=utf8 COLLATE=utf8_unicode_ci;

-- --------------------------------------------------------

--
-- Table structure for table `hotel_hotel_client_item_eelj`
--

CREATE TABLE `hotel_hotel_client_item_eelj` (
  `id` int(11) NOT NULL,
  `quantity` int(11) NOT NULL,
  `client_id` int(11) NOT NULL,
  `product_id` int(11) NOT NULL
) ENGINE=InnoDB DEFAULT CHARSET=utf8 COLLATE=utf8_unicode_ci;

-- --------------------------------------------------------

--
-- Table structure for table `hotel_hotel_client_log`
--

CREATE TABLE `hotel_hotel_client_log` (
  `id` int(11) NOT NULL,
  `value` varchar(3) COLLATE utf8_unicode_ci NOT NULL,
  `number` int(11) DEFAULT NULL,
  `created_at` datetime(6) NOT NULL,
  `client_id` int(11) DEFAULT NULL,
  `choices_type` varchar(3) COLLATE utf8_unicode_ci NOT NULL
) ENGINE=InnoDB DEFAULT CHARSET=utf8 COLLATE=utf8_unicode_ci;

-- --------------------------------------------------------

--
-- Table structure for table `notification_notification`
--

CREATE TABLE `notification_notification` (
  `id` int(11) NOT NULL,
  `title` varchar(256) COLLATE utf8_unicode_ci NOT NULL,
  `message` longtext COLLATE utf8_unicode_ci NOT NULL,
  `viewed` tinyint(1) NOT NULL,
  `url` longtext COLLATE utf8_unicode_ci DEFAULT NULL,
  `user_id` int(11) NOT NULL
) ENGINE=InnoDB DEFAULT CHARSET=utf8 COLLATE=utf8_unicode_ci;

-- --------------------------------------------------------

--
-- Table structure for table `payment_app_bill`
--

CREATE TABLE `payment_app_bill` (
  `id` int(11) NOT NULL,
  `created_at` datetime(6) DEFAULT NULL,
  `updated_at` datetime(6) DEFAULT NULL,
  `total_amount` decimal(14,2) NOT NULL,
  `discount_rate` int(11) NOT NULL,
  `discounted_amount` decimal(14,2) NOT NULL,
  `amount` decimal(14,2) NOT NULL,
  `status` varchar(255) COLLATE utf8_unicode_ci NOT NULL,
  `got_ebarimt` tinyint(1) NOT NULL,
  `did_splited` tinyint(1) NOT NULL,
  `company_name` varchar(255) COLLATE utf8_unicode_ci NOT NULL,
  `company_register` varchar(255) COLLATE utf8_unicode_ci NOT NULL,
  `client_id` int(11) NOT NULL,
  `created_by_id` int(11) DEFAULT NULL,
  `customer_id` int(11) NOT NULL,
  `division_id` int(11) NOT NULL,
  `updated_by_id` int(11) DEFAULT NULL
) ENGINE=InnoDB DEFAULT CHARSET=utf8 COLLATE=utf8_unicode_ci;

-- --------------------------------------------------------

--
-- Table structure for table `payment_app_order`
--

CREATE TABLE `payment_app_order` (
  `id` int(11) NOT NULL,
  `created_at` datetime(6) DEFAULT NULL,
  `updated_at` datetime(6) DEFAULT NULL,
  `amount` decimal(14,2) DEFAULT NULL,
  `required_date` datetime(6) NOT NULL,
  `is_now` tinyint(1) NOT NULL,
  `status` varchar(255) COLLATE utf8_unicode_ci NOT NULL,
  `client_id` int(11) NOT NULL,
  `created_by_id` int(11) DEFAULT NULL,
  `customer_id` int(11) DEFAULT NULL,
  `division_id` int(11) NOT NULL,
  `shift_work_id` int(11) DEFAULT NULL,
  `updated_by_id` int(11) DEFAULT NULL,
  `worker_id` int(11) DEFAULT NULL,
  `discount` decimal(14,2) DEFAULT NULL,
  `discounted_amount` decimal(14,2) DEFAULT NULL,
  `discounted_percent` decimal(14,2) DEFAULT NULL,
  `discount_by_id` int(11) DEFAULT NULL
) ENGINE=InnoDB DEFAULT CHARSET=utf8 COLLATE=utf8_unicode_ci;

--
-- Dumping data for table `payment_app_order`
--

INSERT INTO `payment_app_order` (`id`, `created_at`, `updated_at`, `amount`, `required_date`, `is_now`, `status`, `client_id`, `created_by_id`, `customer_id`, `division_id`, `shift_work_id`, `updated_by_id`, `worker_id`, `discount`, `discounted_amount`, `discounted_percent`, `discount_by_id`) VALUES
(76, '2021-07-24 14:00:27.692651', '2021-07-25 13:10:54.815288', '71900.00', '2021-07-24 14:00:31.564000', 1, 'Төлбөр гүйцэт төлсөн.', 25, 2, NULL, 5, 29, NULL, NULL, '0.00', '71900.00', '0.00', NULL),
(77, '2021-07-24 14:04:53.521722', '2021-07-25 13:10:54.862291', '136600.00', '2021-07-24 14:04:57.532000', 1, 'Төлбөр гүйцэт төлсөн.', 22, 2, NULL, 5, 29, 2, NULL, '0.00', '136600.00', '0.00', NULL),
(78, '2021-07-24 14:08:19.094169', '2021-07-25 13:10:54.903293', '37700.00', '2021-07-24 14:08:23.103000', 1, 'Төлбөр гүйцэт төлсөн.', 23, 2, NULL, 5, 29, NULL, NULL, '0.00', '37700.00', '0.00', NULL),
(79, '2021-07-24 14:09:35.094149', '2021-07-25 13:10:54.945296', '13500.00', '2021-07-24 14:09:39.090000', 1, 'Төлбөр гүйцэт төлсөн.', 23, 2, NULL, 5, 29, NULL, NULL, '0.00', '13500.00', '0.00', NULL),
(80, '2021-07-24 14:10:34.801562', '2021-07-25 13:10:54.988298', '49000.00', '2021-07-24 14:10:38.828000', 1, 'Төлбөр гүйцэт төлсөн.', 20, 2, NULL, 5, 29, NULL, NULL, '0.00', '49000.00', '0.00', NULL),
(81, '2021-07-24 14:12:48.753959', '2021-07-25 13:10:55.019300', '62100.00', '2021-07-24 14:12:52.770000', 1, 'Төлбөр гүйцэт төлсөн.', 25, 2, NULL, 5, 29, NULL, NULL, '0.00', '62100.00', '0.00', NULL),
(82, '2021-07-24 14:16:02.605896', '2021-07-25 13:10:55.103305', '27000.00', '2021-07-24 14:16:06.656000', 1, 'Төлбөр гүйцэт төлсөн.', 29, 2, NULL, 5, 29, NULL, 4, '0.00', '27000.00', '0.00', NULL),
(83, '2021-07-24 14:17:06.118241', '2021-07-25 13:10:55.294316', '3000.00', '2021-07-24 14:17:10.157000', 1, 'Төлбөр төлөгдөөгүй.', 28, 2, NULL, 5, 29, NULL, 1, '0.00', '3000.00', '0.00', NULL),
(84, '2021-07-24 14:17:27.037094', '2021-07-25 13:10:55.338318', '3000.00', '2021-07-24 14:17:31.063000', 1, 'Төлбөр төлөгдөөгүй.', 25, 2, NULL, 5, 29, NULL, 4, '0.00', '3000.00', '0.00', NULL),
(85, '2021-07-25 14:00:41.366153', '2021-07-25 14:00:41.366153', '158900.00', '2021-07-25 14:00:44.968000', 1, 'Төлбөр төлөгдөөгүй.', 20, 2, NULL, 5, 30, NULL, NULL, '0.00', '158900.00', '0.00', NULL),
(87, '2021-07-26 12:53:37.127407', '2021-07-26 13:03:04.566803', '37900.00', '2021-07-26 12:54:28.587000', 1, 'Төлбөр гүйцэт төлсөн.', 29, 2, NULL, 5, 32, NULL, 4, '37900.00', '0.00', '100.00', 2),
(88, '2021-07-26 13:03:42.490470', '2021-07-26 13:06:33.014370', '17800.00', '2021-07-26 13:04:33.991000', 1, 'Төлбөр гүйцэт төлсөн.', 20, 2, NULL, 5, 32, NULL, NULL, '0.00', '17800.00', '0.00', NULL),
(89, '2021-07-26 13:11:52.162730', '2021-07-26 13:15:35.504723', '17900.00', '2021-07-26 13:12:43.674000', 1, 'Төлбөр гүйцэт төлсөн.', 29, 2, NULL, 5, 32, NULL, NULL, '0.00', '17900.00', '0.00', NULL),
(90, '2021-07-26 13:13:11.204470', '2021-07-26 13:15:03.977068', '60900.00', '2021-07-26 13:14:02.725000', 1, 'Төлбөр гүйцэт төлсөн.', 22, 2, NULL, 5, 32, NULL, NULL, '0.00', '60900.00', '0.00', NULL),
(91, '2021-07-26 13:16:31.477622', '2021-07-26 13:17:49.558759', '51700.00', '2021-07-26 13:17:22.976000', 1, 'Төлбөр гүйцэт төлсөн.', 22, 2, NULL, 5, 32, NULL, NULL, '0.00', '51700.00', '0.00', NULL),
(92, '2021-07-26 13:18:41.694050', '2021-07-26 13:19:19.820517', '42900.00', '2021-07-26 13:19:33.205000', 1, 'Төлбөр гүйцэт төлсөн.', 21, 2, NULL, 5, 32, NULL, NULL, '0.00', '42900.00', '0.00', NULL),
(93, '2021-07-26 13:19:50.552571', '2021-07-26 13:20:08.040202', '15800.00', '2021-07-26 13:20:42.069000', 1, 'Төлбөр гүйцэт төлсөн.', 20, 2, NULL, 5, 32, NULL, NULL, '0.00', '15800.00', '0.00', NULL),
(94, '2021-07-26 13:20:40.987460', '2021-07-26 13:20:49.005874', '49000.00', '2021-07-26 13:21:32.504000', 1, 'Төлбөр гүйцэт төлсөн.', 25, 2, NULL, 5, 32, NULL, NULL, '0.00', '49000.00', '0.00', NULL),
(95, '2021-07-26 13:21:27.381941', '2021-07-26 13:21:36.102357', '54800.00', '2021-07-26 13:22:18.899000', 1, 'Төлбөр гүйцэт төлсөн.', 22, 2, NULL, 5, 32, NULL, NULL, '0.00', '54800.00', '0.00', NULL),
(96, '2021-07-26 13:22:47.363282', '2021-07-26 13:22:59.188103', '52800.00', '2021-07-26 13:23:38.862000', 1, 'Төлбөр гүйцэт төлсөн.', 23, 2, NULL, 5, 32, NULL, NULL, '0.00', '52800.00', '0.00', NULL),
(97, '2021-07-26 13:29:01.633553', '2021-07-26 13:30:18.432488', '68600.00', '2021-07-26 13:29:53.101000', 1, 'Төлбөр гүйцэт төлсөн.', 10, 2, NULL, 3, 32, NULL, NULL, '0.00', '68600.00', '0.00', NULL),
(98, '2021-07-26 13:34:00.826478', '2021-07-26 13:50:04.562773', '76600.00', '2021-07-26 13:34:52.313000', 1, 'Төлбөр гүйцэт төлсөн.', 25, 2, NULL, 5, 32, NULL, NULL, '0.00', '76600.00', '0.00', NULL),
(99, '2021-07-26 13:51:06.167281', '2021-07-26 13:51:29.146121', '64600.00', '2021-07-26 13:51:57.681000', 1, 'Төлбөр гүйцэт төлсөн.', 24, 2, NULL, 5, 32, NULL, NULL, '0.00', '64600.00', '0.00', NULL),
(100, '2021-07-26 14:10:07.608964', '2021-07-26 14:12:49.786241', '256700.00', '2021-07-26 14:10:59.083000', 1, 'Төлбөр гүйцэт төлсөн.', 28, 2, NULL, 5, 32, 2, NULL, '0.00', '256700.00', '0.00', NULL),
(101, '2021-07-26 14:13:09.952818', '2021-07-26 14:13:32.339858', '8000.00', '2021-07-26 14:14:01.467000', 1, 'Төлбөр гүйцэт төлсөн.', 29, 2, NULL, 5, 32, NULL, NULL, '0.00', '8000.00', '0.00', NULL),
(102, '2021-07-26 14:16:19.917352', '2021-07-26 14:17:51.813514', '86500.00', '2021-07-26 14:17:11.423000', 1, 'Төлбөр гүйцэт төлсөн.', 22, 2, NULL, 5, 32, 2, NULL, '0.00', '86500.00', '0.00', NULL),
(103, '2021-07-26 14:20:19.762883', '2021-07-26 14:20:32.572616', '29000.00', '2021-07-26 14:21:11.260000', 1, 'Төлбөр гүйцэт төлсөн.', 24, 2, NULL, 5, 32, NULL, NULL, '0.00', '29000.00', '0.00', NULL),
(104, '2021-07-26 14:21:16.690139', '2021-07-26 14:21:31.434983', '27700.00', '2021-07-26 14:22:08.180000', 1, 'Төлбөр гүйцэт төлсөн.', 11, 2, NULL, 3, 32, NULL, NULL, '0.00', '27700.00', '0.00', NULL),
(105, '2021-07-26 14:22:23.488960', '2021-07-26 14:22:36.234689', '30200.00', '2021-07-26 14:23:14.971000', 1, 'Төлбөр гүйцэт төлсөн.', 22, 2, NULL, 5, 32, NULL, NULL, '0.00', '30200.00', '0.00', NULL),
(106, '2021-07-26 14:22:52.408614', '2021-07-26 14:23:03.015221', '13800.00', '2021-07-26 14:23:43.876000', 1, 'Төлбөр гүйцэт төлсөн.', 29, 2, NULL, 5, 32, NULL, NULL, '0.00', '13800.00', '0.00', NULL),
(107, '2021-07-26 14:24:08.918731', '2021-07-26 14:24:16.812344', '20700.00', '2021-07-26 14:25:00.418000', 1, 'Төлбөр гүйцэт төлсөн.', 29, 2, NULL, 5, 32, NULL, NULL, '0.00', '20700.00', '0.00', NULL),
(108, '2021-07-26 14:28:01.033538', '2021-07-26 14:28:50.190225', '9000.00', '2021-07-26 14:28:52.510000', 1, 'Төлбөр гүйцэт төлсөн.', 29, 2, NULL, 5, 32, NULL, NULL, '0.00', '9000.00', '0.00', NULL),
(109, '2021-07-27 05:27:29.068538', '2021-07-27 05:27:51.858842', '21800.00', '2021-07-27 05:27:31.541000', 1, 'Төлбөр гүйцэт төлсөн.', 11, 6, NULL, 3, 33, NULL, NULL, '0.00', '21800.00', '0.00', NULL),
(110, '2021-07-27 05:53:17.192086', '2021-07-27 14:10:26.758130', '75600.00', '2021-07-27 05:53:19.769000', 1, 'Төлбөр гүйцэт төлсөн.', 21, 6, NULL, 5, 33, 6, 6, '0.00', '75600.00', '0.00', NULL),
(111, '2021-07-27 06:01:25.762030', '2021-07-27 06:01:57.740859', '34900.00', '2021-07-27 06:01:28.392000', 1, 'Төлбөр гүйцэт төлсөн.', 22, 6, NULL, 5, 33, NULL, NULL, '0.00', '34900.00', '0.00', NULL),
(112, '2021-07-27 06:02:29.354667', '2021-07-27 06:24:10.612095', '59000.00', '2021-07-27 06:02:31.971000', 1, 'Төлбөр гүйцэт төлсөн.', 8, 6, NULL, 3, 33, NULL, NULL, '0.00', '59000.00', '0.00', NULL),
(113, '2021-07-27 06:03:18.821497', '2021-07-27 06:32:12.412653', '36900.00', '2021-07-27 06:03:21.458000', 1, 'Төлбөр гүйцэт төлсөн.', 20, 6, NULL, 5, 33, NULL, NULL, '0.00', '36900.00', '0.00', NULL),
(114, '2021-07-27 06:11:56.085083', '2021-07-27 06:18:04.101132', '99200.00', '2021-07-27 06:11:58.746000', 1, 'Төлбөр гүйцэт төлсөн.', 23, 6, NULL, 5, 33, NULL, NULL, '4000.00', '95200.00', '4.03', 6),
(115, '2021-07-27 07:02:11.775633', '2021-07-27 08:54:59.548543', '57700.00', '2021-07-27 07:02:14.608000', 1, 'Төлбөр гүйцэт төлсөн.', 20, 6, NULL, 5, 33, 6, NULL, '0.00', '57700.00', '0.00', NULL),
(116, '2021-07-27 07:14:14.734703', '2021-07-27 07:14:47.057960', '23800.00', '2021-07-27 07:14:17.599000', 1, 'Төлбөр гүйцэт төлсөн.', 3, 8, NULL, 3, 33, NULL, NULL, '0.00', '23800.00', '0.00', NULL),
(117, '2021-07-27 07:53:43.370356', '2021-07-27 08:47:41.931173', '25800.00', '2021-07-27 07:53:46.275000', 1, 'Төлбөр гүйцэт төлсөн.', 22, 2, NULL, 5, 33, NULL, NULL, '0.00', '25800.00', '0.00', NULL),
(118, '2021-07-27 08:08:27.494925', '2021-07-27 08:53:03.765139', '67700.00', '2021-07-27 08:08:30.520000', 1, 'Төлбөр гүйцэт төлсөн.', 24, 2, NULL, 5, 33, 6, NULL, '0.00', '67700.00', '0.00', NULL),
(119, '2021-07-27 08:13:31.815331', '2021-07-28 03:57:53.189312', '137100.00', '2021-07-27 08:13:34.861000', 1, 'Төлбөр төлөгдөөгүй.', 29, 2, NULL, 5, 33, 2, 4, '0.00', '137100.00', '0.00', NULL),
(121, '2021-07-27 09:44:42.602047', '2021-07-27 09:45:07.501295', '63900.00', '2021-07-27 09:44:45.947000', 1, 'Төлбөр гүйцэт төлсөн.', 29, 6, NULL, 5, 33, NULL, NULL, '0.00', '63900.00', '0.00', NULL),
(122, '2021-07-27 13:48:44.396032', '2021-07-27 13:49:02.694864', '76600.00', '2021-07-27 13:49:36.623000', 1, 'Төлбөр гүйцэт төлсөн.', 23, 2, NULL, 5, 33, NULL, NULL, '0.00', '76600.00', '0.00', NULL),
(123, '2021-07-27 13:50:51.553855', '2021-07-27 13:51:19.477904', '120300.00', '2021-07-27 13:51:43.995000', 1, 'Төлбөр гүйцэт төлсөн.', 22, 2, NULL, 5, 33, NULL, NULL, '0.00', '120300.00', '0.00', NULL),
(124, '2021-07-27 13:54:04.247394', '2021-07-27 13:54:15.931814', '13900.00', '2021-07-27 13:54:56.682000', 1, 'Төлбөр гүйцэт төлсөн.', 24, 2, NULL, 5, 33, NULL, NULL, '0.00', '13900.00', '0.00', NULL),
(125, '2021-07-27 13:55:17.208722', '2021-07-27 13:55:30.343945', '42700.00', '2021-07-27 13:56:09.646000', 1, 'Төлбөр гүйцэт төлсөн.', 8, 2, NULL, 3, 33, NULL, NULL, '0.00', '42700.00', '0.00', NULL),
(126, '2021-07-27 13:56:35.146459', '2021-07-27 13:56:50.184885', '110400.00', '2021-07-27 13:57:27.586000', 1, 'Төлбөр гүйцэт төлсөн.', 20, 2, NULL, 5, 33, NULL, NULL, '0.00', '110400.00', '0.00', NULL),
(127, '2021-07-27 13:57:31.197357', '2021-07-27 13:57:39.543372', '33800.00', '2021-07-27 13:58:23.629000', 1, 'Төлбөр гүйцэт төлсөн.', 28, 2, NULL, 5, 33, NULL, NULL, '0.00', '33800.00', '0.00', NULL),
(128, '2021-07-27 13:58:45.547088', '2021-07-27 13:58:53.534302', '78600.00', '2021-07-27 13:59:37.938000', 1, 'Төлбөр гүйцэт төлсөн.', 23, 2, NULL, 5, 33, NULL, NULL, '0.00', '78600.00', '0.00', NULL),
(129, '2021-07-27 13:59:32.315970', '2021-07-27 13:59:44.624391', '31900.00', '2021-07-27 14:00:24.744000', 1, 'Төлбөр гүйцэт төлсөн.', 21, 2, NULL, 5, 33, NULL, NULL, '0.00', '31900.00', '0.00', NULL),
(130, '2021-07-27 14:00:32.157675', '2021-07-27 14:00:43.186894', '22800.00', '2021-07-27 14:01:24.583000', 1, 'Төлбөр гүйцэт төлсөн.', 25, 2, NULL, 5, 33, NULL, NULL, '0.00', '22800.00', '0.00', NULL),
(131, '2021-07-27 14:02:13.011852', '2021-07-27 14:02:13.011852', '198200.00', '2021-07-27 14:03:05.432000', 1, 'Төлбөр төлөгдөөгүй.', 24, 2, NULL, 5, 33, NULL, NULL, '0.00', '198200.00', '0.00', NULL),
(132, '2021-07-28 05:34:07.241451', '2021-07-28 06:19:52.019322', '86700.00', '2021-07-28 05:34:09.090000', 1, 'Төлбөр гүйцэт төлсөн.', 22, 8, NULL, 5, 34, 7, NULL, '0.00', '86700.00', '0.00', NULL),
(133, '2021-07-28 05:51:16.364707', '2021-07-28 05:51:58.079180', '75700.00', '2021-07-28 05:51:18.300000', 1, 'Төлбөр гүйцэт төлсөн.', 11, 7, NULL, 3, 34, NULL, NULL, '0.00', '75700.00', '0.00', NULL),
(134, '2021-07-28 05:59:39.095190', '2021-07-28 05:59:49.672009', '85500.00', '2021-07-28 05:59:41.069000', 1, 'Төлбөр гүйцэт төлсөн.', 22, 7, NULL, 5, 34, NULL, NULL, '0.00', '85500.00', '0.00', NULL),
(135, '2021-07-28 08:26:30.611199', '2021-07-28 08:26:46.554427', '18900.00', '2021-07-28 08:26:32.981000', 1, 'Төлбөр гүйцэт төлсөн.', 23, 6, NULL, 5, 34, NULL, NULL, '0.00', '18900.00', '0.00', NULL),
(136, '2021-07-28 08:28:03.667363', '2021-07-28 08:28:13.370580', '91700.00', '2021-07-28 08:28:06.113000', 1, 'Төлбөр гүйцэт төлсөн.', 11, 6, NULL, 3, 34, NULL, NULL, '0.00', '91700.00', '0.00', NULL),
(137, '2021-07-28 08:38:38.950279', '2021-07-28 09:05:55.844162', '33800.00', '2021-07-28 08:38:41.430000', 1, 'Төлбөр гүйцэт төлсөн.', 29, 6, NULL, 5, 34, NULL, NULL, '0.00', '33800.00', '0.00', NULL),
(138, '2021-07-28 09:25:40.438445', '2021-07-28 10:22:16.492225', '44800.00', '2021-07-28 09:25:43.056000', 1, 'Төлбөр гүйцэт төлсөн.', 22, 6, NULL, 5, 34, NULL, NULL, '0.00', '44800.00', '0.00', NULL),
(139, '2021-07-28 09:41:21.970305', '2021-07-28 10:22:34.386456', '29000.00', '2021-07-28 09:41:24.596000', 1, 'Төлбөр гүйцэт төлсөн.', 23, 6, NULL, 5, 34, NULL, NULL, '0.00', '29000.00', '0.00', NULL),
(140, '2021-07-28 09:59:08.140380', '2021-07-28 10:36:26.217118', '12900.00', '2021-07-28 09:59:10.852000', 1, 'Төлбөр гүйцэт төлсөн.', 20, 6, NULL, 5, 34, NULL, NULL, '0.00', '12900.00', '0.00', NULL),
(141, '2021-07-28 10:45:55.434918', '2021-07-28 10:58:29.907043', '82300.00', '2021-07-28 10:45:58.235000', 1, 'Төлбөр төлөгдөөгүй.', 25, 6, NULL, 5, 34, 6, NULL, '0.00', '82300.00', '0.00', NULL),
(142, '2021-07-28 11:00:11.199021', '2021-07-28 14:51:00.639760', '246600.00', '2021-07-28 11:00:14.101000', 1, 'Төлбөр гүйцэт төлсөн.', 25, 6, NULL, 5, 34, 2, NULL, '0.00', '246600.00', '0.00', NULL),
(143, '2021-07-28 13:54:40.353249', '2021-07-28 13:54:55.984476', '76600.00', '2021-07-28 13:55:33.490000', 1, 'Төлбөр гүйцэт төлсөн.', 23, 2, NULL, 5, 34, NULL, NULL, '0.00', '76600.00', '0.00', NULL),
(144, '2021-07-28 13:55:42.191757', '2021-07-28 13:55:50.834173', '1900.00', '2021-07-28 13:56:35.391000', 1, 'Төлбөр гүйцэт төлсөн.', 24, 2, NULL, 5, 34, NULL, NULL, '0.00', '1900.00', '0.00', NULL),
(145, '2021-07-28 13:56:14.078213', '2021-07-28 13:56:19.912624', '17800.00', '2021-07-28 13:57:07.268000', 1, 'Төлбөр гүйцэт төлсөн.', 29, 2, NULL, 5, 34, NULL, NULL, '0.00', '17800.00', '0.00', NULL),
(146, '2021-07-28 13:57:17.835525', '2021-07-28 13:57:24.106736', '40800.00', '2021-07-28 13:58:11.033000', 1, 'Төлбөр гүйцэт төлсөн.', 22, 2, NULL, 5, 34, NULL, NULL, '0.00', '40800.00', '0.00', NULL),
(147, '2021-07-28 13:58:36.272463', '2021-07-28 13:58:43.354876', '78700.00', '2021-07-28 13:59:29.438000', 1, 'Төлбөр гүйцэт төлсөн.', 20, 2, NULL, 5, 34, NULL, NULL, '0.00', '78700.00', '0.00', NULL),
(148, '2021-07-28 14:04:54.467329', '2021-07-28 14:05:04.108145', '77400.00', '2021-07-28 14:05:47.655000', 1, 'Төлбөр гүйцэт төлсөн.', 30, 2, NULL, 6, 34, NULL, NULL, '0.00', '77400.00', '0.00', NULL),
(149, '2021-07-28 14:08:07.704868', '2021-07-28 14:08:20.902491', '66500.00', '2021-07-28 14:09:00.887000', 1, 'Төлбөр гүйцэт төлсөн.', 22, 2, NULL, 5, 34, NULL, NULL, '0.00', '66500.00', '0.00', NULL),
(150, '2021-07-28 14:09:04.254967', '2021-07-28 14:09:04.254967', '63800.00', '2021-07-28 14:09:57.435000', 1, 'Төлбөр төлөгдөөгүй.', 28, 2, NULL, 5, 34, NULL, NULL, '0.00', '63800.00', '0.00', NULL),
(151, '2021-07-28 14:13:29.512234', '2021-07-28 14:13:42.117056', '377600.00', '2021-07-28 14:14:22.677000', 1, 'Төлбөр дутуу төлсөн.', 32, 2, NULL, 6, 34, NULL, NULL, '0.00', '377600.00', '0.00', NULL),
(152, '2021-07-28 14:16:37.431164', '2021-07-28 14:16:48.511184', '3000.00', '2021-07-28 14:17:30.599000', 1, 'Төлбөр төлөгдөөгүй.', 29, 2, NULL, 5, 34, NULL, 4, '0.00', '3000.00', '0.00', NULL),
(153, '2021-07-28 14:23:09.872454', '2021-07-28 14:23:48.404521', '76800.00', '2021-07-28 14:24:03.058000', 1, 'Төлбөр гүйцэт төлсөн.', 24, 2, NULL, 5, 34, NULL, NULL, '0.00', '76800.00', '0.00', NULL),
(154, '2021-07-28 14:25:03.612253', '2021-07-28 14:25:10.507465', '91400.00', '2021-07-28 14:25:56.804000', 1, 'Төлбөр гүйцэт төлсөн.', 23, 2, NULL, 5, 34, NULL, NULL, '0.00', '91400.00', '0.00', NULL),
(155, '2021-07-28 14:28:51.169853', '2021-07-28 14:29:00.373869', '9000.00', '2021-07-28 14:29:44.360000', 1, 'Төлбөр гүйцэт төлсөн.', 29, 2, NULL, 5, 34, NULL, NULL, '0.00', '9000.00', '0.00', NULL),
(156, '2021-07-28 14:29:40.216339', '2021-07-28 14:29:47.095951', '65700.00', '2021-07-28 14:30:33.396000', 1, 'Төлбөр гүйцэт төлсөн.', 20, 2, NULL, 5, 34, NULL, NULL, '0.00', '65700.00', '0.00', NULL),
(157, '2021-07-28 14:47:54.232226', '2021-07-28 14:48:04.216244', '40500.00', '2021-07-28 14:48:47.407000', 1, 'Төлбөр төлөгдөөгүй.', 29, 2, NULL, 5, 34, NULL, 4, '0.00', '40500.00', '0.00', NULL),
(158, '2021-07-28 14:49:01.781151', '2021-07-28 14:49:01.781151', '12900.00', '2021-07-28 14:49:54.924000', 1, 'Төлбөр төлөгдөөгүй.', 29, 2, NULL, 5, 34, NULL, NULL, '0.00', '12900.00', '0.00', NULL),
(159, '2021-07-28 14:52:45.237944', '2021-07-28 14:53:29.042821', '143900.00', '2021-07-28 14:53:38.412000', 1, 'Төлбөр гүйцэт төлсөн.', 30, 2, NULL, 6, 34, NULL, NULL, '0.00', '143900.00', '0.00', NULL),
(160, '2021-07-29 06:26:00.391856', '2021-07-29 06:26:15.886743', '92100.00', '2021-07-29 06:26:02.109000', 1, 'Төлбөр гүйцэт төлсөн.', 22, 8, NULL, 5, 35, NULL, NULL, '0.00', '92100.00', '0.00', NULL),
(161, '2021-07-29 06:27:34.844259', '2021-07-29 07:32:28.547042', '73600.00', '2021-07-29 06:27:36.608000', 1, 'Төлбөр гүйцэт төлсөн.', 6, 8, NULL, 3, 35, 2, NULL, '0.00', '73600.00', '0.00', NULL),
(162, '2021-07-29 06:30:29.613255', '2021-07-29 06:30:43.962076', '19800.00', '2021-07-29 06:30:31.400000', 1, 'Төлбөр гүйцэт төлсөн.', 23, 8, NULL, 5, 35, NULL, NULL, '0.00', '19800.00', '0.00', NULL),
(163, '2021-07-29 06:31:14.387816', '2021-07-29 06:31:23.820355', '35000.00', '2021-07-29 06:31:16.177000', 1, 'Төлбөр гүйцэт төлсөн.', 25, 8, NULL, 5, 35, NULL, NULL, '0.00', '35000.00', '0.00', NULL),
(164, '2021-07-29 06:32:00.704465', '2021-07-29 07:05:18.757747', '30800.00', '2021-07-29 06:32:02.482000', 1, 'Төлбөр гүйцэт төлсөн.', 22, 8, NULL, 5, 35, NULL, NULL, '0.00', '30800.00', '0.00', NULL),
(165, '2021-07-29 07:25:06.001654', '2021-07-29 07:46:33.536527', '20700.00', '2021-07-29 07:25:07.951000', 1, 'Төлбөр гүйцэт төлсөн.', 25, 8, NULL, 5, 35, 8, NULL, '0.00', '20700.00', '0.00', NULL),
(166, '2021-07-29 07:29:07.967493', '2021-07-29 07:29:23.685392', '9000.00', '2021-07-29 07:29:09.909000', 1, 'Төлбөр гүйцэт төлсөн.', 29, 8, NULL, 5, 35, NULL, NULL, '0.00', '9000.00', '0.00', NULL),
(167, '2021-07-29 08:14:59.524249', '2021-07-29 08:16:00.017957', '12800.00', '2021-07-29 08:15:01.620000', 1, 'Төлбөр гүйцэт төлсөн.', 21, 8, NULL, 5, 35, NULL, NULL, '0.00', '12800.00', '0.00', NULL),
(168, '2021-07-29 08:16:34.228817', '2021-07-29 08:46:39.938596', '100500.00', '2021-07-29 08:16:36.337000', 1, 'Төлбөр гүйцэт төлсөн.', 23, 8, NULL, 5, 35, 8, NULL, '0.00', '100500.00', '0.00', NULL),
(169, '2021-07-29 09:17:57.779312', '2021-07-29 09:34:40.533874', '13900.00', '2021-07-29 09:17:59.982000', 1, 'Төлбөр гүйцэт төлсөн.', 21, 8, NULL, 5, 35, NULL, NULL, '0.00', '13900.00', '0.00', NULL),
(170, '2021-07-29 09:18:37.668582', '2021-07-29 10:12:45.264303', '96400.00', '2021-07-29 09:18:39.982000', 1, 'Төлбөр гүйцэт төлсөн.', 25, 8, NULL, 5, 35, 8, NULL, '0.00', '96400.00', '0.00', NULL),
(171, '2021-07-29 10:13:04.904737', '2021-07-29 10:13:15.403556', '3000.00', '2021-07-29 10:13:07.384000', 1, 'Төлбөр гүйцэт төлсөн.', 29, 8, NULL, 5, 35, NULL, NULL, '0.00', '3000.00', '0.00', NULL),
(172, '2021-07-29 10:13:59.473633', '2021-07-29 14:08:27.195010', '128400.00', '2021-07-29 10:14:01.956000', 1, 'Төлбөр гүйцэт төлсөн.', 22, 8, NULL, 5, 35, 6, NULL, '0.00', '128400.00', '0.00', NULL),
(173, '2021-07-29 11:12:30.457414', '2021-07-29 11:28:41.528528', '46900.00', '2021-07-29 11:12:33.121000', 1, 'Төлбөр гүйцэт төлсөн.', 25, 6, NULL, 5, 35, 6, NULL, '0.00', '46900.00', '0.00', NULL),
(174, '2021-07-29 11:13:18.708299', '2021-07-29 14:07:13.344481', '326500.00', '2021-07-29 11:13:21.337000', 1, 'Төлбөр гүйцэт төлсөн.', 32, 6, NULL, 6, 35, 2, NULL, '0.00', '326500.00', '0.00', NULL),
(175, '2021-07-29 11:36:17.174128', '2021-07-29 13:51:54.198259', '36500.00', '2021-07-29 11:36:19.859000', 1, 'Төлбөр гүйцэт төлсөн.', 24, 6, NULL, 5, 35, NULL, NULL, '0.00', '36500.00', '0.00', NULL),
(176, '2021-07-29 12:02:53.858541', '2021-07-29 13:58:59.673406', '31000.00', '2021-07-29 12:02:56.653000', 1, 'Төлбөр гүйцэт төлсөн.', 29, 6, NULL, 5, 35, NULL, NULL, '0.00', '31000.00', '0.00', NULL),
(177, '2021-07-29 12:13:13.102435', '2021-07-29 14:09:35.445130', '41900.00', '2021-07-29 12:13:15.943000', 1, 'Төлбөр гүйцэт төлсөн.', 20, 6, NULL, 5, 35, 2, NULL, '0.00', '41900.00', '0.00', NULL),
(178, '2021-07-29 14:10:22.136012', '2021-07-29 14:10:39.744844', '65800.00', '2021-07-29 14:11:15.641000', 1, 'Төлбөр гүйцэт төлсөн.', 22, 2, NULL, 5, 35, NULL, NULL, '0.00', '65800.00', '0.00', NULL),
(179, '2021-07-29 14:16:58.709710', '2021-07-29 14:17:26.368558', '77600.00', '2021-07-29 14:17:52.409000', 1, 'Төлбөр гүйцэт төлсөн.', 23, 2, NULL, 5, 35, NULL, NULL, '0.00', '77600.00', '0.00', NULL),
(180, '2021-07-29 14:23:12.985567', '2021-07-29 14:24:05.027259', '374900.00', '2021-07-29 14:24:06.672000', 1, 'Төлбөр гүйцэт төлсөн.', 25, 2, NULL, 5, 35, 2, NULL, '0.00', '374900.00', '0.00', NULL),
(181, '2021-07-29 14:34:26.334266', '2021-07-29 14:35:05.211490', '112100.00', '2021-07-29 14:35:20.015000', 1, 'Төлбөр төлөгдөөгүй.', 29, 2, NULL, 5, 35, NULL, 4, '0.00', '112100.00', '0.00', NULL),
(182, '2021-08-07 07:17:56.602447', '2021-08-07 08:16:31.541617', '55000.00', '2021-08-07 07:18:01.260000', 1, 'Төлбөр гүйцэт төлсөн.', 23, 6, NULL, 5, 37, NULL, NULL, '0.00', '55000.00', '0.00', NULL),
(183, '2021-08-07 07:32:06.475173', '2021-08-07 07:33:00.420068', '203600.00', '2021-08-07 07:32:11.239000', 1, 'Төлбөр гүйцэт төлсөн.', 33, 6, NULL, 6, 37, NULL, NULL, '0.00', '203600.00', '0.00', NULL),
(184, '2021-08-07 08:17:29.667319', '2021-08-07 08:17:38.684135', '13800.00', '2021-08-07 08:17:34.544000', 1, 'Төлбөр гүйцэт төлсөн.', 13, 2, NULL, 3, 37, NULL, NULL, '0.00', '13800.00', '0.00', NULL),
(185, '2021-08-07 08:18:41.989046', '2021-08-07 08:19:37.712344', '111300.00', '2021-08-07 08:18:46.867000', 1, 'Төлбөр гүйцэт төлсөн.', 29, 2, NULL, 5, 37, 2, NULL, '0.00', '111300.00', '0.00', NULL),
(186, '2021-08-07 08:20:02.204387', '2021-08-07 08:20:12.375605', '49800.00', '2021-08-07 08:20:07.095000', 1, 'Төлбөр гүйцэт төлсөн.', 10, 2, NULL, 3, 37, NULL, NULL, '0.00', '49800.00', '0.00', NULL),
(187, '2021-08-07 08:21:08.676104', '2021-08-07 08:21:18.348121', '57900.00', '2021-08-07 08:21:13.557000', 1, 'Төлбөр гүйцэт төлсөн.', 22, 2, NULL, 5, 37, NULL, NULL, '0.00', '57900.00', '0.00', NULL),
(188, '2021-08-07 08:22:09.734611', '2021-08-07 08:22:20.093029', '56500.00', '2021-08-07 08:22:14.633000', 1, 'Төлбөр гүйцэт төлсөн.', 20, 2, NULL, 5, 37, NULL, NULL, '0.00', '56500.00', '0.00', NULL),
(189, '2021-08-07 08:23:43.053975', '2021-08-07 08:44:06.736222', '119200.00', '2021-08-07 08:23:47.960000', 1, 'Төлбөр гүйцэт төлсөн.', 25, 2, NULL, 5, 37, 2, NULL, '0.00', '119200.00', '0.00', NULL),
(190, '2021-08-07 08:28:01.983230', '2021-08-07 08:28:14.775252', '39000.00', '2021-08-07 08:28:06.890000', 1, 'Төлбөр гүйцэт төлсөн.', 24, 2, NULL, 5, 37, NULL, NULL, '0.00', '39000.00', '0.00', NULL),
(191, '2021-08-07 08:28:56.076525', '2021-08-07 08:30:02.673042', '17300.00', '2021-08-07 08:29:01.002000', 1, 'Төлбөр гүйцэт төлсөн.', 22, 2, NULL, 5, 37, NULL, NULL, '0.00', '17300.00', '0.00', NULL),
(192, '2021-08-07 08:30:57.007938', '2021-08-07 08:31:23.434384', '62800.00', '2021-08-07 08:31:01.906000', 1, 'Төлбөр гүйцэт төлсөн.', 25, 2, NULL, 5, 37, NULL, NULL, '0.00', '62800.00', '0.00', NULL),
(193, '2021-08-07 08:32:13.557272', '2021-08-07 08:32:20.795685', '23900.00', '2021-08-07 08:32:18.480000', 1, 'Төлбөр гүйцэт төлсөн.', 21, 2, NULL, 5, 37, NULL, NULL, '0.00', '23900.00', '0.00', NULL),
(194, '2021-08-07 08:33:00.100507', '2021-08-07 08:33:13.707286', '51800.00', '2021-08-07 08:33:05.001000', 1, 'Төлбөр гүйцэт төлсөн.', 23, 2, NULL, 5, 37, NULL, NULL, '0.00', '51800.00', '0.00', NULL),
(195, '2021-08-07 08:34:02.687087', '2021-08-07 08:34:16.941902', '99900.00', '2021-08-07 08:34:07.614000', 1, 'Төлбөр гүйцэт төлсөн.', 12, 2, NULL, 3, 37, NULL, NULL, '0.00', '99900.00', '0.00', NULL),
(196, '2021-08-07 08:35:45.811985', '2021-08-07 08:35:53.904448', '42800.00', '2021-08-07 08:35:50.740000', 1, 'Төлбөр гүйцэт төлсөн.', 30, 2, NULL, 6, 37, NULL, NULL, '0.00', '42800.00', '0.00', NULL),
(197, '2021-08-07 09:04:08.868913', '2021-08-07 09:04:15.244518', '16900.00', '2021-08-07 09:04:13.840000', 1, 'Төлбөр гүйцэт төлсөн.', 29, 2, NULL, 5, 37, NULL, NULL, '0.00', '16900.00', '0.00', NULL),
(198, '2021-08-07 09:15:59.287903', '2021-08-07 09:17:42.254620', '69900.00', '2021-08-07 09:16:04.329000', 1, 'Төлбөр гүйцэт төлсөн.', 22, 2, NULL, 5, 37, NULL, NULL, '0.00', '69900.00', '0.00', NULL),
(199, '2021-08-07 09:19:56.663682', '2021-08-07 09:20:47.390446', '73400.00', '2021-08-07 09:20:01.661000', 1, 'Төлбөр гүйцэт төлсөн.', 23, 2, NULL, 5, 37, NULL, NULL, '0.00', '73400.00', '0.00', NULL),
(200, '2021-08-07 11:19:20.142809', '2021-08-07 11:19:27.694222', '147900.00', '2021-08-07 11:19:25.512000', 1, 'Төлбөр гүйцэт төлсөн.', 25, 2, NULL, 5, 37, NULL, NULL, '0.00', '147900.00', '0.00', NULL),
(201, '2021-08-07 11:23:58.134966', '2021-08-07 11:24:13.684687', '36800.00', '2021-08-07 11:24:03.488000', 1, 'Төлбөр гүйцэт төлсөн.', 20, 2, NULL, 5, 37, NULL, NULL, '0.00', '36800.00', '0.00', NULL),
(202, '2021-08-07 13:24:17.960924', '2021-08-07 13:24:34.902554', '65000.00', '2021-08-07 13:24:23.622000', 1, 'Төлбөр гүйцэт төлсөн.', 29, 8, NULL, 5, 37, NULL, NULL, '0.00', '65000.00', '0.00', NULL),
(203, '2021-08-07 13:37:14.108979', '2021-08-07 14:01:33.920479', '69800.00', '2021-08-07 13:37:19.863000', 1, 'Төлбөр гүйцэт төлсөн.', 20, 8, NULL, 5, 37, NULL, NULL, '0.00', '69800.00', '0.00', NULL),
(204, '2021-08-07 13:39:47.226461', '2021-08-07 14:03:37.842078', '92700.00', '2021-08-07 13:39:53.000000', 1, 'Төлбөр гүйцэт төлсөн.', 21, 8, NULL, 5, 37, 8, NULL, '0.00', '92700.00', '0.00', NULL),
(205, '2021-08-07 13:42:36.195267', '2021-08-07 13:42:59.798109', '65700.00', '2021-08-07 13:42:41.977000', 1, 'Төлбөр гүйцэт төлсөн.', 23, 8, NULL, 5, 37, NULL, NULL, '0.00', '65700.00', '0.00', NULL),
(206, '2021-08-07 13:44:52.162194', '2021-08-07 13:45:08.419124', '39700.00', '2021-08-07 13:45:50.752000', 1, 'Төлбөр төлөгдөөгүй.', 29, 2, NULL, 5, 37, NULL, 2, '0.00', '39700.00', '0.00', NULL),
(207, '2021-08-07 13:49:20.020630', '2021-08-07 14:03:00.617662', '204700.00', '2021-08-07 13:49:25.788000', 1, 'Төлбөр дутуу төлсөн.', 25, 8, NULL, 5, 37, NULL, 8, '0.00', '204700.00', '0.00', NULL),
(208, '2021-08-07 13:51:31.967661', '2021-08-07 13:51:39.455675', '66300.00', '2021-08-07 13:51:37.780000', 1, 'Төлбөр гүйцэт төлсөн.', 24, 8, NULL, 5, 37, NULL, NULL, '0.00', '66300.00', '0.00', NULL),
(209, '2021-08-07 13:52:45.506191', '2021-08-07 13:52:54.195406', '78500.00', '2021-08-07 13:52:51.316000', 1, 'Төлбөр гүйцэт төлсөн.', 28, 8, NULL, 5, 37, NULL, NULL, '0.00', '78500.00', '0.00', NULL),
(210, '2021-08-07 13:53:37.685242', '2021-08-07 13:53:37.685242', '29700.00', '2021-08-07 13:53:43.492000', 1, 'Төлбөр төлөгдөөгүй.', 8, 8, NULL, 3, 37, NULL, NULL, '0.00', '29700.00', '0.00', NULL),
(211, '2021-08-07 14:00:51.975803', '2021-08-07 14:02:09.629942', '31500.00', '2021-08-07 14:00:57.790000', 1, 'Төлбөр гүйцэт төлсөн.', 22, 8, NULL, 5, 37, NULL, NULL, '0.00', '31500.00', '0.00', NULL),
(213, '2021-08-08 13:59:53.760487', '2021-08-08 14:00:10.421316', '111300.00', '2021-08-08 13:59:55.796000', 1, 'Төлбөр гүйцэт төлсөн.', 21, 6, NULL, 5, 38, NULL, NULL, '0.00', '111300.00', '0.00', NULL),
(214, '2021-08-08 14:00:46.209779', '2021-08-08 14:00:54.118993', '25800.00', '2021-08-08 14:00:48.236000', 1, 'Төлбөр гүйцэт төлсөн.', 23, 6, NULL, 5, 38, NULL, NULL, '0.00', '25800.00', '0.00', NULL),
(215, '2021-08-08 14:02:22.883149', '2021-08-08 14:02:28.476959', '66900.00', '2021-08-08 14:02:24.931000', 1, 'Төлбөр гүйцэт төлсөн.', 22, 6, NULL, 5, 38, NULL, NULL, '0.00', '66900.00', '0.00', NULL),
(216, '2021-08-08 14:03:06.556626', '2021-08-08 14:03:16.977444', '11700.00', '2021-08-08 14:03:08.571000', 1, 'Төлбөр гүйцэт төлсөн.', 5, 6, NULL, 3, 38, NULL, NULL, '0.00', '11700.00', '0.00', NULL),
(217, '2021-08-08 14:05:40.078496', '2021-08-08 14:24:16.123232', '262200.00', '2021-08-08 14:05:42.130000', 1, 'Төлбөр гүйцэт төлсөн.', 33, 6, NULL, 6, 38, NULL, NULL, '0.00', '262200.00', '0.00', NULL),
(218, '2021-08-08 14:12:41.328492', '2021-08-08 14:13:18.676628', '106300.00', '2021-08-08 14:12:43.402000', 1, 'Төлбөр гүйцэт төлсөн.', 25, 6, NULL, 5, 38, NULL, NULL, '0.00', '106300.00', '0.00', NULL),
(219, '2021-08-08 14:13:46.090196', '2021-08-08 14:13:52.003534', '15900.00', '2021-08-08 14:13:48.154000', 1, 'Төлбөр гүйцэт төлсөн.', 29, 6, NULL, 5, 38, NULL, NULL, '0.00', '15900.00', '0.00', NULL),
(220, '2021-08-08 14:14:49.801840', '2021-08-08 14:15:01.598515', '78800.00', '2021-08-08 14:14:51.882000', 1, 'Төлбөр гүйцэт төлсөн.', 24, 6, NULL, 5, 38, NULL, NULL, '0.00', '78800.00', '0.00', NULL),
(221, '2021-08-08 14:15:58.151750', '2021-08-08 14:16:08.884364', '84800.00', '2021-08-08 14:16:00.148000', 1, 'Төлбөр гүйцэт төлсөн.', 22, 6, NULL, 5, 38, NULL, NULL, '0.00', '84800.00', '0.00', NULL),
(222, '2021-08-08 14:17:46.912970', '2021-08-08 14:18:21.013921', '240200.00', '2021-08-08 14:17:49.002000', 1, 'Төлбөр гүйцэт төлсөн.', 32, 6, NULL, 6, 38, NULL, NULL, '0.00', '240200.00', '0.00', NULL),
(223, '2021-08-08 14:19:19.415261', '2021-08-08 14:19:30.158876', '92700.00', '2021-08-08 14:19:21.490000', 1, 'Төлбөр гүйцэт төлсөн.', 20, 6, NULL, 5, 38, NULL, NULL, '0.00', '92700.00', '0.00', NULL),
(224, '2021-08-08 14:20:54.081676', '2021-08-08 14:21:03.892237', '34200.00', '2021-08-08 14:20:56.163000', 1, 'Төлбөр гүйцэт төлсөн.', 2, 6, NULL, 3, 38, NULL, NULL, '0.00', '34200.00', '0.00', NULL),
(225, '2021-08-08 14:23:16.099799', '2021-08-08 14:23:24.964306', '60700.00', '2021-08-08 14:23:18.096000', 1, 'Төлбөр гүйцэт төлсөн.', 22, 6, NULL, 5, 38, NULL, NULL, '0.00', '60700.00', '0.00', NULL),
(226, '2021-08-08 14:25:19.658866', '2021-08-08 14:25:27.853335', '36500.00', '2021-08-08 14:25:21.752000', 1, 'Төлбөр гүйцэт төлсөн.', 23, 6, NULL, 5, 38, NULL, NULL, '0.00', '36500.00', '0.00', NULL),
(227, '2021-08-08 14:25:52.197727', '2021-08-08 14:48:09.674162', '34200.00', '2021-08-08 14:25:54.293000', 1, 'Төлбөр гүйцэт төлсөн.', 2, 6, NULL, 3, 38, 6, NULL, '0.00', '34200.00', '0.00', NULL),
(228, '2021-08-08 14:33:57.481420', '2021-08-08 14:34:05.509879', '49000.00', '2021-08-08 14:33:59.598000', 1, 'Төлбөр гүйцэт төлсөн.', 25, 6, NULL, 5, 38, NULL, NULL, '0.00', '49000.00', '0.00', NULL),
(229, '2021-08-08 14:35:43.602489', '2021-08-08 15:07:07.910338', '194400.00', '2021-08-08 14:35:45.740000', 1, 'Төлбөр гүйцэт төлсөн.', 23, 6, NULL, 5, 38, NULL, NULL, '0.00', '194400.00', '0.00', NULL),
(230, '2021-08-08 14:39:42.591159', '2021-08-08 14:39:54.012812', '66500.00', '2021-08-08 14:39:44.724000', 1, 'Төлбөр гүйцэт төлсөн.', 22, 6, NULL, 5, 38, NULL, NULL, '0.00', '66500.00', '0.00', NULL),
(231, '2021-08-08 14:45:04.363563', '2021-08-08 14:45:04.364563', '339800.00', '2021-08-08 14:45:06.495000', 1, 'Төлбөр төлөгдөөгүй.', 25, 6, NULL, 5, 38, NULL, NULL, '0.00', '339800.00', '0.00', NULL),
(232, '2021-08-08 14:46:39.125983', '2021-08-08 14:46:39.125983', '122700.00', '2021-08-08 14:46:41.288000', 1, 'Төлбөр төлөгдөөгүй.', 31, 6, NULL, 6, 38, NULL, NULL, '0.00', '122700.00', '0.00', NULL),
(233, '2021-08-08 14:49:06.313402', '2021-08-08 14:49:06.314402', '121400.00', '2021-08-08 14:49:08.424000', 1, 'Төлбөр төлөгдөөгүй.', 11, 6, NULL, 3, 38, NULL, NULL, '0.00', '121400.00', '0.00', NULL),
(234, '2021-08-08 14:54:33.503608', '2021-08-08 15:08:46.301711', '126100.00', '2021-08-08 14:54:35.703000', 1, 'Төлбөр төлөгдөөгүй.', 29, 6, NULL, 5, 38, NULL, 4, '0.00', '126100.00', '0.00', NULL),
(235, '2021-08-09 04:11:09.745999', '2021-08-09 04:12:21.443725', '6300.00', '2021-08-09 04:11:10.056000', 1, 'Төлбөр дутуу төлсөн.', 29, 9, NULL, 5, 39, NULL, 2, '0.00', '6300.00', '0.00', NULL),
(236, '2021-08-09 04:13:10.708612', '2021-08-09 04:13:30.380246', '29000.00', '2021-08-09 04:13:11.079000', 1, 'Төлбөр гүйцэт төлсөн.', 26, 9, NULL, 5, 39, NULL, NULL, '0.00', '29000.00', '0.00', NULL),
(237, '2021-08-09 04:20:53.579025', '2021-08-09 05:14:58.371173', '12000.00', '2021-08-09 04:20:53.979000', 1, 'Төлбөр гүйцэт төлсөн.', 8, 2, NULL, 3, 39, NULL, NULL, '0.00', '12000.00', '0.00', NULL),
(238, '2021-08-09 10:04:39.520969', '2021-08-09 11:33:34.819151', '90700.00', '2021-08-09 10:04:40.811000', 1, 'Төлбөр дутуу төлсөн.', 22, 9, NULL, 5, 39, NULL, 9, '0.00', '90700.00', '0.00', NULL),
(239, '2021-08-09 12:12:54.760389', '2021-08-09 12:14:01.653307', '64700.00', '2021-08-09 12:12:56.408000', 1, 'Төлбөр гүйцэт төлсөн.', 30, 2, NULL, 6, 39, NULL, NULL, '0.00', '64700.00', '0.00', NULL),
(240, '2021-08-09 12:14:41.745377', '2021-08-09 12:14:50.496992', '51700.00', '2021-08-09 12:14:43.445000', 1, 'Төлбөр гүйцэт төлсөн.', 31, 2, NULL, 6, 39, NULL, NULL, '0.00', '51700.00', '0.00', NULL),
(241, '2021-08-09 12:40:16.662674', '2021-08-09 12:40:32.995902', '46400.00', '2021-08-09 12:40:18.442000', 1, 'Төлбөр гүйцэт төлсөн.', 22, 2, NULL, 5, 39, NULL, NULL, '0.00', '46400.00', '0.00', NULL),
(242, '2021-08-09 12:45:14.156196', '2021-08-09 12:45:42.953847', '39900.00', '2021-08-09 12:45:15.944000', 1, 'Төлбөр гүйцэт төлсөн.', 24, 2, NULL, 5, 39, NULL, NULL, '0.00', '39900.00', '0.00', NULL),
(243, '2021-08-09 12:46:23.217518', '2021-08-09 12:46:33.856736', '67800.00', '2021-08-09 12:46:25.006000', 1, 'Төлбөр гүйцэт төлсөн.', 25, 2, NULL, 5, 39, NULL, NULL, '0.00', '67800.00', '0.00', NULL),
(244, '2021-08-09 12:49:40.745065', '2021-08-09 12:51:29.992056', '47700.00', '2021-08-09 12:49:42.547000', 1, 'Төлбөр гүйцэт төлсөн.', 23, 2, NULL, 5, 39, NULL, NULL, '0.00', '47700.00', '0.00', NULL),
(245, '2021-08-09 12:53:20.689851', '2021-08-09 12:53:54.276710', '73400.00', '2021-08-09 12:53:22.476000', 1, 'Төлбөр гүйцэт төлсөн.', 25, 2, NULL, 5, 39, NULL, NULL, '0.00', '73400.00', '0.00', NULL),
(246, '2021-08-09 12:54:18.409952', '2021-08-09 12:54:35.960983', '35000.00', '2021-08-09 12:54:20.237000', 1, 'Төлбөр гүйцэт төлсөн.', 23, 2, NULL, 5, 39, NULL, NULL, '0.00', '35000.00', '0.00', NULL),
(247, '2021-08-09 12:57:18.559073', '2021-08-09 12:57:34.705101', '15900.00', '2021-08-09 12:57:20.383000', 1, 'Төлбөр гүйцэт төлсөн.', 29, 2, NULL, 5, 39, NULL, NULL, '0.00', '15900.00', '0.00', NULL),
(248, '2021-08-09 13:00:33.153815', '2021-08-09 13:01:10.984881', '46200.00', '2021-08-09 13:00:34.992000', 1, 'Төлбөр гүйцэт төлсөн.', 22, 2, NULL, 5, 39, NULL, NULL, '0.00', '46200.00', '0.00', NULL),
(250, '2021-08-09 13:08:11.141419', '2021-08-09 13:08:18.925833', '27700.00', '2021-08-09 13:08:13.003000', 1, 'Төлбөр гүйцэт төлсөн.', 22, 2, NULL, 5, 39, NULL, NULL, '0.00', '27700.00', '0.00', NULL),
(251, '2021-08-09 13:09:46.383587', '2021-08-09 13:09:57.865207', '37900.00', '2021-08-09 13:09:48.243000', 1, 'Төлбөр гүйцэт төлсөн.', 23, 2, NULL, 5, 39, NULL, NULL, '0.00', '37900.00', '0.00', NULL),
(252, '2021-08-09 13:34:45.265221', '2021-08-09 13:35:01.551650', '16900.00', '2021-08-09 13:34:47.206000', 1, 'Төлбөр гүйцэт төлсөн.', 9, 2, NULL, 3, 39, NULL, NULL, '0.00', '16900.00', '0.00', NULL),
(253, '2021-08-09 13:41:04.139283', '2021-08-09 13:41:26.518563', '72800.00', '2021-08-09 13:41:06.067000', 1, 'Төлбөр гүйцэт төлсөн.', 3, 2, NULL, 3, 39, NULL, NULL, '0.00', '72800.00', '0.00', NULL),
(254, '2021-08-09 13:42:56.614716', '2021-08-09 13:51:51.739506', '252400.00', '2021-08-09 13:42:58.561000', 1, 'Төлбөр гүйцэт төлсөн.', 33, 2, NULL, 6, 39, NULL, NULL, '0.00', '252400.00', '0.00', NULL),
(255, '2021-08-09 13:54:43.745408', '2021-08-09 13:54:51.498622', '86600.00', '2021-08-09 13:54:45.732000', 1, 'Төлбөр гүйцэт төлсөн.', 32, 2, NULL, 6, 39, NULL, NULL, '0.00', '86600.00', '0.00', NULL),
(256, '2021-08-09 13:56:43.974819', '2021-08-09 13:56:53.444036', '42700.00', '2021-08-09 13:56:45.980000', 1, 'Төлбөр гүйцэт төлсөн.', 30, 2, NULL, 6, 39, NULL, NULL, '0.00', '42700.00', '0.00', NULL),
(257, '2021-08-09 13:58:10.336571', '2021-08-09 13:58:20.944590', '68000.00', '2021-08-09 13:58:12.332000', 1, 'Төлбөр гүйцэт төлсөн.', 24, 2, NULL, 5, 39, NULL, NULL, '0.00', '68000.00', '0.00', NULL),
(258, '2021-08-09 14:03:00.403480', '2021-08-09 14:03:10.091097', '112100.00', '2021-08-09 14:03:02.422000', 1, 'Төлбөр гүйцэт төлсөн.', 23, 2, NULL, 5, 39, NULL, NULL, '0.00', '112100.00', '0.00', NULL),
(259, '2021-08-09 14:03:49.215966', '2021-08-09 14:03:54.441975', '49400.00', '2021-08-09 14:03:51.225000', 1, 'Төлбөр гүйцэт төлсөн.', 22, 2, NULL, 5, 39, NULL, NULL, '0.00', '49400.00', '0.00', NULL),
(260, '2021-08-09 14:04:58.682888', '2021-08-09 14:05:20.070526', '76000.00', '2021-08-09 14:05:00.704000', 1, 'Төлбөр гүйцэт төлсөн.', 21, 2, NULL, 5, 39, NULL, NULL, '0.00', '76000.00', '0.00', NULL),
(261, '2021-08-09 14:06:45.246675', '2021-08-09 14:26:14.009053', '227200.00', '2021-08-09 14:06:47.255000', 1, 'Төлбөр гүйцэт төлсөн.', 25, 2, NULL, 5, 39, NULL, NULL, '0.00', '227200.00', '0.00', NULL),
(262, '2021-08-09 14:10:50.291906', '2021-08-09 14:12:04.704036', '301000.00', '2021-08-09 14:10:52.319000', 1, 'Төлбөр төлөгдөөгүй.', 25, 2, NULL, 5, 39, 2, NULL, '0.00', '301000.00', '0.00', NULL),
(263, '2021-08-10 06:49:32.866177', '2021-08-10 06:50:23.035865', '13900.00', '2021-08-10 06:49:32.779000', 1, 'Төлбөр гүйцэт төлсөн.', 22, 8, NULL, 5, 41, NULL, NULL, '0.00', '13900.00', '0.00', NULL),
(264, '2021-08-10 06:51:12.612752', '2021-08-10 06:51:34.547391', '30900.00', '2021-08-10 06:51:12.555000', 1, 'Төлбөр гүйцэт төлсөн.', 25, 8, NULL, 5, 41, NULL, NULL, '0.00', '30900.00', '0.00', NULL),
(265, '2021-08-10 07:08:21.367762', '2021-08-10 07:52:41.664436', '55000.00', '2021-08-10 07:08:21.397000', 1, 'Төлбөр гүйцэт төлсөн.', 29, 8, NULL, 5, 41, NULL, NULL, '0.00', '55000.00', '0.00', NULL),
(266, '2021-08-10 07:39:29.135244', '2021-08-10 07:44:24.896163', '145400.00', '2021-08-10 07:39:29.261000', 1, 'Төлбөр гүйцэт төлсөн.', 22, 8, NULL, 5, 41, 8, NULL, '0.00', '145400.00', '0.00', NULL),
(267, '2021-08-10 07:40:42.346173', '2021-08-10 07:59:06.969513', '55500.00', '2021-08-10 07:40:42.464000', 1, 'Төлбөр дутуу төлсөн.', 20, 8, NULL, 5, 41, NULL, 7, '0.00', '55500.00', '0.00', NULL),
(268, '2021-08-10 07:53:22.193307', '2021-08-10 07:53:30.305321', '31000.00', '2021-08-10 07:53:22.367000', 1, 'Төлбөр гүйцэт төлсөн.', 22, 8, NULL, 5, 41, NULL, NULL, '0.00', '31000.00', '0.00', NULL),
(269, '2021-08-10 07:54:40.879845', '2021-08-10 07:54:55.263071', '29000.00', '2021-08-10 07:54:41.037000', 1, 'Төлбөр гүйцэт төлсөн.', 23, 8, NULL, 5, 41, NULL, NULL, '0.00', '29000.00', '0.00', NULL),
(270, '2021-08-10 07:55:25.152723', '2021-08-10 07:55:36.025942', '38700.00', '2021-08-10 07:55:25.313000', 1, 'Төлбөр гүйцэт төлсөн.', 23, 8, NULL, 5, 41, NULL, NULL, '0.00', '38700.00', '0.00', NULL),
(271, '2021-08-10 07:56:10.174402', '2021-08-10 07:56:19.082018', '28700.00', '2021-08-10 07:56:10.341000', 1, 'Төлбөр гүйцэт төлсөн.', 25, 8, NULL, 5, 41, NULL, NULL, '0.00', '28700.00', '0.00', NULL),
(272, '2021-08-10 07:57:10.156508', '2021-08-10 07:57:19.672524', '115700.00', '2021-08-10 07:57:10.337000', 1, 'Төлбөр гүйцэт төлсөн.', 24, 8, NULL, 5, 41, NULL, NULL, '0.00', '115700.00', '0.00', NULL),
(273, '2021-08-10 08:37:24.249364', '2021-08-10 08:37:39.864991', '76800.00', '2021-08-10 08:37:24.520000', 1, 'Төлбөр гүйцэт төлсөн.', 24, 8, NULL, 5, 41, NULL, NULL, '0.00', '76800.00', '0.00', NULL),
(274, '2021-08-10 13:50:47.819803', '2021-08-10 14:16:25.092567', '116200.00', '2021-08-10 13:50:48.909000', 1, 'Төлбөр гүйцэт төлсөн.', 25, 2, NULL, 5, 41, NULL, NULL, '0.00', '116200.00', '0.00', NULL),
(275, '2021-08-10 14:08:49.849529', '2021-08-10 14:09:14.411934', '133800.00', '2021-08-10 14:08:49.350000', 1, 'Төлбөр гүйцэт төлсөн.', 24, 2, NULL, 5, 41, NULL, NULL, '0.00', '133800.00', '0.00', NULL),
(276, '2021-08-10 14:14:13.703052', '2021-08-10 14:15:56.423927', '121500.00', '2021-08-10 14:14:13.280000', 1, 'Төлбөр гүйцэт төлсөн.', 22, 2, NULL, 5, 41, 2, NULL, '0.00', '121500.00', '0.00', NULL),
(277, '2021-08-10 14:18:13.221752', '2021-08-10 14:18:28.215609', '49000.00', '2021-08-10 14:18:12.817000', 1, 'Төлбөр гүйцэт төлсөн.', 11, 2, NULL, 3, 41, NULL, NULL, '0.00', '49000.00', '0.00', NULL),
(278, '2021-08-10 14:19:16.112349', '2021-08-10 14:19:33.603349', '19800.00', '2021-08-10 14:19:15.710000', 1, 'Төлбөр гүйцэт төлсөн.', 21, 2, NULL, 5, 41, NULL, NULL, '0.00', '19800.00', '0.00', NULL),
(279, '2021-08-10 14:21:09.951860', '2021-08-10 14:21:57.550583', '88900.00', '2021-08-10 14:21:09.547000', 1, 'Төлбөр гүйцэт төлсөн.', 23, 2, NULL, 5, 41, 2, NULL, '0.00', '88900.00', '0.00', NULL),
(280, '2021-08-10 14:22:26.754253', '2021-08-10 14:22:38.772940', '41400.00', '2021-08-10 14:22:26.349000', 1, 'Төлбөр гүйцэт төлсөн.', 8, 2, NULL, 3, 41, NULL, NULL, '0.00', '41400.00', '0.00', NULL),
(281, '2021-08-10 14:23:38.422352', '2021-08-10 14:35:17.827966', '34700.00', '2021-08-10 14:23:38.016000', 1, 'Төлбөр гүйцэт төлсөн.', 26, 2, NULL, 5, 41, NULL, NULL, '0.00', '34700.00', '0.00', NULL),
(282, '2021-08-10 14:36:07.906877', '2021-08-10 14:36:15.782546', '61000.00', '2021-08-10 14:36:07.541000', 1, 'Төлбөр гүйцэт төлсөн.', 25, 2, NULL, 5, 41, NULL, NULL, '0.00', '61000.00', '0.00', NULL),
(283, '2021-08-10 14:36:43.061794', '2021-08-10 14:36:48.990133', '61000.00', '2021-08-10 14:36:42.673000', 1, 'Төлбөр гүйцэт төлсөн.', 24, 2, NULL, 5, 41, NULL, NULL, '0.00', '61000.00', '0.00', NULL),
(284, '2021-08-10 14:37:23.239993', '2021-08-10 14:37:31.454569', '55900.00', '2021-08-10 14:37:22.877000', 1, 'Төлбөр гүйцэт төлсөн.', 24, 2, NULL, 5, 41, NULL, NULL, '0.00', '55900.00', '0.00', NULL),
(285, '2021-08-10 14:37:59.142153', '2021-08-10 14:38:07.573635', '20800.00', '2021-08-10 14:37:58.782000', 1, 'Төлбөр гүйцэт төлсөн.', 25, 2, NULL, 5, 41, NULL, NULL, '0.00', '20800.00', '0.00', NULL),
(286, '2021-08-10 14:39:05.381949', '2021-08-10 14:39:11.345290', '19700.00', '2021-08-10 14:39:05.023000', 1, 'Төлбөр гүйцэт төлсөн.', 27, 2, NULL, 5, 41, NULL, NULL, '0.00', '19700.00', '0.00', NULL),
(287, '2021-08-10 14:40:23.910490', '2021-08-10 14:40:34.566641', '64200.00', '2021-08-10 14:40:23.549000', 1, 'Төлбөр гүйцэт төлсөн.', 23, 2, NULL, 5, 41, NULL, NULL, '0.00', '64200.00', '0.00', NULL),
(288, '2021-08-10 14:41:46.538013', '2021-08-10 14:42:05.885120', '147300.00', '2021-08-10 14:41:46.185000', 1, 'Төлбөр гүйцэт төлсөн.', 20, 2, NULL, 5, 41, NULL, NULL, '0.00', '147300.00', '0.00', NULL),
(289, '2021-08-10 14:43:09.870593', '2021-08-10 14:43:26.315671', '20800.00', '2021-08-10 14:43:09.522000', 1, 'Төлбөр гүйцэт төлсөн.', 27, 2, NULL, 5, 41, NULL, NULL, '0.00', '20800.00', '0.00', NULL),
(290, '2021-08-10 14:46:29.969573', '2021-08-10 14:47:15.864854', '96100.00', '2021-08-10 14:46:29.632000', 1, 'Төлбөр гүйцэт төлсөн.', 21, 2, NULL, 5, 41, 2, NULL, '0.00', '96100.00', '0.00', NULL),
(291, '2021-08-10 14:48:13.280032', '2021-08-10 14:49:01.907231', '81300.00', '2021-08-10 14:48:12.939000', 1, 'Төлбөр гүйцэт төлсөн.', 22, 2, NULL, 5, 41, 2, NULL, '0.00', '81300.00', '0.00', NULL),
(292, '2021-08-10 14:50:45.727835', '2021-08-10 14:51:02.716264', '435300.00', '2021-08-10 14:50:45.397000', 1, 'Төлбөр гүйцэт төлсөн.', 33, 2, NULL, 6, 41, NULL, NULL, '0.00', '435300.00', '0.00', NULL),
(293, '2021-08-10 14:57:27.792206', '2021-08-10 14:57:58.564324', '27900.00', '2021-08-10 14:57:27.473000', 1, 'Төлбөр төлөгдөөгүй.', 29, 2, NULL, 5, 41, NULL, 10, '0.00', '27900.00', '0.00', NULL),
(294, '2021-08-10 14:58:15.969320', '2021-08-10 14:58:59.912276', '3000.00', '2021-08-10 14:58:15.653000', 1, 'Төлбөр төлөгдөөгүй.', 29, 2, NULL, 5, 41, NULL, 11, '0.00', '3000.00', '0.00', NULL),
(295, '2021-08-10 14:59:36.029784', '2021-08-10 15:00:18.388207', '30900.00', '2021-08-10 14:59:35.709000', 1, 'Төлбөр төлөгдөөгүй.', 29, 2, NULL, 5, 41, NULL, 7, '0.00', '30900.00', '0.00', NULL),
(296, '2021-08-11 14:28:01.154753', '2021-08-11 14:28:15.476186', '17900.00', '2021-08-11 14:28:02.319000', 1, 'Төлбөр гүйцэт төлсөн.', 21, 8, NULL, 5, 42, NULL, NULL, '0.00', '17900.00', '0.00', NULL),
(297, '2021-08-11 14:30:45.917536', '2021-08-12 05:00:11.965185', '296400.00', '2021-08-11 14:30:47.141000', 1, 'Төлбөр гүйцэт төлсөн.', 20, 8, NULL, 5, 42, 2, NULL, '0.00', '296400.00', '0.00', NULL),
(298, '2021-08-12 04:27:17.462928', '2021-08-12 04:29:28.456358', '20400.00', '2021-08-12 04:27:17.392000', 1, 'Төлбөр дутуу төлсөн.', 21, 2, NULL, 5, 42, 2, 3, '0.00', '20400.00', '0.00', NULL),
(299, '2021-08-12 05:03:59.203509', '2021-08-12 05:04:09.873928', '4500.00', '2021-08-12 05:03:59.065000', 1, 'Төлбөр төлөгдөөгүй.', 29, 2, NULL, 5, 42, NULL, 12, '0.00', '4500.00', '0.00', NULL),
(300, '2021-08-12 07:30:45.184976', '2021-08-12 07:30:45.184976', '80800.00', '2021-08-12 07:30:44.764000', 1, 'Төлбөр төлөгдөөгүй.', 20, 2, NULL, 5, 42, NULL, NULL, '0.00', '80800.00', '0.00', NULL),
(301, '2021-08-12 08:04:03.303254', '2021-08-12 08:04:23.255689', '136000.00', '2021-08-12 08:04:02.948000', 1, 'Төлбөр гүйцэт төлсөн.', 20, 2, NULL, 5, 42, NULL, NULL, '0.00', '136000.00', '0.00', NULL),
(302, '2021-08-12 08:05:00.315268', '2021-08-12 08:05:09.622800', '41300.00', '2021-08-12 08:04:59.942000', 1, 'Төлбөр гүйцэт төлсөн.', 24, 2, NULL, 5, 42, NULL, NULL, '0.00', '41300.00', '0.00', NULL),
(303, '2021-08-12 08:08:52.063523', '2021-08-12 08:13:51.249636', '300900.00', '2021-08-12 08:08:51.700000', 1, 'Төлбөр гүйцэт төлсөн.', 25, 2, NULL, 5, 42, NULL, NULL, '0.00', '300900.00', '0.00', NULL),
(304, '2021-08-12 08:17:58.954804', '2021-08-12 08:18:05.540180', '22500.00', '2021-08-12 08:17:58.593000', 1, 'Төлбөр гүйцэт төлсөн.', 23, 2, NULL, 5, 42, NULL, NULL, '0.00', '22500.00', '0.00', NULL),
(305, '2021-08-12 08:20:09.744284', '2021-08-12 08:20:26.439239', '81900.00', '2021-08-12 08:20:09.402000', 1, 'Төлбөр гүйцэт төлсөн.', 23, 2, NULL, 5, 42, NULL, NULL, '0.00', '81900.00', '0.00', NULL),
(306, '2021-08-12 08:22:16.000506', '2021-08-12 08:22:31.286380', '271600.00', '2021-08-12 08:22:15.638000', 1, 'Төлбөр гүйцэт төлсөн.', 8, 2, NULL, 3, 42, NULL, NULL, '0.00', '271600.00', '0.00', NULL),
(307, '2021-08-12 08:23:19.383131', '2021-08-12 08:23:29.950736', '54300.00', '2021-08-12 08:23:19.035000', 1, 'Төлбөр гүйцэт төлсөн.', 23, 2, NULL, 5, 42, NULL, NULL, '0.00', '54300.00', '0.00', NULL),
(308, '2021-08-12 08:24:09.952023', '2021-08-12 08:24:19.045544', '56000.00', '2021-08-12 08:24:09.605000', 1, 'Төлбөр гүйцэт төлсөн.', 22, 2, NULL, 5, 42, NULL, NULL, '0.00', '56000.00', '0.00', NULL),
(309, '2021-08-12 08:25:00.763930', '2021-08-12 08:25:20.478057', '46700.00', '2021-08-12 08:25:00.421000', 1, 'Төлбөр гүйцэт төлсөн.', 21, 2, NULL, 5, 42, NULL, NULL, '0.00', '46700.00', '0.00', NULL),
(310, '2021-08-12 08:25:54.941028', '2021-08-12 08:26:01.585409', '26800.00', '2021-08-12 08:25:54.594000', 1, 'Төлбөр гүйцэт төлсөн.', 29, 2, NULL, 5, 42, NULL, NULL, '0.00', '26800.00', '0.00', NULL),
(311, '2021-08-12 08:27:11.827426', '2021-08-12 08:27:22.599042', '93600.00', '2021-08-12 08:27:11.487000', 1, 'Төлбөр гүйцэт төлсөн.', 30, 2, NULL, 6, 42, NULL, NULL, '0.00', '93600.00', '0.00', NULL),
(312, '2021-08-12 08:28:19.171278', '2021-08-12 08:28:25.622647', '25800.00', '2021-08-12 08:28:18.831000', 1, 'Төлбөр гүйцэт төлсөн.', 20, 2, NULL, 5, 42, NULL, NULL, '0.00', '25800.00', '0.00', NULL),
(313, '2021-08-12 08:29:13.560389', '2021-08-12 08:29:26.507129', '96900.00', '2021-08-12 08:29:13.189000', 1, 'Төлбөр гүйцэт төлсөн.', 24, 2, NULL, 5, 42, NULL, NULL, '0.00', '96900.00', '0.00', NULL),
(314, '2021-08-12 08:30:19.630168', '2021-08-12 08:30:32.457902', '72700.00', '2021-08-12 08:30:19.266000', 1, 'Төлбөр гүйцэт төлсөн.', 22, 2, NULL, 5, 42, NULL, NULL, '0.00', '72700.00', '0.00', NULL),
(315, '2021-08-12 08:31:23.246806', '2021-08-12 08:32:01.870016', '65000.00', '2021-08-12 08:31:22.901000', 1, 'Төлбөр гүйцэт төлсөн.', 29, 2, NULL, 5, 42, NULL, NULL, '0.00', '65000.00', '0.00', NULL),
(316, '2021-08-12 08:32:29.210579', '2021-08-12 08:32:39.538170', '61900.00', '2021-08-12 08:32:28.850000', 1, 'Төлбөр гүйцэт төлсөн.', 29, 2, NULL, 5, 42, NULL, NULL, '0.00', '61900.00', '0.00', NULL),
(317, '2021-08-12 08:33:14.110148', '2021-08-12 08:33:23.419680', '74700.00', '2021-08-12 08:33:13.764000', 1, 'Төлбөр гүйцэт төлсөн.', 20, 2, NULL, 5, 42, NULL, NULL, '0.00', '74700.00', '0.00', NULL),
(318, '2021-08-12 08:34:11.047404', '2021-08-12 08:34:17.136752', '64800.00', '2021-08-12 08:34:10.653000', 1, 'Төлбөр гүйцэт төлсөн.', 22, 2, NULL, 5, 42, NULL, NULL, '0.00', '64800.00', '0.00', NULL),
(319, '2021-08-12 08:34:58.256104', '2021-08-12 08:35:14.654042', '24800.00', '2021-08-12 08:34:57.907000', 1, 'Төлбөр гүйцэт төлсөн.', 23, 2, NULL, 5, 42, NULL, NULL, '0.00', '24800.00', '0.00', NULL),
(320, '2021-08-12 08:35:50.128071', '2021-08-12 08:36:05.888973', '45800.00', '2021-08-12 08:35:49.778000', 1, 'Төлбөр гүйцэт төлсөн.', 21, 2, NULL, 5, 42, NULL, NULL, '0.00', '45800.00', '0.00', NULL),
(321, '2021-08-12 08:36:29.132302', '2021-08-12 08:36:35.004638', '8900.00', '2021-08-12 08:36:28.784000', 1, 'Төлбөр гүйцэт төлсөн.', 9, 2, NULL, 3, 42, NULL, NULL, '0.00', '8900.00', '0.00', NULL),
(322, '2021-08-12 08:37:02.092187', '2021-08-12 08:37:16.937036', '61900.00', '2021-08-12 08:37:01.743000', 1, 'Төлбөр гүйцэт төлсөн.', 24, 2, NULL, 5, 42, NULL, NULL, '0.00', '61900.00', '0.00', NULL),
(323, '2021-08-12 08:37:49.681909', '2021-08-12 08:38:03.227684', '40900.00', '2021-08-12 08:37:49.319000', 1, 'Төлбөр гүйцэт төлсөн.', 23, 2, NULL, 5, 42, NULL, NULL, '0.00', '40900.00', '0.00', NULL),
(324, '2021-08-12 08:38:41.869894', '2021-08-12 08:38:49.853351', '50900.00', '2021-08-12 08:38:41.513000', 1, 'Төлбөр гүйцэт төлсөн.', 21, 2, NULL, 5, 42, NULL, NULL, '0.00', '50900.00', '0.00', NULL),
(325, '2021-08-12 08:39:20.913127', '2021-08-12 08:39:31.908756', '35900.00', '2021-08-12 08:39:20.566000', 1, 'Төлбөр гүйцэт төлсөн.', 25, 2, NULL, 5, 42, NULL, NULL, '0.00', '35900.00', '0.00', NULL),
(326, '2021-08-12 08:40:28.738007', '2021-08-12 08:40:37.012480', '91500.00', '2021-08-12 08:40:28.394000', 1, 'Төлбөр гүйцэт төлсөн.', 20, 2, NULL, 5, 42, NULL, NULL, '0.00', '91500.00', '0.00', NULL),
(327, '2021-08-12 08:41:20.429963', '2021-08-12 08:41:31.154577', '115600.00', '2021-08-12 08:41:19.917000', 1, 'Төлбөр гүйцэт төлсөн.', 22, 2, NULL, 5, 42, NULL, NULL, '0.00', '115600.00', '0.00', NULL);
INSERT INTO `payment_app_order` (`id`, `created_at`, `updated_at`, `amount`, `required_date`, `is_now`, `status`, `client_id`, `created_by_id`, `customer_id`, `division_id`, `shift_work_id`, `updated_by_id`, `worker_id`, `discount`, `discounted_amount`, `discounted_percent`, `discount_by_id`) VALUES
(328, '2021-08-12 08:41:57.302072', '2021-08-12 08:42:02.686380', '8900.00', '2021-08-12 08:41:56.911000', 1, 'Төлбөр гүйцэт төлсөн.', 20, 2, NULL, 5, 42, NULL, NULL, '0.00', '8900.00', '0.00', NULL),
(329, '2021-08-12 08:42:41.792617', '2021-08-12 08:42:51.106150', '48400.00', '2021-08-12 08:42:41.445000', 1, 'Төлбөр гүйцэт төлсөн.', 29, 2, NULL, 5, 42, NULL, NULL, '0.00', '48400.00', '0.00', NULL),
(330, '2021-08-13 02:20:54.309907', '2021-08-13 02:21:06.571529', '16900.00', '2021-08-13 02:20:59.177000', 1, 'Төлбөр гүйцэт төлсөн.', 29, 2, NULL, 5, 43, NULL, NULL, '0.00', '16900.00', '0.00', NULL),
(331, '2021-08-13 02:23:19.156161', '2021-08-13 02:23:30.325781', '58100.00', '2021-08-13 02:23:24.100000', 1, 'Төлбөр гүйцэт төлсөн.', 25, 2, NULL, 5, 43, NULL, NULL, '0.00', '58100.00', '0.00', NULL),
(332, '2021-08-13 02:27:20.753786', '2021-08-13 02:27:59.816254', '246900.00', '2021-08-13 02:27:25.694000', 1, 'Төлбөр гүйцэт төлсөн.', 22, 2, NULL, 5, 43, NULL, NULL, '0.00', '246900.00', '0.00', NULL),
(333, '2021-08-13 02:29:18.767993', '2021-08-13 02:32:59.118380', '115600.00', '2021-08-13 02:29:23.704000', 1, 'Төлбөр гүйцэт төлсөн.', 21, 2, NULL, 5, 43, 2, NULL, '0.00', '115600.00', '0.00', NULL),
(334, '2021-08-13 02:33:54.451677', '2021-08-13 02:34:31.439342', '96300.00', '2021-08-13 02:33:59.388000', 1, 'Төлбөр гүйцэт төлсөн.', 23, 2, NULL, 5, 43, NULL, NULL, '0.00', '96300.00', '0.00', NULL),
(335, '2021-08-13 02:35:49.189879', '2021-08-13 02:36:05.086307', '143900.00', '2021-08-13 02:35:54.126000', 1, 'Төлбөр гүйцэт төлсөн.', 24, 2, NULL, 5, 43, NULL, NULL, '0.00', '143900.00', '0.00', NULL),
(336, '2021-08-13 03:48:51.299976', '2021-08-13 03:49:02.781596', '64900.00', '2021-08-13 03:48:56.221000', 1, 'Төлбөр гүйцэт төлсөн.', 20, 2, NULL, 5, 43, NULL, NULL, '0.00', '64900.00', '0.00', NULL),
(337, '2021-08-13 03:52:38.717175', '2021-08-13 03:53:02.663217', '32800.00', '2021-08-13 03:52:43.641000', 1, 'Төлбөр гүйцэт төлсөн.', 25, 2, NULL, 5, 43, 2, NULL, '0.00', '32800.00', '0.00', NULL),
(338, '2021-08-13 04:31:00.532418', '2021-08-13 04:31:14.010842', '166200.00', '2021-08-13 04:31:05.382000', 1, 'Төлбөр гүйцэт төлсөн.', 25, 2, NULL, 5, 43, NULL, NULL, '0.00', '166200.00', '0.00', NULL),
(339, '2021-08-13 04:31:45.866098', '2021-08-13 04:31:54.992114', '21800.00', '2021-08-13 04:31:50.783000', 1, 'Төлбөр гүйцэт төлсөн.', 2, 2, NULL, 3, 43, NULL, NULL, '0.00', '21800.00', '0.00', NULL),
(340, '2021-08-13 04:32:15.833750', '2021-08-13 04:32:25.334167', '8900.00', '2021-08-13 04:32:20.750000', 1, 'Төлбөр гүйцэт төлсөн.', 3, 2, NULL, 3, 43, NULL, NULL, '0.00', '8900.00', '0.00', NULL),
(341, '2021-08-13 04:33:11.947049', '2021-08-13 04:33:20.527064', '75900.00', '2021-08-13 04:33:16.857000', 1, 'Төлбөр гүйцэт төлсөн.', 24, 2, NULL, 5, 43, NULL, NULL, '0.00', '75900.00', '0.00', NULL),
(342, '2021-08-13 04:34:16.453162', '2021-08-13 04:34:25.360778', '46700.00', '2021-08-13 04:34:21.369000', 1, 'Төлбөр гүйцэт төлсөн.', 23, 2, NULL, 5, 43, NULL, NULL, '0.00', '46700.00', '0.00', NULL),
(343, '2021-08-13 04:35:02.020842', '2021-08-13 04:37:58.394752', '60900.00', '2021-08-13 04:35:06.929000', 1, 'Төлбөр дутуу төлсөн.', 22, 2, NULL, 5, 43, NULL, 8, '0.00', '60900.00', '0.00', NULL),
(344, '2021-08-13 04:38:39.875225', '2021-08-13 04:38:49.999643', '39000.00', '2021-08-13 04:38:44.770000', 1, 'Төлбөр гүйцэт төлсөн.', 29, 2, NULL, 5, 43, NULL, NULL, '0.00', '39000.00', '0.00', NULL),
(345, '2021-08-13 04:39:24.803304', '2021-08-13 04:39:34.490921', '60800.00', '2021-08-13 04:39:29.726000', 1, 'Төлбөр гүйцэт төлсөн.', 25, 2, NULL, 5, 43, NULL, NULL, '0.00', '60800.00', '0.00', NULL),
(346, '2021-08-13 04:40:09.871783', '2021-08-13 04:40:18.311398', '66900.00', '2021-08-13 04:40:14.786000', 1, 'Төлбөр гүйцэт төлсөн.', 24, 2, NULL, 5, 43, NULL, NULL, '0.00', '66900.00', '0.00', NULL),
(347, '2021-08-13 04:40:56.297464', '2021-08-13 04:41:04.534279', '65700.00', '2021-08-13 04:41:01.202000', 1, 'Төлбөр гүйцэт төлсөн.', 22, 2, NULL, 5, 43, NULL, NULL, '0.00', '65700.00', '0.00', NULL),
(348, '2021-08-13 04:41:43.783948', '2021-08-13 04:41:54.142366', '33700.00', '2021-08-13 04:41:48.697000', 1, 'Төлбөр гүйцэт төлсөн.', 20, 2, NULL, 5, 43, NULL, NULL, '0.00', '33700.00', '0.00', NULL),
(349, '2021-08-13 04:42:17.043206', '2021-08-13 04:42:27.698025', '11900.00', '2021-08-13 04:42:21.964000', 1, 'Төлбөр гүйцэт төлсөн.', 22, 2, NULL, 5, 43, NULL, NULL, '0.00', '11900.00', '0.00', NULL),
(350, '2021-08-13 04:43:50.643371', '2021-08-13 04:44:12.327409', '49000.00', '2021-08-13 04:43:55.541000', 1, 'Төлбөр гүйцэт төлсөн.', 23, 2, NULL, 5, 43, NULL, NULL, '0.00', '49000.00', '0.00', NULL),
(351, '2021-08-13 04:44:39.799057', '2021-08-13 04:44:50.313475', '63000.00', '2021-08-13 04:44:44.720000', 1, 'Төлбөр гүйцэт төлсөн.', 29, 2, NULL, 5, 43, NULL, NULL, '0.00', '63000.00', '0.00', NULL),
(352, '2021-08-13 04:45:16.412321', '2021-08-13 04:46:03.165603', '24700.00', '2021-08-13 04:45:21.324000', 1, 'Төлбөр гүйцэт төлсөн.', 25, 2, NULL, 5, 43, 2, NULL, '0.00', '24700.00', '0.00', NULL),
(353, '2021-08-13 04:46:49.232484', '2021-08-13 04:47:02.554908', '17800.00', '2021-08-13 04:46:54.139000', 1, 'Төлбөр гүйцэт төлсөн.', 21, 2, NULL, 5, 43, NULL, NULL, '0.00', '17800.00', '0.00', NULL),
(354, '2022-11-06 05:29:57.022011', '2022-11-06 08:41:15.145778', '4062100.00', '2022-11-06 05:29:56.965000', 1, 'Төлбөр төлөгдөөгүй.', 29, 1, NULL, 5, 44, 1, NULL, '0.00', '4062100.00', '0.00', NULL),
(355, '2022-11-06 08:46:33.035636', '2022-11-07 05:43:55.731148', '3278200.00', '2022-11-06 08:46:32.976000', 1, 'Төлбөр төлөгдөөгүй.', 29, 1, NULL, 5, 44, 1, NULL, '0.00', '3278200.00', '0.00', NULL),
(356, '2022-11-06 08:47:33.810502', '2022-11-06 09:16:24.706775', '1156000.00', '2022-11-06 08:47:33.753000', 1, 'Төлбөр төлөгдөөгүй.', 2, 1, NULL, 3, 44, 1, NULL, '0.00', '1156000.00', '0.00', NULL),
(357, '2022-11-06 09:25:20.933446', '2022-11-07 04:26:58.379028', '873000.00', '2022-11-06 09:25:20.895000', 1, 'Төлбөр төлөгдөөгүй.', 3, 1, NULL, 3, 44, 1, NULL, '0.00', '873000.00', '0.00', NULL),
(358, '2022-11-06 09:31:19.370947', '2022-11-07 04:22:56.240994', '363100.00', '2022-11-06 09:31:19.349000', 1, 'Төлбөр төлөгдөөгүй.', 3, 1, NULL, 3, 44, 1, NULL, '0.00', '363100.00', '0.00', NULL),
(359, '2022-11-06 09:31:50.081704', '2022-11-07 04:08:30.074404', '329400.00', '2022-11-06 09:31:50.027000', 1, 'Төлбөр төлөгдөөгүй.', 11, 1, NULL, 3, 44, 1, NULL, '0.00', '329400.00', '0.00', NULL),
(360, '2022-11-06 09:32:32.189112', '2022-11-06 09:32:32.189112', '360500.00', '2022-11-06 09:32:32.147000', 1, 'Төлбөр төлөгдөөгүй.', 5, 1, NULL, 3, 44, NULL, NULL, '0.00', '360500.00', '0.00', NULL),
(361, '2022-11-07 01:19:30.600382', '2022-11-07 04:32:27.228120', '1030000.00', '2022-11-07 01:19:30.562000', 1, 'Төлбөр төлөгдөөгүй.', 30, 1, NULL, 6, 44, 1, NULL, '0.00', '1030000.00', '0.00', NULL),
(362, '2022-11-07 01:45:55.389027', '2022-11-07 01:45:55.389027', '157000.00', '2022-11-07 01:45:55.303000', 1, 'Төлбөр төлөгдөөгүй.', 33, 1, NULL, 6, 44, NULL, NULL, '0.00', '157000.00', '0.00', NULL),
(363, '2022-11-07 02:28:40.534985', '2022-11-07 02:28:40.534985', '206000.00', '2022-11-07 02:28:40.452000', 1, 'Төлбөр төлөгдөөгүй.', 9, 1, NULL, 3, 44, NULL, NULL, '0.00', '206000.00', '0.00', NULL),
(364, '2022-11-07 02:31:14.259423', '2022-11-07 02:31:14.259423', '216000.00', '2022-11-07 02:31:14.206000', 1, 'Төлбөр төлөгдөөгүй.', 26, 1, NULL, 5, 44, NULL, NULL, '0.00', '216000.00', '0.00', NULL),
(365, '2022-11-07 02:32:35.862437', '2022-11-07 02:32:35.862437', '49000.00', '2022-11-07 02:32:35.793000', 1, 'Төлбөр төлөгдөөгүй.', 26, 1, NULL, 5, 44, NULL, NULL, '0.00', '49000.00', '0.00', NULL),
(366, '2022-11-07 02:41:40.295750', '2022-11-07 02:41:40.295750', '167000.00', '2022-11-07 02:41:40.171000', 1, 'Төлбөр төлөгдөөгүй.', 26, 1, NULL, 5, 44, NULL, NULL, '0.00', '167000.00', '0.00', NULL),
(367, '2022-11-07 02:42:31.144087', '2022-11-07 02:42:31.144087', '206000.00', '2022-11-07 02:42:31.101000', 1, 'Төлбөр төлөгдөөгүй.', 9, 1, NULL, 3, 44, NULL, NULL, '0.00', '206000.00', '0.00', NULL),
(368, '2022-11-07 02:45:55.679217', '2022-11-07 02:45:55.679217', '59000.00', '2022-11-07 02:45:55.609000', 1, 'Төлбөр төлөгдөөгүй.', 29, 1, NULL, 5, 44, NULL, NULL, '0.00', '59000.00', '0.00', NULL),
(369, '2022-11-07 02:46:37.492029', '2022-11-07 02:46:37.492029', '49000.00', '2022-11-07 02:46:37.419000', 1, 'Төлбөр төлөгдөөгүй.', 6, 1, NULL, 3, 44, NULL, NULL, '0.00', '49000.00', '0.00', NULL),
(370, '2022-11-07 02:47:33.757509', '2022-11-07 02:47:33.757509', '157000.00', '2022-11-07 02:47:33.698000', 1, 'Төлбөр төлөгдөөгүй.', 31, 1, NULL, 6, 44, NULL, NULL, '0.00', '157000.00', '0.00', NULL),
(371, '2022-11-07 02:49:59.415858', '2022-11-07 02:49:59.415858', '59000.00', '2022-11-07 02:49:59.363000', 1, 'Төлбөр төлөгдөөгүй.', 31, 1, NULL, 6, 44, NULL, NULL, '0.00', '59000.00', '0.00', NULL),
(372, '2022-11-07 03:00:21.826289', '2022-11-07 03:00:21.826289', '39000.00', '2022-11-07 03:00:21.781000', 1, 'Төлбөр төлөгдөөгүй.', 31, 1, NULL, 6, 44, NULL, NULL, '0.00', '39000.00', '0.00', NULL),
(373, '2022-11-07 03:03:34.323368', '2022-11-07 03:03:34.323368', '216000.00', '2022-11-07 03:03:34.278000', 1, 'Төлбөр төлөгдөөгүй.', 22, 1, NULL, 5, 44, NULL, NULL, '0.00', '216000.00', '0.00', NULL),
(374, '2022-11-07 03:07:18.411893', '2022-11-07 03:15:17.106434', '216000.00', '2022-11-07 03:07:18.339000', 1, 'Төлбөр төлөгдөөгүй.', 24, 1, NULL, 5, 44, 1, NULL, '0.00', '216000.00', '0.00', NULL),
(375, '2022-11-07 03:15:44.211267', '2022-11-07 03:15:44.211267', '157000.00', '2022-11-07 03:15:44.075000', 1, 'Төлбөр төлөгдөөгүй.', 24, 1, NULL, 5, 44, NULL, NULL, '0.00', '157000.00', '0.00', NULL),
(376, '2022-11-07 03:16:59.468805', '2022-11-07 03:16:59.468805', '157000.00', '2022-11-07 03:16:59.420000', 1, 'Төлбөр төлөгдөөгүй.', 24, 1, NULL, 5, 44, NULL, NULL, '0.00', '157000.00', '0.00', NULL),
(377, '2022-11-07 03:17:39.851233', '2022-11-07 03:17:39.851233', '206000.00', '2022-11-07 03:17:39.797000', 1, 'Төлбөр төлөгдөөгүй.', 2, 1, NULL, 3, 44, NULL, NULL, '0.00', '206000.00', '0.00', NULL),
(378, '2022-11-07 03:22:08.457518', '2022-11-07 03:22:08.458518', '108000.00', '2022-11-07 03:22:08.101000', 1, 'Төлбөр төлөгдөөгүй.', 25, 1, NULL, 5, 44, NULL, NULL, '0.00', '108000.00', '0.00', NULL),
(379, '2022-11-07 03:24:47.337369', '2022-11-07 03:24:47.337369', '216000.00', '2022-11-07 03:24:47.271000', 1, 'Төлбөр төлөгдөөгүй.', 25, 1, NULL, 5, 44, NULL, NULL, '0.00', '216000.00', '0.00', NULL),
(380, '2022-11-07 03:27:29.116173', '2022-11-07 03:27:29.116173', '49000.00', '2022-11-07 03:27:29.052000', 1, 'Төлбөр төлөгдөөгүй.', 25, 1, NULL, 5, 44, NULL, NULL, '0.00', '49000.00', '0.00', NULL),
(381, '2022-11-07 03:29:10.105521', '2022-11-07 03:29:10.105521', '108000.00', '2022-11-07 03:29:10.047000', 1, 'Төлбөр төлөгдөөгүй.', 25, 1, NULL, 5, 44, NULL, NULL, '0.00', '108000.00', '0.00', NULL),
(382, '2022-11-07 03:29:29.778838', '2022-11-07 03:29:29.778838', '78000.00', '2022-11-07 03:29:29.720000', 1, 'Төлбөр төлөгдөөгүй.', 25, 1, NULL, 5, 44, NULL, NULL, '0.00', '78000.00', '0.00', NULL),
(383, '2022-11-07 03:30:24.683381', '2022-11-07 03:30:24.683381', '98000.00', '2022-11-07 03:30:24.659000', 1, 'Төлбөр төлөгдөөгүй.', 25, 1, NULL, 5, 44, NULL, NULL, '0.00', '98000.00', '0.00', NULL),
(384, '2022-11-07 03:30:50.019920', '2022-11-07 03:30:50.019920', '108000.00', '2022-11-07 03:30:49.904000', 1, 'Төлбөр төлөгдөөгүй.', 25, 1, NULL, 5, 44, NULL, NULL, '0.00', '108000.00', '0.00', NULL),
(385, '2022-11-07 03:31:20.278184', '2022-11-07 03:31:20.279184', '108000.00', '2022-11-07 03:31:20.205000', 1, 'Төлбөр төлөгдөөгүй.', 24, 1, NULL, 5, 44, NULL, NULL, '0.00', '108000.00', '0.00', NULL),
(386, '2022-11-07 03:32:03.600927', '2022-11-07 03:32:03.600927', '216000.00', '2022-11-07 03:32:03.539000', 1, 'Төлбөр төлөгдөөгүй.', 23, 1, NULL, 5, 44, NULL, NULL, '0.00', '216000.00', '0.00', NULL),
(387, '2022-11-07 03:32:34.983107', '2022-11-07 03:35:15.429464', '373000.00', '2022-11-07 03:32:34.931000', 1, 'Төлбөр төлөгдөөгүй.', 23, 1, NULL, 5, 44, 1, NULL, '0.00', '373000.00', '0.00', NULL),
(388, '2022-11-07 03:36:20.964371', '2022-11-07 03:36:20.964371', '216000.00', '2022-11-07 03:36:20.899000', 1, 'Төлбөр төлөгдөөгүй.', 23, 1, NULL, 5, 44, NULL, NULL, '0.00', '216000.00', '0.00', NULL),
(389, '2022-11-07 03:38:25.112479', '2022-11-07 03:38:25.112479', '108000.00', '2022-11-07 03:38:25.097000', 1, 'Төлбөр төлөгдөөгүй.', 23, 1, NULL, 5, 44, NULL, NULL, '0.00', '108000.00', '0.00', NULL),
(390, '2022-11-07 03:39:10.424455', '2022-11-07 03:39:10.424455', '127000.00', '2022-11-07 03:39:10.380000', 1, 'Төлбөр төлөгдөөгүй.', 23, 1, NULL, 5, 44, NULL, NULL, '0.00', '127000.00', '0.00', NULL),
(391, '2022-11-07 03:44:04.503532', '2022-11-07 03:44:04.503532', '186000.00', '2022-11-07 03:44:04.452000', 1, 'Төлбөр төлөгдөөгүй.', 23, 1, NULL, 5, 44, NULL, NULL, '0.00', '186000.00', '0.00', NULL),
(392, '2022-11-07 03:53:05.088823', '2022-11-07 03:53:05.088823', '363000.00', '2022-11-07 03:53:05.032000', 1, 'Төлбөр төлөгдөөгүй.', 23, 1, NULL, 5, 44, NULL, NULL, '0.00', '363000.00', '0.00', NULL),
(393, '2022-11-07 03:54:19.593736', '2022-11-07 03:54:19.593736', '176000.00', '2022-11-07 03:54:19.578000', 1, 'Төлбөр төлөгдөөгүй.', 23, 1, NULL, 5, 44, NULL, NULL, '0.00', '176000.00', '0.00', NULL),
(394, '2022-11-07 03:55:10.017722', '2022-11-07 03:55:10.017722', '166000.00', '2022-11-07 03:55:09.598000', 1, 'Төлбөр төлөгдөөгүй.', 20, 1, NULL, 5, 44, NULL, NULL, '0.00', '166000.00', '0.00', NULL),
(395, '2022-11-07 03:55:55.625841', '2022-11-07 03:55:55.625841', '314000.00', '2022-11-07 03:55:55.549000', 1, 'Төлбөр төлөгдөөгүй.', 6, 1, NULL, 3, 44, NULL, NULL, '0.00', '314000.00', '0.00', NULL),
(396, '2022-11-07 03:56:49.734312', '2022-11-07 03:56:49.734312', '255000.00', '2022-11-07 03:56:49.683000', 1, 'Төлбөр төлөгдөөгүй.', 6, 1, NULL, 3, 44, NULL, NULL, '0.00', '255000.00', '0.00', NULL),
(397, '2022-11-07 04:00:23.580595', '2022-11-07 04:00:23.580595', '294000.00', '2022-11-07 04:00:23.525000', 1, 'Төлбөр төлөгдөөгүй.', 6, 1, NULL, 3, 44, NULL, NULL, '0.00', '294000.00', '0.00', NULL),
(398, '2022-11-07 04:00:49.295202', '2022-11-07 04:00:49.295202', '353000.00', '2022-11-07 04:00:49.199000', 1, 'Төлбөр төлөгдөөгүй.', 6, 1, NULL, 3, 44, NULL, NULL, '0.00', '353000.00', '0.00', NULL),
(399, '2022-11-07 04:27:51.315056', '2022-11-07 04:28:18.182592', '108000.00', '2022-11-07 04:27:51.255000', 1, 'Төлбөр төлөгдөөгүй.', 30, 1, NULL, 6, 44, 1, NULL, '0.00', '108000.00', '0.00', NULL);

-- --------------------------------------------------------

--
-- Table structure for table `payment_app_order_detial`
--

CREATE TABLE `payment_app_order_detial` (
  `id` int(11) NOT NULL,
  `created_at` datetime(6) DEFAULT NULL,
  `updated_at` datetime(6) DEFAULT NULL,
  `quantity` int(10) UNSIGNED NOT NULL CHECK (`quantity` >= 0),
  `discount` int(10) UNSIGNED NOT NULL CHECK (`discount` >= 0),
  `fr_date` datetime(6) DEFAULT NULL,
  `to_date` datetime(6) DEFAULT NULL,
  `discount_rate` int(11) NOT NULL,
  `subtotal` decimal(14,2) NOT NULL,
  `is_deleted` tinyint(1) NOT NULL,
  `why_deleted` longtext COLLATE utf8_unicode_ci DEFAULT NULL,
  `deleted_date` datetime(6) DEFAULT NULL,
  `client_id` int(11) DEFAULT NULL,
  `created_by_id` int(11) DEFAULT NULL,
  `fr_client_id` int(11) DEFAULT NULL,
  `order_id` int(11) NOT NULL,
  `product_id` int(11) NOT NULL,
  `shift_work_id` int(11) DEFAULT NULL,
  `updated_by_id` int(11) DEFAULT NULL,
  `finished` tinyint(1) NOT NULL,
  `finished_at` datetime(6) DEFAULT NULL
) ENGINE=InnoDB DEFAULT CHARSET=utf8 COLLATE=utf8_unicode_ci;

--
-- Dumping data for table `payment_app_order_detial`
--

INSERT INTO `payment_app_order_detial` (`id`, `created_at`, `updated_at`, `quantity`, `discount`, `fr_date`, `to_date`, `discount_rate`, `subtotal`, `is_deleted`, `why_deleted`, `deleted_date`, `client_id`, `created_by_id`, `fr_client_id`, `order_id`, `product_id`, `shift_work_id`, `updated_by_id`, `finished`, `finished_at`) VALUES
(115, '2021-07-24 14:00:28.207452', '2021-07-24 14:00:28.207452', 1, 59000, NULL, NULL, 0, '59000.00', 0, NULL, NULL, 25, 2, 19, 76, 40, 29, NULL, 0, NULL),
(116, '2021-07-24 14:00:28.207452', '2021-07-24 14:00:28.207452', 1, 12900, NULL, NULL, 0, '12900.00', 0, NULL, NULL, 25, 2, 19, 76, 48, 29, NULL, 0, NULL),
(117, '2021-07-24 14:04:53.974123', '2021-07-24 14:04:53.974123', 2, 11800, NULL, NULL, 0, '11800.00', 0, NULL, NULL, 22, 2, 19, 77, 53, 29, NULL, 0, NULL),
(118, '2021-07-24 14:04:53.989723', '2021-07-24 14:04:53.989723', 1, 13900, NULL, NULL, 0, '13900.00', 0, NULL, NULL, 22, 2, 19, 77, 44, 29, NULL, 0, NULL),
(119, '2021-07-24 14:04:53.989723', '2021-07-24 14:04:53.989723', 1, 12900, NULL, NULL, 0, '12900.00', 0, NULL, NULL, 22, 2, 19, 77, 48, 29, NULL, 0, NULL),
(120, '2021-07-24 14:04:53.989723', '2021-07-24 14:04:53.989723', 1, 29000, NULL, NULL, 0, '29000.00', 0, NULL, NULL, 22, 2, 19, 77, 41, 29, NULL, 0, NULL),
(121, '2021-07-24 14:04:54.052123', '2021-07-24 14:04:54.052123', 2, 13800, NULL, NULL, 0, '13800.00', 0, NULL, NULL, 22, 2, 19, 77, 103, 29, NULL, 0, NULL),
(122, '2021-07-24 14:05:34.213478', '2021-07-24 14:05:34.213478', 8, 55200, NULL, NULL, 0, '55200.00', 0, NULL, NULL, 22, 2, 19, 77, 103, 29, NULL, 0, NULL),
(123, '2021-07-24 14:08:19.499769', '2021-07-24 14:08:19.499769', 1, 16900, NULL, NULL, 0, '16900.00', 0, NULL, NULL, 23, 2, 19, 78, 77, 29, NULL, 0, NULL),
(124, '2021-07-24 14:08:19.499769', '2021-07-24 14:08:19.499769', 1, 3000, NULL, NULL, 0, '3000.00', 0, NULL, NULL, 23, 2, 19, 78, 84, 29, NULL, 0, NULL),
(125, '2021-07-24 14:08:19.658770', '2021-07-24 14:08:19.658770', 2, 17800, NULL, NULL, 0, '17800.00', 0, NULL, NULL, 23, 2, 19, 78, 63, 29, NULL, 0, NULL),
(126, '2021-07-24 14:09:35.390549', '2021-07-24 14:09:35.390549', 3, 13500, NULL, NULL, 0, '13500.00', 0, NULL, NULL, 23, 2, 19, 79, 101, 29, NULL, 0, NULL),
(127, '2021-07-24 14:10:35.207163', '2021-07-24 14:10:35.207163', 1, 49000, NULL, NULL, 0, '49000.00', 0, NULL, NULL, 20, 2, 19, 80, 39, 29, NULL, 0, NULL),
(128, '2021-07-24 14:12:49.185160', '2021-07-24 14:12:49.185160', 1, 4900, NULL, NULL, 0, '4900.00', 0, NULL, NULL, 25, 2, 19, 81, 79, 29, NULL, 0, NULL),
(129, '2021-07-24 14:12:49.185160', '2021-07-24 14:12:49.185160', 1, 22900, NULL, NULL, 0, '22900.00', 0, NULL, NULL, 25, 2, 19, 81, 68, 29, NULL, 0, NULL),
(130, '2021-07-24 14:12:49.200760', '2021-07-24 14:12:49.200760', 5, 22500, NULL, NULL, 0, '22500.00', 0, NULL, NULL, 25, 2, 19, 81, 101, 29, NULL, 0, NULL),
(131, '2021-07-24 14:12:49.216360', '2021-07-24 14:12:49.216360', 1, 2900, NULL, NULL, 0, '2900.00', 0, NULL, NULL, 25, 2, 19, 81, 90, 29, NULL, 0, NULL),
(132, '2021-07-24 14:12:49.590761', '2021-07-24 14:12:49.590761', 1, 8900, NULL, NULL, 0, '8900.00', 0, NULL, NULL, 25, 2, 19, 81, 99, 29, NULL, 0, NULL),
(133, '2021-07-24 14:16:02.917896', '2021-07-24 14:16:02.917896', 6, 27000, NULL, NULL, 0, '27000.00', 0, NULL, NULL, 29, 2, 19, 82, 101, 29, NULL, 0, NULL),
(134, '2021-07-24 14:17:06.362044', '2021-07-24 14:17:06.362044', 1, 3000, NULL, NULL, 0, '3000.00', 0, NULL, NULL, 28, 2, 19, 83, 84, 29, NULL, 0, NULL),
(135, '2021-07-24 14:17:27.347495', '2021-07-24 14:17:27.347495', 1, 3000, NULL, NULL, 0, '3000.00', 0, NULL, NULL, 25, 2, 19, 84, 85, 29, NULL, 0, NULL),
(136, '2021-07-25 14:00:41.912154', '2021-07-25 14:00:41.912154', 1, 4900, NULL, NULL, 0, '4900.00', 0, NULL, NULL, 20, 2, 19, 85, 79, 30, NULL, 0, NULL),
(137, '2021-07-25 14:00:41.958954', '2021-07-25 14:00:41.958954', 1, 139000, NULL, NULL, 0, '139000.00', 0, NULL, NULL, 20, 2, 19, 85, 131, 30, NULL, 0, NULL),
(138, '2021-07-25 14:00:41.958954', '2021-07-25 14:00:41.958954', 1, 3000, NULL, NULL, 0, '3000.00', 0, NULL, NULL, 20, 2, 19, 85, 87, 30, NULL, 0, NULL),
(139, '2021-07-25 14:00:41.974554', '2021-07-25 14:00:41.974554', 1, 3000, NULL, NULL, 0, '3000.00', 0, NULL, NULL, 20, 2, 19, 85, 88, 30, NULL, 0, NULL),
(140, '2021-07-25 14:00:41.974554', '2021-07-25 14:00:41.974554', 3, 9000, NULL, NULL, 0, '9000.00', 0, NULL, NULL, 20, 2, 19, 85, 84, 30, NULL, 0, NULL),
(144, '2021-07-26 12:53:37.595407', '2021-07-26 12:53:37.595407', 1, 3000, NULL, NULL, 0, '3000.00', 0, NULL, NULL, 29, 2, 19, 87, 85, 32, NULL, 0, NULL),
(145, '2021-07-26 12:53:37.626607', '2021-07-26 12:53:37.626607', 1, 29000, NULL, NULL, 0, '29000.00', 0, NULL, NULL, 29, 2, 19, 87, 41, 32, NULL, 0, NULL),
(146, '2021-07-26 12:53:37.642207', '2021-07-26 12:53:37.642207', 1, 5900, NULL, NULL, 0, '5900.00', 0, NULL, NULL, 29, 2, 19, 87, 53, 32, NULL, 0, NULL),
(147, '2021-07-26 13:03:42.864871', '2021-07-26 13:03:42.864871', 2, 17800, NULL, NULL, 0, '17800.00', 0, NULL, NULL, 20, 2, 19, 88, 98, 32, NULL, 0, NULL),
(148, '2021-07-26 13:11:52.490331', '2021-07-26 13:11:52.490331', 1, 15900, NULL, NULL, 0, '15900.00', 0, NULL, NULL, 29, 2, 19, 89, 74, 32, NULL, 0, NULL),
(149, '2021-07-26 13:11:52.505931', '2021-07-26 13:11:52.505931', 1, 2000, NULL, NULL, 0, '2000.00', 0, NULL, NULL, 29, 2, 19, 89, 235, 32, NULL, 0, NULL),
(150, '2021-07-26 13:13:11.578870', '2021-07-26 13:13:11.578870', 1, 49000, NULL, NULL, 0, '49000.00', 0, NULL, NULL, 22, 2, 19, 90, 39, 32, NULL, 0, NULL),
(151, '2021-07-26 13:13:11.563270', '2021-07-26 13:13:11.563270', 1, 8900, NULL, NULL, 0, '8900.00', 0, NULL, NULL, 22, 2, 19, 90, 54, 32, NULL, 0, NULL),
(152, '2021-07-26 13:13:11.594470', '2021-07-26 13:13:11.594470', 1, 3000, NULL, NULL, 0, '3000.00', 0, NULL, NULL, 22, 2, 19, 90, 85, 32, NULL, 0, NULL),
(153, '2021-07-26 13:16:31.867622', '2021-07-26 13:16:31.867622', 1, 29000, NULL, NULL, 0, '29000.00', 0, NULL, NULL, 22, 2, 19, 91, 41, 32, NULL, 0, NULL),
(154, '2021-07-26 13:16:31.883222', '2021-07-26 13:16:31.883222', 1, 8900, NULL, NULL, 0, '8900.00', 0, NULL, NULL, 22, 2, 19, 91, 54, 32, NULL, 0, NULL),
(155, '2021-07-26 13:16:31.898822', '2021-07-26 13:16:31.898822', 1, 7900, NULL, NULL, 0, '7900.00', 0, NULL, NULL, 22, 2, 19, 91, 106, 32, NULL, 0, NULL),
(156, '2021-07-26 13:16:31.914422', '2021-07-26 13:16:31.914422', 1, 5900, NULL, NULL, 0, '5900.00', 0, NULL, NULL, 22, 2, 19, 91, 93, 32, NULL, 0, NULL),
(157, '2021-07-26 13:18:42.006051', '2021-07-26 13:18:42.006051', 1, 29000, NULL, NULL, 0, '29000.00', 0, NULL, NULL, 21, 2, 19, 92, 41, 32, NULL, 0, NULL),
(158, '2021-07-26 13:18:42.021651', '2021-07-26 13:18:42.021651', 1, 13900, NULL, NULL, 0, '13900.00', 0, NULL, NULL, 21, 2, 19, 92, 44, 32, NULL, 0, NULL),
(159, '2021-07-26 13:19:50.942572', '2021-07-26 13:19:50.942572', 1, 1900, NULL, NULL, 0, '1900.00', 0, NULL, NULL, 20, 2, 19, 93, 80, 32, NULL, 0, NULL),
(160, '2021-07-26 13:19:50.958172', '2021-07-26 13:19:50.958172', 1, 13900, NULL, NULL, 0, '13900.00', 0, NULL, NULL, 20, 2, 19, 93, 44, 32, NULL, 0, NULL),
(161, '2021-07-26 13:20:41.143460', '2021-07-26 13:20:41.143460', 1, 49000, NULL, NULL, 0, '49000.00', 0, NULL, NULL, 25, 2, 19, 94, 39, 32, NULL, 0, NULL),
(162, '2021-07-26 13:21:27.849942', '2021-07-26 13:21:27.849942', 1, 29000, NULL, NULL, 0, '29000.00', 0, NULL, NULL, 22, 2, 19, 95, 41, 32, NULL, 0, NULL),
(163, '2021-07-26 13:21:27.865542', '2021-07-26 13:21:27.865542', 1, 12900, NULL, NULL, 0, '12900.00', 0, NULL, NULL, 22, 2, 19, 95, 47, 32, NULL, 0, NULL),
(164, '2021-07-26 13:21:27.881142', '2021-07-26 13:21:27.881142', 1, 12900, NULL, NULL, 0, '12900.00', 0, NULL, NULL, 22, 2, 19, 95, 49, 32, NULL, 0, NULL),
(165, '2021-07-26 13:22:47.597282', '2021-07-26 13:22:47.597282', 1, 6900, NULL, NULL, 0, '6900.00', 0, NULL, NULL, 23, 2, 19, 96, 61, 32, NULL, 0, NULL),
(166, '2021-07-26 13:22:47.597282', '2021-07-26 13:22:47.597282', 1, 6900, NULL, NULL, 0, '6900.00', 0, NULL, NULL, 23, 2, 19, 96, 103, 32, NULL, 0, NULL),
(167, '2021-07-26 13:22:47.628482', '2021-07-26 13:22:47.628482', 1, 39000, NULL, NULL, 0, '39000.00', 0, NULL, NULL, 23, 2, 19, 96, 37, 32, NULL, 0, NULL),
(168, '2021-07-26 13:29:02.195154', '2021-07-26 13:29:02.195154', 3, 20700, NULL, NULL, 0, '20700.00', 0, NULL, NULL, 10, 2, 19, 97, 61, 32, NULL, 0, NULL),
(169, '2021-07-26 13:29:02.210754', '2021-07-26 13:29:02.210754', 1, 39000, NULL, NULL, 0, '39000.00', 0, NULL, NULL, 10, 2, 19, 97, 42, 32, NULL, 0, NULL),
(170, '2021-07-26 13:29:02.210754', '2021-07-26 13:29:02.210754', 1, 8900, NULL, NULL, 0, '8900.00', 0, NULL, NULL, 10, 2, 19, 97, 54, 32, NULL, 0, NULL),
(171, '2021-07-26 13:34:01.044879', '2021-07-26 13:34:01.044879', 1, 10900, NULL, NULL, 0, '10900.00', 0, NULL, NULL, 25, 2, 19, 98, 173, 32, NULL, 0, NULL),
(172, '2021-07-26 13:34:01.060479', '2021-07-26 13:34:01.060479', 2, 13800, NULL, NULL, 0, '13800.00', 0, NULL, NULL, 25, 2, 19, 98, 103, 32, NULL, 0, NULL),
(173, '2021-07-26 13:34:01.060479', '2021-07-26 13:34:01.060479', 1, 2900, NULL, NULL, 0, '2900.00', 0, NULL, NULL, 25, 2, 19, 98, 91, 32, NULL, 0, NULL),
(174, '2021-07-26 13:34:01.247679', '2021-07-26 13:34:01.247679', 1, 49000, NULL, NULL, 0, '49000.00', 0, NULL, NULL, 25, 2, 19, 98, 30, 32, NULL, 0, NULL),
(175, '2021-07-26 13:51:06.697682', '2021-07-26 13:51:06.697682', 1, 3000, NULL, NULL, 0, '3000.00', 0, NULL, NULL, 24, 2, 19, 99, 85, 32, NULL, 0, NULL),
(176, '2021-07-26 13:51:06.713282', '2021-07-26 13:51:06.713282', 1, 12900, NULL, NULL, 0, '12900.00', 0, NULL, NULL, 24, 2, 19, 99, 73, 32, NULL, 0, NULL),
(177, '2021-07-26 13:51:06.713282', '2021-07-26 13:51:06.713282', 1, 2900, NULL, NULL, 0, '2900.00', 0, NULL, NULL, 24, 2, 19, 99, 91, 32, NULL, 0, NULL),
(178, '2021-07-26 13:51:06.728882', '2021-07-26 13:51:06.728882', 1, 2000, NULL, NULL, 0, '2000.00', 0, NULL, NULL, 24, 2, 19, 99, 235, 32, NULL, 0, NULL),
(179, '2021-07-26 13:51:06.744482', '2021-07-26 13:51:06.744482', 1, 16900, NULL, NULL, 0, '16900.00', 0, NULL, NULL, 24, 2, 19, 99, 76, 32, NULL, 0, NULL),
(180, '2021-07-26 13:51:06.728882', '2021-07-26 13:51:06.728882', 1, 26900, NULL, NULL, 0, '26900.00', 0, NULL, NULL, 24, 2, 19, 99, 51, 32, NULL, 0, NULL),
(181, '2021-07-26 14:10:08.057990', '2021-07-26 14:10:08.057990', 1, 59000, NULL, NULL, 0, '59000.00', 0, NULL, NULL, 28, 2, 19, 100, 33, 32, NULL, 0, NULL),
(182, '2021-07-26 14:10:08.104993', '2021-07-26 14:10:08.104993', 4, 40000, NULL, NULL, 0, '40000.00', 0, NULL, NULL, 28, 2, 19, 100, 237, 32, NULL, 0, NULL),
(183, '2021-07-26 14:10:08.143995', '2021-07-26 14:10:08.144995', 1, 59000, NULL, NULL, 0, '59000.00', 0, NULL, NULL, 28, 2, 19, 100, 40, 32, NULL, 0, NULL),
(184, '2021-07-26 14:10:08.210999', '2021-07-26 14:10:08.210999', 1, 20000, NULL, NULL, 0, '20000.00', 0, NULL, NULL, 28, 2, 19, 100, 238, 32, NULL, 0, NULL),
(185, '2021-07-26 14:10:08.393009', '2021-07-26 14:10:08.393009', 6, 71400, NULL, NULL, 0, '71400.00', 0, NULL, NULL, 28, 2, 19, 100, 57, 32, NULL, 0, NULL),
(186, '2021-07-26 14:10:08.421011', '2021-07-26 14:10:08.421011', 2, 3800, NULL, NULL, 0, '3800.00', 0, NULL, NULL, 28, 2, 19, 100, 81, 32, NULL, 0, NULL),
(187, '2021-07-26 14:12:16.456334', '2021-07-26 14:12:16.457334', 1, 3500, NULL, NULL, 0, '3500.00', 0, NULL, NULL, 28, 2, 19, 100, 239, 32, NULL, 0, NULL),
(188, '2021-07-26 14:13:10.452019', '2021-07-26 14:13:10.452019', 4, 8000, NULL, NULL, 0, '8000.00', 0, NULL, NULL, 29, 2, 19, 101, 235, 32, NULL, 0, NULL),
(189, '2021-07-26 14:16:20.244953', '2021-07-26 14:16:20.244953', 1, 2900, NULL, NULL, 0, '2900.00', 0, NULL, NULL, 22, 2, 19, 102, 91, 32, NULL, 0, NULL),
(190, '2021-07-26 14:16:20.260553', '2021-07-26 14:16:20.260553', 1, 1900, NULL, NULL, 0, '1900.00', 0, NULL, NULL, 22, 2, 19, 102, 81, 32, NULL, 0, NULL),
(191, '2021-07-26 14:16:20.276153', '2021-07-26 14:16:20.276153', 1, 16900, NULL, NULL, 0, '16900.00', 0, NULL, NULL, 22, 2, 19, 102, 64, 32, NULL, 0, NULL),
(192, '2021-07-26 14:16:20.276153', '2021-07-26 14:16:20.276153', 1, 39000, NULL, NULL, 0, '39000.00', 0, NULL, NULL, 22, 2, 19, 102, 37, 32, NULL, 0, NULL),
(193, '2021-07-26 14:16:20.307353', '2021-07-26 14:16:20.307353', 1, 8900, NULL, NULL, 0, '8900.00', 0, NULL, NULL, 22, 2, 19, 102, 98, 32, NULL, 0, NULL),
(194, '2021-07-26 14:16:41.304990', '2021-07-26 14:16:41.304990', 1, 16900, NULL, NULL, 0, '16900.00', 0, NULL, NULL, 22, 2, 19, 102, 64, 32, NULL, 0, NULL),
(195, '2021-07-26 14:20:20.243911', '2021-07-26 14:20:20.243911', 1, 29000, NULL, NULL, 0, '29000.00', 0, NULL, NULL, 24, 2, 19, 103, 43, 32, NULL, 0, NULL),
(196, '2021-07-26 14:21:17.036159', '2021-07-26 14:21:17.036159', 1, 13900, NULL, NULL, 0, '13900.00', 0, NULL, NULL, 11, 2, 19, 104, 44, 32, NULL, 0, NULL),
(197, '2021-07-26 14:21:17.152166', '2021-07-26 14:21:17.152166', 1, 10900, NULL, NULL, 0, '10900.00', 0, NULL, NULL, 11, 2, 19, 104, 72, 32, NULL, 0, NULL),
(198, '2021-07-26 14:21:17.167167', '2021-07-26 14:21:17.167167', 1, 2900, NULL, NULL, 0, '2900.00', 0, NULL, NULL, 11, 2, 19, 104, 90, 32, NULL, 0, NULL),
(199, '2021-07-26 14:22:23.941986', '2021-07-26 14:22:23.941986', 1, 1900, NULL, NULL, 0, '1900.00', 0, NULL, NULL, 22, 2, 19, 105, 81, 32, NULL, 0, NULL),
(200, '2021-07-26 14:22:23.957987', '2021-07-26 14:22:23.957987', 1, 4500, NULL, NULL, 0, '4500.00', 0, NULL, NULL, 22, 2, 19, 105, 101, 32, NULL, 0, NULL),
(201, '2021-07-26 14:22:23.967987', '2021-07-26 14:22:23.967987', 1, 10900, NULL, NULL, 0, '10900.00', 0, NULL, NULL, 22, 2, 19, 105, 72, 32, NULL, 0, NULL),
(202, '2021-07-26 14:22:24.048992', '2021-07-26 14:22:24.048992', 1, 12900, NULL, NULL, 0, '12900.00', 0, NULL, NULL, 22, 2, 19, 105, 47, 32, NULL, 0, NULL),
(203, '2021-07-26 14:22:52.638627', '2021-07-26 14:22:52.638627', 2, 13800, NULL, NULL, 0, '13800.00', 0, NULL, NULL, 29, 2, 19, 106, 103, 32, NULL, 0, NULL),
(204, '2021-07-26 14:24:09.199531', '2021-07-26 14:24:09.199531', 3, 20700, NULL, NULL, 0, '20700.00', 0, NULL, NULL, 29, 2, 19, 107, 103, 32, NULL, 0, NULL),
(205, '2021-07-26 14:28:01.361139', '2021-07-26 14:28:01.361139', 2, 9000, NULL, NULL, 0, '9000.00', 0, NULL, NULL, 29, 2, 19, 108, 101, 32, NULL, 0, NULL),
(206, '2021-07-27 05:27:29.381556', '2021-07-27 06:21:48.071942', 1, 8900, NULL, NULL, 0, '8900.00', 0, NULL, NULL, 11, 6, 19, 109, 63, 33, NULL, 1, '2021-07-27 06:21:48.071942'),
(207, '2021-07-27 05:27:29.410558', '2021-07-27 06:21:49.048998', 1, 12900, NULL, NULL, 0, '12900.00', 0, NULL, NULL, 11, 6, 19, 109, 48, 33, NULL, 1, '2021-07-27 06:21:49.048998'),
(208, '2021-07-27 05:53:17.512104', '2021-07-27 06:21:49.728037', 1, 59000, NULL, NULL, 0, '59000.00', 0, NULL, NULL, 21, 6, 19, 110, 34, 33, NULL, 1, '2021-07-27 06:21:49.728037'),
(209, '2021-07-27 05:53:17.514104', '2021-07-27 05:53:17.514104', 1, 2900, NULL, NULL, 0, '2900.00', 0, NULL, NULL, 21, 6, 19, 110, 91, 33, NULL, 0, NULL),
(210, '2021-07-27 05:53:17.541106', '2021-07-27 05:53:17.541106', 2, 6000, NULL, NULL, 0, '6000.00', 0, NULL, NULL, 21, 6, 19, 110, 85, 33, NULL, 0, NULL),
(211, '2021-07-27 05:59:03.187875', '2021-07-27 05:59:03.187875', 1, 3900, NULL, NULL, 0, '3900.00', 0, NULL, NULL, 21, 6, 19, 110, 240, 33, NULL, 0, NULL),
(212, '2021-07-27 05:59:03.197876', '2021-07-27 06:21:50.408076', 2, 3800, NULL, NULL, 0, '3800.00', 0, NULL, NULL, 21, 6, 19, 110, 80, 33, NULL, 1, '2021-07-27 06:21:50.408076'),
(213, '2021-07-27 06:01:25.996044', '2021-07-27 06:21:51.169119', 1, 28900, NULL, NULL, 0, '28900.00', 0, NULL, NULL, 22, 6, 19, 111, 71, 33, NULL, 1, '2021-07-27 06:21:51.169119'),
(214, '2021-07-27 06:01:26.044046', '2021-07-27 06:01:26.044046', 1, 3000, NULL, NULL, 0, '3000.00', 0, NULL, NULL, 22, 6, 19, 111, 84, 33, NULL, 0, NULL),
(215, '2021-07-27 06:01:26.059047', '2021-07-27 06:01:26.059047', 1, 3000, NULL, NULL, 0, '3000.00', 0, NULL, NULL, 22, 6, 19, 111, 86, 33, NULL, 0, NULL),
(216, '2021-07-27 06:02:29.559679', '2021-07-27 06:21:51.905162', 1, 59000, NULL, NULL, 0, '59000.00', 0, NULL, NULL, 8, 6, 19, 112, 40, 33, NULL, 1, '2021-07-27 06:21:51.904162'),
(217, '2021-07-27 06:03:19.176517', '2021-07-27 06:21:52.527197', 1, 29000, NULL, NULL, 0, '29000.00', 0, NULL, NULL, 20, 6, 19, 113, 43, 33, NULL, 1, '2021-07-27 06:21:52.527197'),
(218, '2021-07-27 06:03:19.186518', '2021-07-27 06:21:53.233238', 1, 7900, NULL, NULL, 0, '7900.00', 0, NULL, NULL, 20, 6, 19, 113, 59, 33, NULL, 1, '2021-07-27 06:21:53.233238'),
(219, '2021-07-27 06:11:56.298095', '2021-07-27 06:21:56.943450', 1, 24900, NULL, NULL, 0, '24900.00', 0, NULL, NULL, 23, 6, 19, 114, 78, 33, NULL, 1, '2021-07-27 06:21:56.943450'),
(220, '2021-07-27 06:11:56.354098', '2021-07-27 06:21:57.597487', 1, 8900, NULL, NULL, 0, '8900.00', 0, NULL, NULL, 23, 6, 19, 114, 62, 33, NULL, 1, '2021-07-27 06:21:57.597487'),
(221, '2021-07-27 06:11:56.358098', '2021-07-27 06:21:58.112517', 1, 28900, NULL, NULL, 0, '28900.00', 0, NULL, NULL, 23, 6, 19, 114, 71, 33, NULL, 1, '2021-07-27 06:21:58.111517'),
(222, '2021-07-27 06:11:56.360098', '2021-07-27 06:11:56.360098', 1, 3900, NULL, NULL, 0, '3900.00', 0, NULL, NULL, 23, 6, 19, 114, 242, 33, NULL, 0, NULL),
(223, '2021-07-27 06:11:56.385100', '2021-07-27 06:11:56.385100', 1, 2900, NULL, NULL, 0, '2900.00', 0, NULL, NULL, 23, 6, 19, 114, 91, 33, NULL, 0, NULL),
(224, '2021-07-27 06:11:56.441103', '2021-07-27 06:21:58.682549', 1, 7900, NULL, NULL, 0, '7900.00', 0, NULL, NULL, 23, 6, 19, 114, 59, 33, NULL, 1, '2021-07-27 06:21:58.682549'),
(225, '2021-07-27 06:11:56.561110', '2021-07-27 06:21:59.159577', 1, 16900, NULL, NULL, 0, '16900.00', 0, NULL, NULL, 23, 6, 19, 114, 77, 33, NULL, 1, '2021-07-27 06:21:59.158576'),
(226, '2021-07-27 06:11:56.581111', '2021-07-27 08:09:46.754458', 1, 1900, NULL, NULL, 0, '1900.00', 0, NULL, NULL, 23, 6, 19, 114, 80, 33, NULL, 1, '2021-07-27 08:09:46.754458'),
(227, '2021-07-27 06:11:56.632114', '2021-07-27 06:11:56.632114', 1, 3000, NULL, NULL, 0, '3000.00', 0, NULL, NULL, 23, 6, 19, 114, 84, 33, NULL, 0, NULL),
(228, '2021-07-27 07:02:12.306034', '2021-07-28 08:29:56.909962', 1, 8900, NULL, NULL, 0, '8900.00', 0, NULL, NULL, 20, 6, 19, 115, 63, 33, NULL, 1, '2021-07-28 08:29:56.909962'),
(229, '2021-07-27 07:02:12.306034', '2021-07-27 08:10:44.921785', 1, 4900, NULL, NULL, 0, '4900.00', 0, NULL, NULL, 20, 6, 19, 115, 79, 33, NULL, 1, '2021-07-27 08:10:44.921785'),
(230, '2021-07-27 07:02:12.321634', '2021-07-27 07:02:12.321634', 1, 2900, NULL, NULL, 0, '2900.00', 0, NULL, NULL, 20, 6, 19, 115, 90, 33, NULL, 0, NULL),
(231, '2021-07-27 07:02:12.321634', '2021-07-27 08:10:43.008676', 1, 39000, NULL, NULL, 0, '39000.00', 0, NULL, NULL, 20, 6, 19, 115, 37, 33, NULL, 1, '2021-07-27 08:10:43.007676'),
(232, '2021-07-27 07:14:15.031103', '2021-07-27 08:10:32.183057', 1, 10900, NULL, NULL, 0, '10900.00', 0, NULL, NULL, 3, 8, 19, 116, 72, 33, NULL, 1, '2021-07-27 08:10:32.183057'),
(233, '2021-07-27 07:14:15.031103', '2021-07-27 08:10:01.055276', 1, 12900, NULL, NULL, 0, '12900.00', 0, NULL, NULL, 3, 8, 19, 116, 73, 33, NULL, 1, '2021-07-27 08:10:01.055276'),
(234, '2021-07-27 07:23:48.856520', '2021-07-27 07:23:48.856520', 1, 2000, NULL, NULL, 0, '2000.00', 0, NULL, NULL, 20, 6, 19, 115, 235, 33, NULL, 0, NULL),
(235, '2021-07-27 07:53:43.713375', '2021-07-27 07:53:43.713375', 2, 25800, NULL, NULL, 0, '25800.00', 0, NULL, NULL, 22, 2, 19, 117, 47, 33, NULL, 0, NULL),
(236, '2021-07-27 08:08:27.869946', '2021-07-27 08:08:27.869946', 1, 59000, NULL, NULL, 0, '59000.00', 0, NULL, NULL, 24, 2, 19, 118, 34, 33, NULL, 0, NULL),
(237, '2021-07-27 08:08:27.882947', '2021-07-27 08:08:27.882947', 1, 2900, NULL, NULL, 0, '2900.00', 0, NULL, NULL, 24, 2, 19, 118, 91, 33, NULL, 0, NULL),
(238, '2021-07-27 08:13:32.003342', '2021-07-27 08:13:32.003342', 2, 6000, NULL, NULL, 0, '6000.00', 0, NULL, NULL, 29, 2, 19, 119, 193, 33, NULL, 0, NULL),
(239, '2021-07-27 08:26:31.720831', '2021-07-27 08:26:31.720831', 2, 3800, NULL, NULL, 0, '3800.00', 0, NULL, NULL, 24, 6, 19, 118, 80, 33, NULL, 0, NULL),
(241, '2021-07-27 08:49:17.231740', '2021-07-27 08:49:17.231740', 1, 2000, NULL, NULL, 0, '2000.00', 0, NULL, NULL, 24, 6, 19, 118, 235, 33, NULL, 0, NULL),
(242, '2021-07-27 09:44:43.132448', '2021-07-27 09:44:43.132448', 1, 2000, NULL, NULL, 0, '2000.00', 0, NULL, NULL, 29, 6, 19, 121, 236, 33, NULL, 0, NULL),
(243, '2021-07-27 09:44:43.132448', '2021-07-27 09:44:43.132448', 1, 12900, NULL, NULL, 0, '12900.00', 0, NULL, NULL, 29, 6, 19, 121, 48, 33, NULL, 0, NULL),
(244, '2021-07-27 09:44:43.163648', '2021-07-27 09:44:43.163648', 1, 49000, NULL, NULL, 0, '49000.00', 0, NULL, NULL, 29, 6, 19, 121, 39, 33, NULL, 0, NULL),
(245, '2021-07-27 13:48:44.926433', '2021-07-27 13:48:44.926433', 4, 27600, NULL, NULL, 0, '27600.00', 0, NULL, NULL, 23, 2, 19, 122, 103, 33, NULL, 0, NULL),
(246, '2021-07-27 13:48:44.942033', '2021-07-27 13:48:44.942033', 1, 49000, NULL, NULL, 0, '49000.00', 0, NULL, NULL, 23, 2, 19, 122, 39, 33, NULL, 0, NULL),
(247, '2021-07-27 13:50:51.834656', '2021-07-27 13:50:51.834656', 1, 16900, NULL, NULL, 0, '16900.00', 0, NULL, NULL, 22, 2, 19, 123, 77, 33, NULL, 0, NULL),
(248, '2021-07-27 13:50:51.834656', '2021-07-27 13:50:51.834656', 2, 17800, NULL, NULL, 0, '17800.00', 0, NULL, NULL, 22, 2, 19, 123, 63, 33, NULL, 0, NULL),
(249, '2021-07-27 13:50:51.834656', '2021-07-27 13:50:51.834656', 1, 10900, NULL, NULL, 0, '10900.00', 0, NULL, NULL, 22, 2, 19, 123, 72, 33, NULL, 0, NULL),
(250, '2021-07-27 13:50:51.850256', '2021-07-27 13:50:51.850256', 2, 31800, NULL, NULL, 0, '31800.00', 0, NULL, NULL, 22, 2, 19, 123, 75, 33, NULL, 0, NULL),
(251, '2021-07-27 13:50:51.912656', '2021-07-27 13:50:51.912656', 1, 2900, NULL, NULL, 0, '2900.00', 0, NULL, NULL, 22, 2, 19, 123, 91, 33, NULL, 0, NULL),
(252, '2021-07-27 13:50:51.912656', '2021-07-27 13:50:51.912656', 2, 40000, NULL, NULL, 0, '40000.00', 0, NULL, NULL, 22, 2, 19, 123, 238, 33, NULL, 0, NULL),
(253, '2021-07-27 13:54:04.684194', '2021-07-27 13:54:04.684194', 1, 13900, NULL, NULL, 0, '13900.00', 0, NULL, NULL, 24, 2, 19, 124, 244, 33, NULL, 0, NULL),
(254, '2021-07-27 13:55:17.442722', '2021-07-27 13:55:17.442722', 1, 8900, NULL, NULL, 0, '8900.00', 0, NULL, NULL, 8, 2, 19, 125, 62, 33, NULL, 0, NULL),
(255, '2021-07-27 13:55:17.442722', '2021-07-27 13:55:17.442722', 1, 10900, NULL, NULL, 0, '10900.00', 0, NULL, NULL, 8, 2, 19, 125, 72, 33, NULL, 0, NULL),
(256, '2021-07-27 13:55:17.442722', '2021-07-27 13:55:17.442722', 1, 22900, NULL, NULL, 0, '22900.00', 0, NULL, NULL, 8, 2, 19, 125, 69, 33, NULL, 0, NULL),
(257, '2021-07-27 13:56:35.505259', '2021-07-27 13:56:35.505259', 1, 12900, NULL, NULL, 0, '12900.00', 0, NULL, NULL, 20, 2, 19, 126, 220, 33, NULL, 0, NULL),
(258, '2021-07-27 13:56:35.489659', '2021-07-27 13:56:35.489659', 1, 49000, NULL, NULL, 0, '49000.00', 0, NULL, NULL, 20, 2, 19, 126, 39, 33, NULL, 0, NULL),
(259, '2021-07-27 13:56:35.505259', '2021-07-27 13:56:35.505259', 1, 8900, NULL, NULL, 0, '8900.00', 0, NULL, NULL, 20, 2, 19, 126, 54, 33, NULL, 0, NULL),
(260, '2021-07-27 13:56:35.520859', '2021-07-27 13:56:35.520859', 1, 12900, NULL, NULL, 0, '12900.00', 0, NULL, NULL, 20, 2, 19, 126, 221, 33, NULL, 0, NULL),
(261, '2021-07-27 13:56:35.520859', '2021-07-27 13:56:35.520859', 2, 13800, NULL, NULL, 0, '13800.00', 0, NULL, NULL, 20, 2, 19, 126, 211, 33, NULL, 0, NULL),
(262, '2021-07-27 13:56:35.520859', '2021-07-27 13:56:35.520859', 1, 12900, NULL, NULL, 0, '12900.00', 0, NULL, NULL, 20, 2, 19, 126, 217, 33, NULL, 0, NULL),
(263, '2021-07-27 13:57:31.462558', '2021-07-27 13:57:31.462558', 2, 9000, NULL, NULL, 0, '9000.00', 0, NULL, NULL, 28, 2, 19, 127, 101, 33, NULL, 0, NULL),
(264, '2021-07-27 13:57:31.478158', '2021-07-27 13:57:31.478158', 1, 10900, NULL, NULL, 0, '10900.00', 0, NULL, NULL, 28, 2, 19, 127, 55, 33, NULL, 0, NULL),
(265, '2021-07-27 13:57:31.478158', '2021-07-27 13:57:31.478158', 1, 13900, NULL, NULL, 0, '13900.00', 0, NULL, NULL, 28, 2, 19, 127, 244, 33, NULL, 0, NULL),
(266, '2021-07-27 13:58:46.093089', '2021-07-27 13:58:46.093089', 1, 29000, NULL, NULL, 0, '29000.00', 0, NULL, NULL, 23, 2, 19, 128, 41, 33, NULL, 0, NULL),
(267, '2021-07-27 13:58:46.108689', '2021-07-27 13:58:46.108689', 1, 12900, NULL, NULL, 0, '12900.00', 0, NULL, NULL, 23, 2, 19, 128, 221, 33, NULL, 0, NULL),
(268, '2021-07-27 13:58:46.108689', '2021-07-27 13:58:46.108689', 1, 8900, NULL, NULL, 0, '8900.00', 0, NULL, NULL, 23, 2, 19, 128, 99, 33, NULL, 0, NULL),
(269, '2021-07-27 13:58:46.124289', '2021-07-27 13:58:46.124289', 1, 13900, NULL, NULL, 0, '13900.00', 0, NULL, NULL, 23, 2, 19, 128, 205, 33, NULL, 0, NULL),
(270, '2021-07-27 13:58:46.124289', '2021-07-27 13:58:46.124289', 1, 13900, NULL, NULL, 0, '13900.00', 0, NULL, NULL, 23, 2, 19, 128, 44, 33, NULL, 0, NULL),
(271, '2021-07-27 13:59:33.782372', '2021-07-27 13:59:33.782372', 1, 22900, NULL, NULL, 0, '22900.00', 0, NULL, NULL, 21, 2, 19, 129, 68, 33, NULL, 0, NULL),
(272, '2021-07-27 13:59:33.797972', '2021-07-27 13:59:33.797972', 2, 9000, NULL, NULL, 0, '9000.00', 0, NULL, NULL, 21, 2, 19, 129, 101, 33, NULL, 0, NULL),
(273, '2021-07-27 14:00:32.407275', '2021-07-27 14:00:32.407275', 1, 8900, NULL, NULL, 0, '8900.00', 0, NULL, NULL, 25, 2, 19, 130, 99, 33, NULL, 0, NULL),
(274, '2021-07-27 14:00:32.407275', '2021-07-27 14:00:32.407275', 1, 13900, NULL, NULL, 0, '13900.00', 0, NULL, NULL, 25, 2, 19, 130, 205, 33, NULL, 0, NULL),
(275, '2021-07-27 14:02:13.277053', '2021-07-27 14:02:13.277053', 1, 59000, NULL, NULL, 0, '59000.00', 0, NULL, NULL, 24, 2, 19, 131, 33, 33, NULL, 0, NULL),
(276, '2021-07-27 14:02:13.292653', '2021-07-27 14:02:13.292653', 1, 59000, NULL, NULL, 0, '59000.00', 0, NULL, NULL, 24, 2, 19, 131, 34, 33, NULL, 0, NULL),
(277, '2021-07-27 14:02:13.323853', '2021-07-27 14:02:13.323853', 3, 26700, NULL, NULL, 0, '26700.00', 0, NULL, NULL, 24, 2, 19, 131, 98, 33, NULL, 0, NULL),
(278, '2021-07-27 14:02:13.323853', '2021-07-27 14:02:13.323853', 1, 6900, NULL, NULL, 0, '6900.00', 0, NULL, NULL, 24, 2, 19, 131, 103, 33, NULL, 0, NULL),
(279, '2021-07-27 14:02:13.323853', '2021-07-27 14:02:13.323853', 2, 17800, NULL, NULL, 0, '17800.00', 0, NULL, NULL, 24, 2, 19, 131, 99, 33, NULL, 0, NULL),
(280, '2021-07-27 14:02:13.323853', '2021-07-27 14:02:13.323853', 1, 3000, NULL, NULL, 0, '3000.00', 0, NULL, NULL, 24, 2, 19, 131, 84, 33, NULL, 0, NULL),
(281, '2021-07-27 14:02:13.869854', '2021-07-27 14:02:13.869854', 4, 7600, NULL, NULL, 0, '7600.00', 0, NULL, NULL, 24, 2, 19, 131, 80, 33, NULL, 0, NULL),
(282, '2021-07-27 14:02:13.869854', '2021-07-27 14:02:13.869854', 3, 5700, NULL, NULL, 0, '5700.00', 0, NULL, NULL, 24, 2, 19, 131, 81, 33, NULL, 0, NULL),
(283, '2021-07-27 14:02:14.291054', '2021-07-27 14:02:14.291054', 4, 8000, NULL, NULL, 0, '8000.00', 0, NULL, NULL, 24, 2, 19, 131, 235, 33, NULL, 0, NULL),
(284, '2021-07-27 14:02:14.306654', '2021-07-27 14:02:14.306654', 1, 4500, NULL, NULL, 0, '4500.00', 0, NULL, NULL, 24, 2, 19, 131, 101, 33, NULL, 0, NULL),
(285, '2021-07-27 14:09:26.747698', '2021-07-27 14:09:26.747698', 3, 13500, NULL, NULL, 0, '13500.00', 0, NULL, NULL, 29, 2, 19, 119, 101, 33, NULL, 0, NULL),
(286, '2021-07-27 14:09:26.748698', '2021-07-27 14:09:26.749698', 1, 13900, NULL, NULL, 0, '13900.00', 0, NULL, NULL, 29, 2, 19, 119, 244, 33, NULL, 0, NULL),
(287, '2021-07-27 14:09:26.758698', '2021-07-27 14:09:26.758698', 1, 59000, NULL, NULL, 0, '59000.00', 0, NULL, NULL, 29, 2, 19, 119, 34, 33, NULL, 0, NULL),
(288, '2021-07-27 14:09:26.760699', '2021-07-27 14:09:26.760699', 1, 26900, NULL, NULL, 0, '26900.00', 0, NULL, NULL, 29, 2, 19, 119, 50, 33, NULL, 0, NULL),
(289, '2021-07-27 14:09:26.765699', '2021-07-27 14:09:26.765699', 1, 2000, NULL, NULL, 0, '2000.00', 0, NULL, NULL, 29, 2, 19, 119, 235, 33, NULL, 0, NULL),
(290, '2021-07-27 14:09:26.768699', '2021-07-27 14:09:26.768699', 2, 15800, NULL, NULL, 0, '15800.00', 0, NULL, NULL, 29, 2, 19, 119, 159, 33, NULL, 0, NULL),
(291, '2021-07-28 05:34:07.584652', '2021-07-28 05:34:07.584652', 3, 9000, NULL, NULL, 0, '9000.00', 0, NULL, NULL, 22, 8, 19, 132, 86, 34, NULL, 0, NULL),
(292, '2021-07-28 05:34:07.600252', '2021-07-28 08:30:19.998002', 1, 49000, NULL, NULL, 0, '49000.00', 0, NULL, NULL, 22, 8, 19, 132, 39, 34, NULL, 1, '2021-07-28 08:30:19.998002'),
(293, '2021-07-28 05:51:16.629907', '2021-07-28 08:30:21.199204', 1, 59000, NULL, NULL, 0, '59000.00', 0, NULL, NULL, 11, 7, 19, 133, 34, 34, NULL, 1, '2021-07-28 08:30:21.199204'),
(294, '2021-07-28 05:51:16.661107', '2021-07-28 08:30:21.573605', 2, 13800, NULL, NULL, 0, '13800.00', 0, NULL, NULL, 11, 7, 19, 133, 61, 34, NULL, 1, '2021-07-28 08:30:21.573605'),
(295, '2021-07-28 05:51:17.238308', '2021-07-28 05:51:17.238308', 1, 2900, NULL, NULL, 0, '2900.00', 0, NULL, NULL, 11, 7, 19, 133, 91, 34, NULL, 0, NULL),
(296, '2021-07-28 05:59:39.469591', '2021-07-28 08:30:22.135206', 3, 41700, NULL, NULL, 0, '41700.00', 0, NULL, NULL, 22, 7, 19, 134, 44, 34, NULL, 1, '2021-07-28 08:30:22.135206'),
(297, '2021-07-28 05:59:39.921991', '2021-07-28 08:30:22.728007', 1, 12900, NULL, NULL, 0, '12900.00', 0, NULL, NULL, 22, 7, 19, 134, 47, 34, NULL, 1, '2021-07-28 08:30:22.728007'),
(298, '2021-07-28 05:59:39.937592', '2021-07-28 08:30:23.211608', 1, 12900, NULL, NULL, 0, '12900.00', 0, NULL, NULL, 22, 7, 19, 134, 49, 34, NULL, 1, '2021-07-28 08:30:23.211608'),
(299, '2021-07-28 05:59:39.953192', '2021-07-28 05:59:39.953192', 3, 13500, NULL, NULL, 0, '13500.00', 0, NULL, NULL, 22, 7, 19, 134, 101, 34, NULL, 0, NULL),
(300, '2021-07-28 05:59:39.953192', '2021-07-28 05:59:39.953192', 3, 4500, NULL, NULL, 0, '4500.00', 0, NULL, NULL, 22, 7, 19, 134, 232, 34, NULL, 0, NULL),
(301, '2021-07-28 06:02:11.133057', '2021-07-28 06:02:11.133057', 1, 5900, NULL, NULL, 0, '5900.00', 0, NULL, NULL, 22, 7, 19, 132, 92, 34, NULL, 0, NULL),
(302, '2021-07-28 06:14:47.697586', '2021-07-28 08:30:23.773209', 1, 5900, NULL, NULL, 0, '5900.00', 0, NULL, NULL, 22, 7, 19, 132, 53, 34, NULL, 1, '2021-07-28 08:30:23.773209'),
(303, '2021-07-28 06:18:48.371210', '2021-07-28 12:50:49.845706', 1, 12900, NULL, NULL, 0, '12900.00', 0, NULL, NULL, 22, 7, 19, 132, 47, 34, NULL, 1, '2021-07-28 12:50:49.845706'),
(304, '2021-07-28 06:18:48.371210', '2021-07-28 06:18:48.371210', 2, 4000, NULL, NULL, 0, '4000.00', 0, NULL, NULL, 22, 7, 19, 132, 235, 34, NULL, 0, NULL),
(305, '2021-07-28 08:26:30.907600', '2021-07-28 08:26:30.907600', 2, 3000, NULL, NULL, 0, '3000.00', 0, NULL, NULL, 23, 6, 19, 135, 232, 34, NULL, 0, NULL),
(306, '2021-07-28 08:26:30.923200', '2021-07-28 08:30:09.748784', 1, 15900, NULL, NULL, 0, '15900.00', 0, NULL, NULL, 23, 6, 19, 135, 74, 34, NULL, 1, '2021-07-28 08:30:09.748784'),
(307, '2021-07-28 08:28:03.994963', '2021-07-28 12:50:53.901713', 2, 3800, NULL, NULL, 0, '3800.00', 0, NULL, NULL, 11, 6, 19, 136, 80, 34, NULL, 1, '2021-07-28 12:50:53.901713'),
(308, '2021-07-28 08:28:04.010563', '2021-07-28 12:50:54.697315', 1, 59000, NULL, NULL, 0, '59000.00', 0, NULL, NULL, 11, 6, 19, 136, 40, 34, NULL, 1, '2021-07-28 12:50:54.697315'),
(309, '2021-07-28 08:28:04.026163', '2021-07-28 12:50:55.446116', 1, 28900, NULL, NULL, 0, '28900.00', 0, NULL, NULL, 11, 6, 19, 136, 71, 34, NULL, 1, '2021-07-28 12:50:55.446116'),
(310, '2021-07-28 08:38:39.262279', '2021-07-28 12:50:56.304118', 1, 15900, NULL, NULL, 0, '15900.00', 0, NULL, NULL, 29, 6, 19, 137, 75, 34, NULL, 1, '2021-07-28 12:50:56.304118'),
(311, '2021-07-28 08:38:39.293479', '2021-07-28 12:50:57.021719', 1, 15900, NULL, NULL, 0, '15900.00', 0, NULL, NULL, 29, 6, 19, 137, 74, 34, NULL, 1, '2021-07-28 12:50:57.021719'),
(312, '2021-07-28 08:38:39.293479', '2021-07-28 08:38:39.293479', 1, 2000, NULL, NULL, 0, '2000.00', 0, NULL, NULL, 29, 6, 19, 137, 235, 34, NULL, 0, NULL),
(313, '2021-07-28 09:25:40.750446', '2021-07-28 12:50:57.692520', 1, 12900, NULL, NULL, 0, '12900.00', 0, NULL, NULL, 22, 6, 19, 138, 49, 34, NULL, 1, '2021-07-28 12:50:57.692520'),
(314, '2021-07-28 09:25:40.750446', '2021-07-28 12:50:58.425721', 1, 28900, NULL, NULL, 0, '28900.00', 0, NULL, NULL, 22, 6, 19, 138, 71, 34, NULL, 1, '2021-07-28 12:50:58.425721'),
(315, '2021-07-28 09:25:40.766046', '2021-07-28 09:25:40.766046', 1, 3000, NULL, NULL, 0, '3000.00', 0, NULL, NULL, 22, 6, 19, 138, 86, 34, NULL, 0, NULL),
(316, '2021-07-28 09:41:22.157506', '2021-07-28 12:50:59.190123', 1, 29000, NULL, NULL, 0, '29000.00', 0, NULL, NULL, 23, 6, 19, 139, 43, 34, NULL, 1, '2021-07-28 12:50:59.190123'),
(317, '2021-07-28 09:59:08.421180', '2021-07-28 12:50:59.892124', 1, 12900, NULL, NULL, 0, '12900.00', 0, NULL, NULL, 20, 6, 19, 140, 48, 34, NULL, 1, '2021-07-28 12:50:59.892124'),
(318, '2021-07-28 10:45:55.996519', '2021-07-28 12:51:00.594125', 1, 39000, NULL, NULL, 0, '39000.00', 0, NULL, NULL, 25, 6, 19, 141, 37, 34, NULL, 1, '2021-07-28 12:51:00.594125'),
(319, '2021-07-28 10:45:55.996519', '2021-07-28 10:45:55.996519', 2, 17800, NULL, NULL, 0, '17800.00', 0, NULL, NULL, 25, 6, 19, 141, 99, 34, NULL, 0, NULL),
(320, '2021-07-28 10:45:56.012119', '2021-07-28 10:45:56.012119', 1, 2900, NULL, NULL, 0, '2900.00', 0, NULL, NULL, 25, 6, 19, 141, 91, 34, NULL, 0, NULL),
(321, '2021-07-28 10:45:56.012119', '2021-07-28 12:51:01.280526', 1, 16900, NULL, NULL, 0, '16900.00', 0, NULL, NULL, 25, 6, 19, 141, 77, 34, NULL, 1, '2021-07-28 12:51:01.280526'),
(322, '2021-07-28 10:58:30.047444', '2021-07-28 12:51:02.013728', 3, 5700, NULL, NULL, 0, '5700.00', 0, NULL, NULL, 25, 6, 19, 141, 80, 34, NULL, 1, '2021-07-28 12:51:02.013728'),
(323, '2021-07-28 11:00:11.448622', '2021-07-28 11:00:11.448622', 1, 139000, NULL, NULL, 0, '139000.00', 0, NULL, NULL, 25, 6, 19, 142, 129, 34, NULL, 0, NULL),
(324, '2021-07-28 11:00:11.526622', '2021-07-28 11:00:11.526622', 4, 12000, NULL, NULL, 0, '12000.00', 0, NULL, NULL, 25, 6, 19, 142, 84, 34, NULL, 0, NULL),
(325, '2021-07-28 11:00:11.542222', '2021-07-28 12:51:02.778129', 1, 49000, NULL, NULL, 0, '49000.00', 0, NULL, NULL, 25, 6, 19, 142, 39, 34, NULL, 1, '2021-07-28 12:51:02.778129'),
(326, '2021-07-28 11:00:11.557822', '2021-07-28 12:51:03.511330', 1, 22900, NULL, NULL, 0, '22900.00', 0, NULL, NULL, 25, 6, 19, 142, 67, 34, NULL, 1, '2021-07-28 12:51:03.511330'),
(327, '2021-07-28 11:00:11.557822', '2021-08-02 14:50:38.649220', 1, 1900, NULL, NULL, 0, '1900.00', 0, NULL, NULL, 25, 6, 19, 142, 80, 34, NULL, 1, '2021-08-02 14:50:38.649220'),
(328, '2021-07-28 13:54:40.649649', '2021-07-28 13:54:40.649649', 1, 39000, NULL, NULL, 0, '39000.00', 0, NULL, NULL, 23, 2, 19, 143, 37, 34, NULL, 0, NULL),
(329, '2021-07-28 13:54:40.977250', '2021-07-28 13:54:40.977250', 2, 17800, NULL, NULL, 0, '17800.00', 0, NULL, NULL, 23, 2, 19, 143, 99, 34, NULL, 0, NULL),
(330, '2021-07-28 13:54:41.024050', '2021-07-28 13:54:41.024050', 1, 16900, NULL, NULL, 0, '16900.00', 0, NULL, NULL, 23, 2, 19, 143, 77, 34, NULL, 0, NULL),
(331, '2021-07-28 13:54:41.024050', '2021-07-28 13:54:41.024050', 1, 2900, NULL, NULL, 0, '2900.00', 0, NULL, NULL, 23, 2, 19, 143, 91, 34, NULL, 0, NULL),
(332, '2021-07-28 13:55:42.425758', '2021-07-28 13:55:42.425758', 1, 1900, NULL, NULL, 0, '1900.00', 0, NULL, NULL, 24, 2, 19, 144, 81, 34, NULL, 0, NULL),
(333, '2021-07-28 13:56:14.265414', '2021-07-28 13:56:14.265414', 1, 8900, NULL, NULL, 0, '8900.00', 0, NULL, NULL, 29, 2, 19, 145, 99, 34, NULL, 0, NULL),
(334, '2021-07-28 13:56:14.265414', '2021-07-28 13:56:14.265414', 1, 8900, NULL, NULL, 0, '8900.00', 0, NULL, NULL, 29, 2, 19, 145, 98, 34, NULL, 0, NULL),
(335, '2021-07-28 13:57:18.225526', '2021-07-28 13:57:18.225526', 1, 3000, NULL, NULL, 0, '3000.00', 0, NULL, NULL, 22, 2, 19, 146, 84, 34, NULL, 0, NULL),
(336, '2021-07-28 13:57:18.241126', '2021-07-28 13:57:18.241126', 1, 2000, NULL, NULL, 0, '2000.00', 0, NULL, NULL, 22, 2, 19, 146, 235, 34, NULL, 0, NULL),
(337, '2021-07-28 13:57:18.256726', '2021-07-28 13:57:18.256726', 1, 12900, NULL, NULL, 0, '12900.00', 0, NULL, NULL, 22, 2, 19, 146, 73, 34, NULL, 0, NULL),
(338, '2021-07-28 13:57:18.272326', '2021-07-28 13:57:18.272326', 1, 22900, NULL, NULL, 0, '22900.00', 0, NULL, NULL, 22, 2, 19, 146, 68, 34, NULL, 0, NULL),
(339, '2021-07-28 13:58:36.568864', '2021-07-28 13:58:36.568864', 1, 59000, NULL, NULL, 0, '59000.00', 0, NULL, NULL, 20, 2, 19, 147, 34, 34, NULL, 0, NULL),
(340, '2021-07-28 13:58:36.880864', '2021-07-28 13:58:36.880864', 1, 2900, NULL, NULL, 0, '2900.00', 0, NULL, NULL, 20, 2, 19, 147, 91, 34, NULL, 0, NULL),
(341, '2021-07-28 13:58:36.880864', '2021-07-28 13:58:36.880864', 1, 8900, NULL, NULL, 0, '8900.00', 0, NULL, NULL, 20, 2, 19, 147, 99, 34, NULL, 0, NULL),
(342, '2021-07-28 13:58:36.880864', '2021-07-28 13:58:36.880864', 2, 4000, NULL, NULL, 0, '4000.00', 0, NULL, NULL, 20, 2, 19, 147, 235, 34, NULL, 0, NULL),
(343, '2021-07-28 13:58:36.896464', '2021-07-28 13:58:36.896464', 1, 3900, NULL, NULL, 0, '3900.00', 0, NULL, NULL, 20, 2, 19, 147, 89, 34, NULL, 0, NULL),
(344, '2021-07-28 14:04:54.810529', '2021-07-28 14:04:54.810529', 1, 2000, NULL, NULL, 0, '2000.00', 0, NULL, NULL, 30, 2, 19, 148, 236, 34, NULL, 0, NULL),
(345, '2021-07-28 14:04:54.810529', '2021-07-28 14:04:54.810529', 1, 2000, NULL, NULL, 0, '2000.00', 0, NULL, NULL, 30, 2, 19, 148, 235, 34, NULL, 0, NULL),
(346, '2021-07-28 14:04:54.826129', '2021-07-28 14:04:54.826129', 1, 10000, NULL, NULL, 0, '10000.00', 0, NULL, NULL, 30, 2, 19, 148, 237, 34, NULL, 0, NULL),
(347, '2021-07-28 14:04:54.826129', '2021-07-28 14:04:54.826129', 1, 4500, NULL, NULL, 0, '4500.00', 0, NULL, NULL, 30, 2, 19, 148, 101, 34, NULL, 0, NULL),
(348, '2021-07-28 14:04:54.826129', '2021-07-28 14:04:54.826129', 1, 6900, NULL, NULL, 0, '6900.00', 0, NULL, NULL, 30, 2, 19, 148, 103, 34, NULL, 0, NULL),
(349, '2021-07-28 14:04:54.841729', '2021-07-28 14:04:54.841729', 1, 49000, NULL, NULL, 0, '49000.00', 0, NULL, NULL, 30, 2, 19, 148, 30, 34, NULL, 0, NULL),
(350, '2021-07-28 14:04:55.574930', '2021-07-28 14:04:55.574930', 2, 3000, NULL, NULL, 0, '3000.00', 0, NULL, NULL, 30, 2, 19, 148, 232, 34, NULL, 0, NULL),
(351, '2021-07-28 14:08:07.923268', '2021-07-28 14:08:07.923268', 1, 39000, NULL, NULL, 0, '39000.00', 0, NULL, NULL, 22, 2, 19, 149, 37, 34, NULL, 0, NULL),
(352, '2021-07-28 14:08:08.016868', '2021-07-28 14:08:08.016868', 1, 8900, NULL, NULL, 0, '8900.00', 0, NULL, NULL, 22, 2, 19, 149, 98, 34, NULL, 0, NULL),
(353, '2021-07-28 14:08:08.063669', '2021-07-28 14:08:08.063669', 2, 3800, NULL, NULL, 0, '3800.00', 0, NULL, NULL, 22, 2, 19, 149, 81, 34, NULL, 0, NULL),
(354, '2021-07-28 14:08:08.079269', '2021-07-28 14:08:08.079269', 1, 10900, NULL, NULL, 0, '10900.00', 0, NULL, NULL, 22, 2, 19, 149, 55, 34, NULL, 0, NULL),
(355, '2021-07-28 14:08:08.110469', '2021-07-28 14:08:08.110469', 1, 3900, NULL, NULL, 0, '3900.00', 0, NULL, NULL, 22, 2, 19, 149, 240, 34, NULL, 0, NULL),
(356, '2021-07-28 14:09:04.457768', '2021-07-28 14:09:04.457768', 1, 49000, NULL, NULL, 0, '49000.00', 0, NULL, NULL, 28, 2, 19, 150, 39, 34, NULL, 0, NULL),
(357, '2021-07-28 14:09:04.535768', '2021-07-28 14:09:04.535768', 1, 5900, NULL, NULL, 0, '5900.00', 0, NULL, NULL, 28, 2, 19, 150, 53, 34, NULL, 0, NULL),
(358, '2021-07-28 14:09:04.551368', '2021-07-28 14:09:04.551368', 1, 8900, NULL, NULL, 0, '8900.00', 0, NULL, NULL, 28, 2, 19, 150, 54, 34, NULL, 0, NULL),
(359, '2021-07-28 14:13:29.964635', '2021-07-28 14:13:29.964635', 1, 39000, NULL, NULL, 0, '39000.00', 0, NULL, NULL, 32, 2, 19, 151, 37, 34, NULL, 0, NULL),
(360, '2021-07-28 14:13:29.995835', '2021-07-28 14:13:29.995835', 1, 49000, NULL, NULL, 0, '49000.00', 0, NULL, NULL, 32, 2, 19, 151, 39, 34, NULL, 0, NULL),
(361, '2021-07-28 14:13:29.995835', '2021-07-28 14:13:29.995835', 1, 49000, NULL, NULL, 0, '49000.00', 0, NULL, NULL, 32, 2, 19, 151, 30, 34, NULL, 0, NULL),
(362, '2021-07-28 14:13:29.995835', '2021-07-28 14:13:29.995835', 4, 12000, NULL, NULL, 0, '12000.00', 0, NULL, NULL, 32, 2, 19, 151, 84, 34, NULL, 0, NULL),
(363, '2021-07-28 14:13:30.011435', '2021-07-28 14:13:30.011435', 3, 9000, NULL, NULL, 0, '9000.00', 0, NULL, NULL, 32, 2, 19, 151, 86, 34, NULL, 0, NULL),
(364, '2021-07-28 14:13:29.995835', '2021-07-28 14:13:29.995835', 17, 32300, NULL, NULL, 0, '32300.00', 0, NULL, NULL, 32, 2, 19, 151, 81, 34, NULL, 0, NULL),
(365, '2021-07-28 14:13:30.292235', '2021-07-28 14:13:30.292235', 2, 138000, NULL, NULL, 0, '138000.00', 0, NULL, NULL, 32, 2, 19, 151, 110, 34, NULL, 0, NULL),
(366, '2021-07-28 14:13:30.385835', '2021-07-28 14:13:30.385835', 1, 5900, NULL, NULL, 0, '5900.00', 0, NULL, NULL, 32, 2, 19, 151, 92, 34, NULL, 0, NULL),
(367, '2021-07-28 14:13:30.401435', '2021-07-28 14:13:30.401435', 1, 8900, NULL, NULL, 0, '8900.00', 0, NULL, NULL, 32, 2, 19, 151, 99, 34, NULL, 0, NULL),
(368, '2021-07-28 14:13:31.509037', '2021-07-28 14:13:31.509037', 5, 34500, NULL, NULL, 0, '34500.00', 0, NULL, NULL, 32, 2, 19, 151, 103, 34, NULL, 0, NULL),
(369, '2021-07-28 14:16:37.684764', '2021-07-28 14:16:37.684764', 1, 3000, NULL, NULL, 0, '3000.00', 0, NULL, NULL, 29, 2, 19, 152, 88, 34, NULL, 0, NULL),
(370, '2021-07-28 14:23:10.137654', '2021-07-28 14:23:10.137654', 1, 2900, NULL, NULL, 0, '2900.00', 0, NULL, NULL, 24, 2, 19, 153, 91, 34, NULL, 0, NULL),
(371, '2021-07-28 14:23:10.184454', '2021-07-28 14:23:10.184454', 3, 13500, NULL, NULL, 0, '13500.00', 0, NULL, NULL, 24, 2, 19, 153, 101, 34, NULL, 0, NULL),
(372, '2021-07-28 14:23:10.231254', '2021-07-28 14:23:10.231254', 1, 12900, NULL, NULL, 0, '12900.00', 0, NULL, NULL, 24, 2, 19, 153, 220, 34, NULL, 0, NULL),
(373, '2021-07-28 14:23:10.496455', '2021-07-28 14:23:10.496455', 1, 12900, NULL, NULL, 0, '12900.00', 0, NULL, NULL, 24, 2, 19, 153, 217, 34, NULL, 0, NULL),
(374, '2021-07-28 14:23:10.512055', '2021-07-28 14:23:10.512055', 1, 13900, NULL, NULL, 0, '13900.00', 0, NULL, NULL, 24, 2, 19, 153, 205, 34, NULL, 0, NULL),
(375, '2021-07-28 14:23:10.527655', '2021-07-28 14:23:10.527655', 1, 12900, NULL, NULL, 0, '12900.00', 0, NULL, NULL, 24, 2, 19, 153, 221, 34, NULL, 0, NULL),
(376, '2021-07-28 14:23:10.714855', '2021-07-28 14:23:10.714855', 2, 7800, NULL, NULL, 0, '7800.00', 0, NULL, NULL, 24, 2, 19, 153, 240, 34, NULL, 0, NULL),
(377, '2021-07-28 14:25:03.971054', '2021-07-28 14:25:03.971054', 1, 49000, NULL, NULL, 0, '49000.00', 0, NULL, NULL, 23, 2, 19, 154, 39, 34, NULL, 0, NULL),
(378, '2021-07-28 14:25:03.971054', '2021-07-28 14:25:03.971054', 1, 1900, NULL, NULL, 0, '1900.00', 0, NULL, NULL, 23, 2, 19, 154, 80, 34, NULL, 0, NULL),
(379, '2021-07-28 14:25:03.986654', '2021-07-28 14:25:03.986654', 9, 40500, NULL, NULL, 0, '40500.00', 0, NULL, NULL, 23, 2, 19, 154, 101, 34, NULL, 0, NULL),
(380, '2021-07-28 14:27:27.756506', '2021-07-28 14:27:27.756506', 6, 18000, NULL, NULL, 0, '18000.00', 0, NULL, NULL, 25, 2, 19, 142, 84, 34, NULL, 0, NULL),
(381, '2021-07-28 14:27:27.772106', '2021-07-28 14:27:27.772106', 2, 3800, NULL, NULL, 0, '3800.00', 0, NULL, NULL, 25, 2, 19, 142, 81, 34, NULL, 0, NULL),
(382, '2021-07-28 14:28:51.653454', '2021-07-28 14:28:51.653454', 3, 9000, NULL, NULL, 0, '9000.00', 0, NULL, NULL, 29, 2, 19, 155, 84, 34, NULL, 0, NULL),
(383, '2021-07-28 14:29:40.512740', '2021-07-28 14:29:40.512740', 3, 13500, NULL, NULL, 0, '13500.00', 0, NULL, NULL, 20, 2, 19, 156, 101, 34, NULL, 0, NULL),
(384, '2021-07-28 14:29:40.528340', '2021-07-28 14:29:40.528340', 6, 41400, NULL, NULL, 0, '41400.00', 0, NULL, NULL, 20, 2, 19, 156, 103, 34, NULL, 0, NULL),
(385, '2021-07-28 14:29:40.528340', '2021-07-28 14:29:40.528340', 1, 4900, NULL, NULL, 0, '4900.00', 0, NULL, NULL, 20, 2, 19, 156, 79, 34, NULL, 0, NULL),
(386, '2021-07-28 14:29:40.528340', '2021-07-28 14:29:40.528340', 1, 5900, NULL, NULL, 0, '5900.00', 0, NULL, NULL, 20, 2, 19, 156, 53, 34, NULL, 0, NULL),
(387, '2021-07-28 14:47:54.466227', '2021-07-28 14:47:54.466227', 9, 40500, NULL, NULL, 0, '40500.00', 0, NULL, NULL, 29, 2, 19, 157, 101, 34, NULL, 0, NULL),
(388, '2021-07-28 14:49:01.937151', '2021-07-28 14:49:01.937151', 1, 12900, NULL, NULL, 0, '12900.00', 0, NULL, NULL, 29, 2, 19, 158, 73, 34, NULL, 0, NULL),
(389, '2021-07-28 14:52:45.612344', '2021-07-28 14:52:45.612344', 2, 40000, NULL, NULL, 0, '40000.00', 0, NULL, NULL, 30, 2, 19, 159, 238, 34, NULL, 0, NULL),
(390, '2021-07-28 14:52:45.612344', '2021-07-28 14:52:45.612344', 2, 6000, NULL, NULL, 0, '6000.00', 0, NULL, NULL, 30, 2, 19, 159, 193, 34, NULL, 0, NULL),
(391, '2021-07-28 14:52:45.612344', '2021-07-28 14:52:45.612344', 2, 6000, NULL, NULL, 0, '6000.00', 0, NULL, NULL, 30, 2, 19, 159, 84, 34, NULL, 0, NULL),
(392, '2021-07-28 14:52:45.612344', '2021-07-28 14:52:45.612344', 1, 10000, NULL, NULL, 0, '10000.00', 0, NULL, NULL, 30, 2, 19, 159, 237, 34, NULL, 0, NULL),
(393, '2021-07-28 14:52:45.627944', '2021-07-28 14:52:45.627944', 2, 6000, NULL, NULL, 0, '6000.00', 0, NULL, NULL, 30, 2, 19, 159, 86, 34, NULL, 0, NULL),
(394, '2021-07-28 14:52:45.627944', '2021-07-28 14:52:45.627944', 12, 82800, NULL, NULL, 0, '75900.00', 0, NULL, NULL, 30, 2, 19, 159, 103, 34, NULL, 0, NULL),
(395, '2021-07-29 06:26:00.952888', '2021-07-29 06:26:00.952888', 7, 62300, NULL, NULL, 0, '62300.00', 0, NULL, NULL, 22, 8, 19, 160, 62, 35, NULL, 0, NULL),
(396, '2021-07-29 06:26:00.958889', '2021-07-29 06:26:00.958889', 1, 20000, NULL, NULL, 0, '20000.00', 0, NULL, NULL, 22, 8, 19, 160, 238, 35, NULL, 0, NULL),
(397, '2021-07-29 06:26:00.967889', '2021-07-29 06:26:00.968889', 2, 7800, NULL, NULL, 0, '7800.00', 0, NULL, NULL, 22, 8, 19, 160, 241, 35, NULL, 0, NULL),
(398, '2021-07-29 06:26:00.970889', '2021-07-29 06:26:00.970889', 1, 2000, NULL, NULL, 0, '2000.00', 0, NULL, NULL, 22, 8, 19, 160, 235, 35, NULL, 0, NULL),
(399, '2021-07-29 06:27:35.131275', '2021-07-29 06:27:35.131275', 1, 29000, NULL, NULL, 0, '29000.00', 0, NULL, NULL, 6, 8, 19, 161, 43, 35, NULL, 0, NULL),
(400, '2021-07-29 06:27:35.139276', '2021-07-29 06:27:35.139276', 2, 3800, NULL, NULL, 0, '3800.00', 0, NULL, NULL, 6, 8, 19, 161, 81, 35, NULL, 0, NULL),
(402, '2021-07-29 06:27:35.151276', '2021-07-29 06:27:35.151276', 1, 26900, NULL, NULL, 0, '26900.00', 0, NULL, NULL, 6, 8, 19, 161, 51, 35, NULL, 0, NULL),
(403, '2021-07-29 06:30:29.908272', '2021-07-29 06:30:29.909272', 2, 6000, NULL, NULL, 0, '6000.00', 0, NULL, NULL, 23, 8, 19, 162, 86, 35, NULL, 0, NULL),
(404, '2021-07-29 06:30:29.912272', '2021-07-29 06:30:29.912272', 2, 13800, NULL, NULL, 0, '13800.00', 0, NULL, NULL, 23, 8, 19, 162, 61, 35, NULL, 0, NULL),
(405, '2021-07-29 06:31:14.563826', '2021-07-29 06:31:14.563826', 1, 29000, NULL, NULL, 0, '29000.00', 0, NULL, NULL, 25, 8, 19, 163, 41, 35, NULL, 0, NULL),
(406, '2021-07-29 06:31:14.581827', '2021-07-29 06:31:14.581827', 2, 6000, NULL, NULL, 0, '6000.00', 0, NULL, NULL, 25, 8, 19, 163, 84, 35, NULL, 0, NULL),
(407, '2021-07-29 06:32:00.932478', '2021-07-29 06:32:00.932478', 1, 13900, NULL, NULL, 0, '13900.00', 0, NULL, NULL, 22, 8, 19, 164, 44, 35, NULL, 0, NULL),
(408, '2021-07-29 06:32:00.967480', '2021-07-29 06:32:00.967480', 1, 16900, NULL, NULL, 0, '16900.00', 0, NULL, NULL, 22, 8, 19, 164, 64, 35, NULL, 0, NULL),
(410, '2021-07-29 07:25:06.341673', '2021-07-29 07:25:06.341673', 1, 12900, NULL, NULL, 0, '12900.00', 0, NULL, NULL, 25, 8, 19, 165, 47, 35, NULL, 0, NULL),
(411, '2021-07-29 07:25:06.356674', '2021-07-29 07:25:06.357674', 1, 5900, NULL, NULL, 0, '5900.00', 0, NULL, NULL, 25, 8, 19, 165, 93, 35, NULL, 0, NULL),
(412, '2021-07-29 07:29:08.124502', '2021-07-29 07:29:08.124502', 3, 9000, NULL, NULL, 0, '9000.00', 0, NULL, NULL, 29, 8, 19, 166, 84, 35, NULL, 0, NULL),
(413, '2021-07-29 07:31:26.037732', '2021-07-29 07:31:26.037732', 1, 13900, NULL, NULL, 0, '13900.00', 0, NULL, NULL, 6, 2, 19, 161, 44, 35, NULL, 0, NULL),
(414, '2021-07-29 07:42:44.822525', '2021-07-29 07:42:44.822525', 1, 1900, NULL, NULL, 0, '1900.00', 0, NULL, NULL, 25, 8, 19, 165, 81, 35, NULL, 0, NULL),
(415, '2021-07-29 08:14:59.820649', '2021-07-29 08:14:59.820649', 1, 1900, NULL, NULL, 0, '1900.00', 0, NULL, NULL, 21, 8, 19, 167, 81, 35, NULL, 0, NULL),
(416, '2021-07-29 08:14:59.805049', '2021-07-29 08:14:59.805049', 1, 10900, NULL, NULL, 0, '10900.00', 0, NULL, NULL, 21, 8, 19, 167, 72, 35, NULL, 0, NULL),
(417, '2021-07-29 08:16:34.759218', '2021-07-29 08:16:34.759218', 1, 8900, NULL, NULL, 0, '8900.00', 0, NULL, NULL, 23, 8, 19, 168, 100, 35, NULL, 0, NULL),
(418, '2021-07-29 08:16:34.759218', '2021-07-29 08:16:34.759218', 1, 59000, NULL, NULL, 0, '59000.00', 0, NULL, NULL, 23, 8, 19, 168, 34, 35, NULL, 0, NULL),
(419, '2021-07-29 08:16:34.790418', '2021-07-29 08:16:34.790418', 1, 3000, NULL, NULL, 0, '3000.00', 0, NULL, NULL, 23, 8, 19, 168, 84, 35, NULL, 0, NULL),
(420, '2021-07-29 08:16:34.790418', '2021-07-29 08:16:34.790418', 1, 12900, NULL, NULL, 0, '12900.00', 0, NULL, NULL, 23, 8, 19, 168, 73, 35, NULL, 0, NULL),
(421, '2021-07-29 08:16:34.821618', '2021-07-29 08:16:34.821618', 1, 5900, NULL, NULL, 0, '5900.00', 0, NULL, NULL, 23, 8, 19, 168, 92, 35, NULL, 0, NULL),
(422, '2021-07-29 08:16:34.837218', '2021-07-29 08:16:34.837218', 1, 5900, NULL, NULL, 0, '5900.00', 0, NULL, NULL, 23, 8, 19, 168, 93, 35, NULL, 0, NULL),
(423, '2021-07-29 08:24:11.725622', '2021-07-29 08:24:11.725622', 1, 3000, NULL, NULL, 0, '3000.00', 0, NULL, NULL, 23, 8, 19, 168, 84, 35, NULL, 0, NULL),
(424, '2021-07-29 08:29:22.833373', '2021-07-29 08:29:22.833373', 1, 1900, NULL, NULL, 0, '1900.00', 0, NULL, NULL, 23, 8, 19, 168, 81, 35, NULL, 0, NULL),
(425, '2021-07-29 09:17:57.966512', '2021-07-29 09:17:57.966512', 1, 13900, NULL, NULL, 0, '13900.00', 0, NULL, NULL, 21, 8, 19, 169, 244, 35, NULL, 0, NULL),
(426, '2021-07-29 09:18:37.949383', '2021-07-29 09:18:37.949383', 4, 55600, NULL, NULL, 0, '55600.00', 0, NULL, NULL, 25, 8, 19, 170, 44, 35, NULL, 0, NULL),
(427, '2021-07-29 09:18:37.964983', '2021-07-29 09:18:37.964983', 1, 3000, NULL, NULL, 0, '3000.00', 0, NULL, NULL, 25, 8, 19, 170, 86, 35, NULL, 0, NULL),
(428, '2021-07-29 09:18:37.996183', '2021-07-29 09:18:37.996183', 1, 15900, NULL, NULL, 0, '15900.00', 0, NULL, NULL, 25, 8, 19, 170, 74, 35, NULL, 0, NULL),
(429, '2021-07-29 09:34:58.255505', '2021-07-29 09:34:58.255505', 2, 6000, NULL, NULL, 0, '6000.00', 0, NULL, NULL, 25, 8, 19, 170, 86, 35, NULL, 0, NULL),
(430, '2021-07-29 09:34:58.271105', '2021-07-29 09:34:58.271105', 1, 15900, NULL, NULL, 0, '15900.00', 0, NULL, NULL, 25, 8, 19, 170, 74, 35, NULL, 0, NULL),
(431, '2021-07-29 10:13:05.107537', '2021-07-29 10:13:05.107537', 1, 3000, NULL, NULL, 0, '3000.00', 0, NULL, NULL, 29, 8, 19, 171, 86, 35, NULL, 0, NULL),
(432, '2021-07-29 10:13:59.832434', '2021-07-29 10:13:59.832434', 1, 13900, NULL, NULL, 0, '13900.00', 0, NULL, NULL, 22, 8, 19, 172, 205, 35, NULL, 0, NULL),
(433, '2021-07-29 10:13:59.848034', '2021-07-29 10:13:59.848034', 1, 12900, NULL, NULL, 0, '12900.00', 0, NULL, NULL, 22, 8, 19, 172, 220, 35, NULL, 0, NULL);
INSERT INTO `payment_app_order_detial` (`id`, `created_at`, `updated_at`, `quantity`, `discount`, `fr_date`, `to_date`, `discount_rate`, `subtotal`, `is_deleted`, `why_deleted`, `deleted_date`, `client_id`, `created_by_id`, `fr_client_id`, `order_id`, `product_id`, `shift_work_id`, `updated_by_id`, `finished`, `finished_at`) VALUES
(434, '2021-07-29 10:13:59.910434', '2021-07-29 10:13:59.910434', 1, 49000, NULL, NULL, 0, '49000.00', 0, NULL, NULL, 22, 8, 19, 172, 39, 35, NULL, 0, NULL),
(435, '2021-07-29 11:11:46.215736', '2021-07-29 11:11:46.215736', 1, 3000, NULL, NULL, 0, '3000.00', 0, NULL, NULL, 22, 8, 19, 172, 85, 35, NULL, 0, NULL),
(436, '2021-07-29 11:11:46.215736', '2021-07-29 11:11:46.215736', 1, 10900, NULL, NULL, 0, '10900.00', 0, NULL, NULL, 22, 8, 19, 172, 72, 35, NULL, 0, NULL),
(437, '2021-07-29 11:12:30.753815', '2021-07-29 11:12:30.753815', 1, 15900, NULL, NULL, 0, '15900.00', 0, NULL, NULL, 25, 6, 19, 173, 74, 35, NULL, 0, NULL),
(438, '2021-07-29 11:12:30.785015', '2021-07-29 11:12:30.785015', 1, 29000, NULL, NULL, 0, '29000.00', 0, NULL, NULL, 25, 6, 19, 173, 41, 35, NULL, 0, NULL),
(439, '2021-07-29 11:13:19.004699', '2021-07-29 11:13:19.004699', 1, 49000, NULL, NULL, 0, '49000.00', 0, NULL, NULL, 32, 6, 19, 174, 38, 35, NULL, 0, NULL),
(440, '2021-07-29 11:13:19.004699', '2021-07-29 11:13:19.004699', 1, 199000, NULL, NULL, 0, '199000.00', 0, NULL, NULL, 32, 6, 19, 174, 124, 35, NULL, 0, NULL),
(441, '2021-07-29 11:13:19.035899', '2021-07-29 11:13:19.035899', 1, 3000, NULL, NULL, 0, '3000.00', 0, NULL, NULL, 32, 6, 19, 174, 86, 35, NULL, 0, NULL),
(442, '2021-07-29 11:13:19.035899', '2021-07-29 11:13:19.035899', 4, 7600, NULL, NULL, 0, '7600.00', 0, NULL, NULL, 32, 6, 19, 174, 81, 35, NULL, 0, NULL),
(443, '2021-07-29 11:13:19.051499', '2021-07-29 11:13:19.051499', 3, 9000, NULL, NULL, 0, '9000.00', 0, NULL, NULL, 32, 6, 19, 174, 84, 35, NULL, 0, NULL),
(444, '2021-07-29 11:26:39.895114', '2021-07-29 11:26:39.895114', 1, 2000, NULL, NULL, 0, '2000.00', 0, NULL, NULL, 25, 6, 19, 173, 235, 35, NULL, 0, NULL),
(445, '2021-07-29 11:36:17.486128', '2021-07-29 11:36:17.486128', 1, 29000, NULL, NULL, 0, '29000.00', 0, NULL, NULL, 24, 6, 19, 175, 41, 35, NULL, 0, NULL),
(446, '2021-07-29 11:36:17.501728', '2021-07-29 11:36:17.501728', 1, 4500, NULL, NULL, 0, '4500.00', 0, NULL, NULL, 24, 6, 19, 175, 101, 35, NULL, 0, NULL),
(447, '2021-07-29 11:36:17.517328', '2021-07-29 11:36:17.517328', 1, 3000, NULL, NULL, 0, '3000.00', 0, NULL, NULL, 24, 6, 19, 175, 84, 35, NULL, 0, NULL),
(448, '2021-07-29 12:02:54.170542', '2021-07-29 12:02:54.170542', 1, 29000, NULL, NULL, 0, '29000.00', 0, NULL, NULL, 29, 6, 19, 176, 41, 35, NULL, 0, NULL),
(449, '2021-07-29 12:02:54.170542', '2021-07-29 12:02:54.170542', 1, 2000, NULL, NULL, 0, '2000.00', 0, NULL, NULL, 29, 6, 19, 176, 236, 35, NULL, 0, NULL),
(450, '2021-07-29 12:13:13.305235', '2021-07-29 12:13:13.305235', 1, 29000, NULL, NULL, 0, '29000.00', 0, NULL, NULL, 20, 6, 19, 177, 41, 35, NULL, 0, NULL),
(451, '2021-07-29 12:14:13.724141', '2021-07-29 12:14:13.724141', 1, 12900, NULL, NULL, 0, '12900.00', 0, NULL, NULL, 22, 6, 19, 172, 217, 35, NULL, 0, NULL),
(452, '2021-07-29 12:14:13.724141', '2021-07-29 12:14:13.724141', 1, 12900, NULL, NULL, 0, '12900.00', 0, NULL, NULL, 22, 6, 19, 172, 225, 35, NULL, 0, NULL),
(453, '2021-07-29 12:14:13.739741', '2021-07-29 12:14:13.739741', 1, 12900, NULL, NULL, 0, '12900.00', 0, NULL, NULL, 22, 6, 19, 172, 221, 35, NULL, 0, NULL),
(454, '2021-07-29 12:14:38.028984', '2021-07-29 12:14:38.028984', 1, 13900, NULL, NULL, 0, '13900.00', 0, NULL, NULL, 32, 6, 19, 174, 205, 35, NULL, 0, NULL),
(455, '2021-07-29 14:06:50.303240', '2021-07-29 14:06:50.303240', 2, 3000, NULL, NULL, 0, '3000.00', 0, NULL, NULL, 32, 2, 19, 174, 232, 35, NULL, 0, NULL),
(456, '2021-07-29 14:06:50.318840', '2021-07-29 14:06:50.318840', 4, 40000, NULL, NULL, 0, '40000.00', 0, NULL, NULL, 32, 2, 19, 174, 237, 35, NULL, 0, NULL),
(457, '2021-07-29 14:06:50.303240', '2021-07-29 14:06:50.303240', 1, 2000, NULL, NULL, 0, '2000.00', 0, NULL, NULL, 32, 2, 19, 174, 236, 35, NULL, 0, NULL),
(458, '2021-07-29 14:09:17.614299', '2021-07-29 14:09:17.614299', 1, 12900, NULL, NULL, 0, '12900.00', 0, NULL, NULL, 20, 2, 19, 177, 206, 35, NULL, 0, NULL),
(459, '2021-07-29 14:10:22.448013', '2021-07-29 14:10:22.448013', 1, 39000, NULL, NULL, 0, '39000.00', 0, NULL, NULL, 22, 2, 19, 178, 42, 35, NULL, 0, NULL),
(460, '2021-07-29 14:10:22.463613', '2021-07-29 14:10:22.463613', 1, 13900, NULL, NULL, 0, '13900.00', 0, NULL, NULL, 22, 2, 19, 178, 205, 35, NULL, 0, NULL),
(461, '2021-07-29 14:10:22.463613', '2021-07-29 14:10:22.463613', 1, 12900, NULL, NULL, 0, '12900.00', 0, NULL, NULL, 22, 2, 19, 178, 217, 35, NULL, 0, NULL),
(462, '2021-07-29 14:16:59.208911', '2021-07-29 14:16:59.208911', 2, 19800, NULL, NULL, 0, '19800.00', 0, NULL, NULL, 23, 2, 19, 179, 204, 35, NULL, 0, NULL),
(463, '2021-07-29 14:16:59.224511', '2021-07-29 14:16:59.224511', 2, 25800, NULL, NULL, 0, '25800.00', 0, NULL, NULL, 23, 2, 19, 179, 220, 35, NULL, 0, NULL),
(464, '2021-07-29 14:16:59.240111', '2021-07-29 14:16:59.240111', 1, 29000, NULL, NULL, 0, '29000.00', 0, NULL, NULL, 23, 2, 19, 179, 41, 35, NULL, 0, NULL),
(465, '2021-07-29 14:16:59.271311', '2021-07-29 14:16:59.271311', 1, 3000, NULL, NULL, 0, '3000.00', 0, NULL, NULL, 23, 2, 19, 179, 84, 35, NULL, 0, NULL),
(466, '2021-07-29 14:23:13.250768', '2021-07-29 14:23:13.250768', 1, 59000, NULL, NULL, 0, '59000.00', 0, NULL, NULL, 25, 2, 19, 180, 33, 35, NULL, 0, NULL),
(467, '2021-07-29 14:23:13.297568', '2021-07-29 14:23:13.297568', 1, 49000, NULL, NULL, 0, '49000.00', 0, NULL, NULL, 25, 2, 19, 180, 38, 35, NULL, 0, NULL),
(468, '2021-07-29 14:23:13.375568', '2021-07-29 14:23:13.375568', 1, 59000, NULL, NULL, 0, '59000.00', 0, NULL, NULL, 25, 2, 19, 180, 40, 35, NULL, 0, NULL),
(469, '2021-07-29 14:23:13.391168', '2021-07-29 14:23:13.391168', 1, 59000, NULL, NULL, 0, '59000.00', 0, NULL, NULL, 25, 2, 19, 180, 34, 35, NULL, 0, NULL),
(470, '2021-07-29 14:23:13.406768', '2021-07-29 14:23:13.406768', 1, 69000, NULL, NULL, 0, '69000.00', 0, NULL, NULL, 25, 2, 19, 180, 112, 35, NULL, 0, NULL),
(471, '2021-07-29 14:23:13.422368', '2021-07-29 14:23:13.422368', 6, 27000, NULL, NULL, 0, '27000.00', 0, NULL, NULL, 25, 2, 19, 180, 101, 35, NULL, 0, NULL),
(472, '2021-07-29 14:23:13.890369', '2021-07-29 14:23:13.890369', 4, 12000, NULL, NULL, 0, '12000.00', 0, NULL, NULL, 25, 2, 19, 180, 86, 35, NULL, 0, NULL),
(473, '2021-07-29 14:23:13.905969', '2021-07-29 14:23:13.905969', 5, 15000, NULL, NULL, 0, '15000.00', 0, NULL, NULL, 25, 2, 19, 180, 84, 35, NULL, 0, NULL),
(474, '2021-07-29 14:23:13.937169', '2021-07-29 14:23:13.937169', 4, 7600, NULL, NULL, 0, '7600.00', 0, NULL, NULL, 25, 2, 19, 180, 81, 35, NULL, 0, NULL),
(475, '2021-07-29 14:23:13.952769', '2021-07-29 14:23:13.952769', 1, 8900, NULL, NULL, 0, '8900.00', 0, NULL, NULL, 25, 2, 19, 180, 99, 35, NULL, 0, NULL),
(476, '2021-07-29 14:23:14.264770', '2021-07-29 14:23:14.264770', 1, 1500, NULL, NULL, 0, '1500.00', 0, NULL, NULL, 25, 2, 19, 180, 232, 35, NULL, 0, NULL),
(477, '2021-07-29 14:23:32.922402', '2021-07-29 14:23:32.922402', 1, 7900, NULL, NULL, 0, '7900.00', 0, NULL, NULL, 25, 2, 19, 180, 161, 35, NULL, 0, NULL),
(478, '2021-07-29 14:34:26.790292', '2021-07-29 14:34:26.791292', 1, 29000, NULL, NULL, 0, '29000.00', 0, NULL, NULL, 29, 2, 19, 181, 41, 35, NULL, 0, NULL),
(479, '2021-07-29 14:34:26.793292', '2021-07-29 14:34:26.793292', 10, 45000, NULL, NULL, 0, '40500.00', 0, NULL, NULL, 29, 2, 19, 181, 101, 35, NULL, 0, NULL),
(480, '2021-07-29 14:34:26.818294', '2021-07-29 14:34:26.818294', 3, 9000, NULL, NULL, 0, '9000.00', 0, NULL, NULL, 29, 2, 19, 181, 86, 35, NULL, 0, NULL),
(481, '2021-07-29 14:34:26.854296', '2021-07-29 14:34:26.854296', 1, 6900, NULL, NULL, 0, '6900.00', 0, NULL, NULL, 29, 2, 19, 181, 103, 35, NULL, 0, NULL),
(482, '2021-07-29 14:34:26.857296', '2021-07-29 14:34:26.857296', 1, 22900, NULL, NULL, 0, '22900.00', 0, NULL, NULL, 29, 2, 19, 181, 68, 35, NULL, 0, NULL),
(483, '2021-07-29 14:34:26.868297', '2021-07-29 14:34:26.868297', 2, 3800, NULL, NULL, 0, '3800.00', 0, NULL, NULL, 29, 2, 19, 181, 80, 35, NULL, 0, NULL),
(484, '2021-08-07 07:17:56.945648', '2021-08-07 07:17:56.945648', 1, 49000, NULL, NULL, 0, '49000.00', 0, NULL, NULL, 23, 6, 19, 182, 39, 37, NULL, 0, NULL),
(485, '2021-08-07 07:17:56.976848', '2021-08-07 07:17:56.976848', 2, 6000, NULL, NULL, 0, '6000.00', 0, NULL, NULL, 23, 6, 19, 182, 86, 37, NULL, 0, NULL),
(486, '2021-08-07 07:32:06.709174', '2021-08-07 07:32:06.709174', 1, 59000, NULL, NULL, 0, '59000.00', 0, NULL, NULL, 33, 6, 19, 183, 34, 37, NULL, 0, NULL),
(487, '2021-08-07 07:32:06.787174', '2021-08-07 07:32:06.787174', 4, 12000, NULL, NULL, 0, '12000.00', 0, NULL, NULL, 33, 6, 19, 183, 86, 37, NULL, 0, NULL),
(488, '2021-08-07 07:32:06.802774', '2021-08-07 07:32:06.802774', 2, 33800, NULL, NULL, 0, '33800.00', 0, NULL, NULL, 33, 6, 19, 183, 64, 37, NULL, 0, NULL),
(489, '2021-08-07 07:32:06.787174', '2021-08-07 07:32:06.787174', 3, 9000, NULL, NULL, 0, '9000.00', 0, NULL, NULL, 33, 6, 19, 183, 84, 37, NULL, 0, NULL),
(490, '2021-08-07 07:32:06.849574', '2021-08-07 07:32:06.849574', 1, 12900, NULL, NULL, 0, '12900.00', 0, NULL, NULL, 33, 6, 19, 183, 49, 37, NULL, 0, NULL),
(491, '2021-08-07 07:32:06.833974', '2021-08-07 07:32:06.833974', 1, 10900, NULL, NULL, 0, '10900.00', 0, NULL, NULL, 33, 6, 19, 183, 72, 37, NULL, 0, NULL),
(492, '2021-08-07 07:32:06.911974', '2021-08-07 07:32:06.911974', 2, 6000, NULL, NULL, 0, '6000.00', 0, NULL, NULL, 33, 6, 19, 183, 85, 37, NULL, 0, NULL),
(493, '2021-08-07 07:32:07.114774', '2021-08-07 07:32:07.114774', 6, 60000, NULL, NULL, 0, '60000.00', 0, NULL, NULL, 33, 6, 19, 183, 237, 37, NULL, 0, NULL),
(494, '2021-08-07 08:17:29.885720', '2021-08-07 08:17:29.885720', 2, 13800, NULL, NULL, 0, '13800.00', 0, NULL, NULL, 13, 2, 19, 184, 61, 37, NULL, 0, NULL),
(495, '2021-08-07 08:18:42.285447', '2021-08-07 08:18:42.285447', 2, 4000, NULL, NULL, 0, '4000.00', 0, NULL, NULL, 29, 2, 19, 185, 235, 37, NULL, 0, NULL),
(496, '2021-08-07 08:18:42.316647', '2021-08-07 08:18:42.316647', 1, 28900, NULL, NULL, 0, '28900.00', 0, NULL, NULL, 29, 2, 19, 185, 71, 37, NULL, 0, NULL),
(497, '2021-08-07 08:18:42.316647', '2021-08-07 08:18:42.316647', 2, 3800, NULL, NULL, 0, '3800.00', 0, NULL, NULL, 29, 2, 19, 185, 80, 37, NULL, 0, NULL),
(498, '2021-08-07 08:18:42.316647', '2021-08-07 08:18:42.316647', 1, 39000, NULL, NULL, 0, '39000.00', 0, NULL, NULL, 29, 2, 19, 185, 37, 37, NULL, 0, NULL),
(499, '2021-08-07 08:18:42.301047', '2021-08-07 08:18:42.316647', 1, 13900, NULL, NULL, 0, '13900.00', 0, NULL, NULL, 29, 2, 19, 185, 244, 37, NULL, 0, NULL),
(500, '2021-08-07 08:18:42.332247', '2021-08-07 08:18:42.332247', 1, 15900, NULL, NULL, 0, '15900.00', 0, NULL, NULL, 29, 2, 19, 185, 74, 37, NULL, 0, NULL),
(501, '2021-08-07 08:18:42.737848', '2021-08-07 08:18:42.737848', 1, 2000, NULL, NULL, 0, '2000.00', 0, NULL, NULL, 29, 2, 19, 185, 236, 37, NULL, 0, NULL),
(502, '2021-08-07 08:19:15.575905', '2021-08-07 08:19:15.575905', 2, 3800, NULL, NULL, 0, '3800.00', 0, NULL, NULL, 29, 2, 19, 185, 80, 37, NULL, 0, NULL),
(503, '2021-08-07 08:20:02.609988', '2021-08-07 08:20:02.609988', 1, 20900, NULL, NULL, 0, '20900.00', 0, NULL, NULL, 10, 2, 19, 186, 192, 37, NULL, 0, NULL),
(504, '2021-08-07 08:20:02.641188', '2021-08-07 08:20:02.641188', 1, 28900, NULL, NULL, 0, '28900.00', 0, NULL, NULL, 10, 2, 19, 186, 71, 37, NULL, 0, NULL),
(505, '2021-08-07 08:21:08.878904', '2021-08-07 08:21:08.878904', 1, 49000, NULL, NULL, 0, '49000.00', 0, NULL, NULL, 22, 2, 19, 187, 30, 37, NULL, 0, NULL),
(506, '2021-08-07 08:21:08.894504', '2021-08-07 08:21:08.894504', 1, 2900, NULL, NULL, 0, '2900.00', 0, NULL, NULL, 22, 2, 19, 187, 90, 37, NULL, 0, NULL),
(507, '2021-08-07 08:21:08.894504', '2021-08-07 08:21:08.894504', 2, 6000, NULL, NULL, 0, '6000.00', 0, NULL, NULL, 22, 2, 19, 187, 84, 37, NULL, 0, NULL),
(508, '2021-08-07 08:22:09.968612', '2021-08-07 08:22:09.968612', 2, 11800, NULL, NULL, 0, '11800.00', 0, NULL, NULL, 20, 2, 19, 188, 93, 37, NULL, 0, NULL),
(509, '2021-08-07 08:22:09.968612', '2021-08-07 08:22:09.968612', 1, 28900, NULL, NULL, 0, '28900.00', 0, NULL, NULL, 20, 2, 19, 188, 71, 37, NULL, 0, NULL),
(510, '2021-08-07 08:22:09.984212', '2021-08-07 08:22:09.984212', 1, 10900, NULL, NULL, 0, '10900.00', 0, NULL, NULL, 20, 2, 19, 188, 72, 37, NULL, 0, NULL),
(511, '2021-08-07 08:22:09.999812', '2021-08-07 08:22:09.999812', 1, 4900, NULL, NULL, 0, '4900.00', 0, NULL, NULL, 20, 2, 19, 188, 79, 37, NULL, 0, NULL),
(512, '2021-08-07 08:23:43.475176', '2021-08-07 08:23:43.475176', 1, 39000, NULL, NULL, 0, '39000.00', 0, NULL, NULL, 25, 2, 19, 189, 37, 37, NULL, 0, NULL),
(513, '2021-08-07 08:23:43.490776', '2021-08-07 08:23:43.490776', 2, 17800, NULL, NULL, 0, '17800.00', 0, NULL, NULL, 25, 2, 19, 189, 99, 37, NULL, 0, NULL),
(514, '2021-08-07 08:23:43.490776', '2021-08-07 08:23:43.490776', 1, 2000, NULL, NULL, 0, '2000.00', 0, NULL, NULL, 25, 2, 19, 189, 235, 37, NULL, 0, NULL),
(515, '2021-08-07 08:23:43.506376', '2021-08-07 08:23:43.506376', 1, 49000, NULL, NULL, 0, '49000.00', 0, NULL, NULL, 25, 2, 19, 189, 39, 37, NULL, 0, NULL),
(516, '2021-08-07 08:25:18.588543', '2021-08-07 08:25:18.604143', 1, 2500, NULL, NULL, 0, '2500.00', 0, NULL, NULL, 25, 2, 19, 189, 250, 37, NULL, 0, NULL),
(518, '2021-08-07 08:26:55.308713', '2021-08-07 08:26:55.308713', 1, 8900, NULL, NULL, 0, '8900.00', 0, NULL, NULL, 25, 2, 19, 189, 99, 37, NULL, 0, NULL),
(519, '2021-08-07 08:28:02.217230', '2021-08-07 08:28:02.217230', 1, 39000, NULL, NULL, 0, '39000.00', 0, NULL, NULL, 24, 2, 19, 190, 42, 37, NULL, 0, NULL),
(520, '2021-08-07 08:28:56.341726', '2021-08-07 08:28:56.341726', 2, 10400, NULL, NULL, 0, '10400.00', 0, NULL, NULL, 22, 2, 19, 191, 248, 37, NULL, 0, NULL),
(521, '2021-08-07 08:28:56.372926', '2021-08-07 08:28:56.372926', 1, 6900, NULL, NULL, 0, '6900.00', 0, NULL, NULL, 22, 2, 19, 191, 61, 37, NULL, 0, NULL),
(522, '2021-08-07 08:30:57.335538', '2021-08-07 08:30:57.335538', 1, 59000, NULL, NULL, 0, '59000.00', 0, NULL, NULL, 25, 2, 19, 192, 40, 37, NULL, 0, NULL),
(523, '2021-08-07 08:30:57.351138', '2021-08-07 08:30:57.351138', 2, 3800, NULL, NULL, 0, '3800.00', 0, NULL, NULL, 25, 2, 19, 192, 80, 37, NULL, 0, NULL),
(524, '2021-08-07 08:32:13.838073', '2021-08-07 08:32:13.838073', 1, 13900, NULL, NULL, 0, '13900.00', 0, NULL, NULL, 21, 2, 19, 193, 44, 37, NULL, 0, NULL),
(525, '2021-08-07 08:32:13.853673', '2021-08-07 08:32:13.853673', 1, 3000, NULL, NULL, 0, '3000.00', 0, NULL, NULL, 21, 2, 19, 193, 86, 37, NULL, 0, NULL),
(526, '2021-08-07 08:32:13.900473', '2021-08-07 08:32:13.916073', 1, 3000, NULL, NULL, 0, '3000.00', 0, NULL, NULL, 21, 2, 19, 193, 84, 37, NULL, 0, NULL),
(527, '2021-08-07 08:32:13.916073', '2021-08-07 08:32:13.916073', 2, 4000, NULL, NULL, 0, '4000.00', 0, NULL, NULL, 21, 2, 19, 193, 235, 37, NULL, 0, NULL),
(528, '2021-08-07 08:33:00.312519', '2021-08-07 08:33:00.313519', 1, 13900, NULL, NULL, 0, '13900.00', 0, NULL, NULL, 23, 2, 19, 194, 244, 37, NULL, 0, NULL),
(529, '2021-08-07 08:33:00.315520', '2021-08-07 08:33:00.315520', 1, 28900, NULL, NULL, 0, '28900.00', 0, NULL, NULL, 23, 2, 19, 194, 71, 37, NULL, 0, NULL),
(530, '2021-08-07 08:33:00.326520', '2021-08-07 08:33:00.326520', 2, 9000, NULL, NULL, 0, '9000.00', 0, NULL, NULL, 23, 2, 19, 194, 101, 37, NULL, 0, NULL),
(531, '2021-08-07 08:34:02.920100', '2021-08-07 08:34:02.920100', 4, 27600, NULL, NULL, 0, '27600.00', 0, NULL, NULL, 12, 2, 19, 195, 103, 37, NULL, 0, NULL),
(532, '2021-08-07 08:34:02.922100', '2021-08-07 08:34:02.922100', 5, 34500, NULL, NULL, 0, '34500.00', 0, NULL, NULL, 12, 2, 19, 195, 61, 37, NULL, 0, NULL),
(533, '2021-08-07 08:34:02.940102', '2021-08-07 08:34:02.940102', 1, 28900, NULL, NULL, 0, '28900.00', 0, NULL, NULL, 12, 2, 19, 195, 71, 37, NULL, 0, NULL),
(534, '2021-08-07 08:34:02.955102', '2021-08-07 08:34:02.955102', 1, 8900, NULL, NULL, 0, '8900.00', 0, NULL, NULL, 12, 2, 19, 195, 63, 37, NULL, 0, NULL),
(535, '2021-08-07 08:35:46.049999', '2021-08-07 08:35:46.049999', 1, 13900, NULL, NULL, 0, '13900.00', 0, NULL, NULL, 30, 2, 19, 196, 244, 37, NULL, 0, NULL),
(536, '2021-08-07 08:35:46.059000', '2021-08-07 08:35:46.059000', 1, 10000, NULL, NULL, 0, '10000.00', 0, NULL, NULL, 30, 2, 19, 196, 237, 37, NULL, 0, NULL),
(537, '2021-08-07 08:35:46.074000', '2021-08-07 08:35:46.074000', 1, 15900, NULL, NULL, 0, '15900.00', 0, NULL, NULL, 30, 2, 19, 196, 75, 37, NULL, 0, NULL),
(538, '2021-08-07 08:35:46.088001', '2021-08-07 08:35:46.088001', 1, 3000, NULL, NULL, 0, '3000.00', 0, NULL, NULL, 30, 2, 19, 196, 84, 37, NULL, 0, NULL),
(539, '2021-08-07 09:04:09.106927', '2021-08-07 09:04:09.106927', 1, 16900, NULL, NULL, 0, '16900.00', 0, NULL, NULL, 29, 2, 19, 197, 64, 37, NULL, 0, NULL),
(540, '2021-08-07 09:15:59.776931', '2021-08-07 09:15:59.776931', 1, 59000, NULL, NULL, 0, '59000.00', 0, NULL, NULL, 22, 2, 19, 198, 40, 37, NULL, 0, NULL),
(541, '2021-08-07 09:15:59.782931', '2021-08-07 09:15:59.782931', 1, 3000, NULL, NULL, 0, '3000.00', 0, NULL, NULL, 22, 2, 19, 198, 86, 37, NULL, 0, NULL),
(542, '2021-08-07 09:15:59.814933', '2021-08-07 09:15:59.814933', 1, 7900, NULL, NULL, 0, '7900.00', 0, NULL, NULL, 22, 2, 19, 198, 117, 37, NULL, 0, NULL),
(543, '2021-08-07 09:19:56.968699', '2021-08-07 09:19:56.968699', 1, 3900, NULL, NULL, 0, '3900.00', 0, NULL, NULL, 23, 2, 19, 199, 89, 37, NULL, 0, NULL),
(544, '2021-08-07 09:19:57.018702', '2021-08-07 09:19:57.018702', 1, 2900, NULL, NULL, 0, '2900.00', 0, NULL, NULL, 23, 2, 19, 199, 91, 37, NULL, 0, NULL),
(545, '2021-08-07 09:19:57.030703', '2021-08-07 09:19:57.030703', 4, 7600, NULL, NULL, 0, '7600.00', 0, NULL, NULL, 23, 2, 19, 199, 80, 37, NULL, 0, NULL),
(546, '2021-08-07 09:19:57.032703', '2021-08-07 09:19:57.033703', 1, 59000, NULL, NULL, 0, '59000.00', 0, NULL, NULL, 23, 2, 19, 199, 34, 37, NULL, 0, NULL),
(547, '2021-08-07 11:19:20.596210', '2021-08-07 11:19:20.596210', 1, 59000, NULL, NULL, 0, '59000.00', 0, NULL, NULL, 25, 2, 19, 200, 34, 37, NULL, 0, NULL),
(548, '2021-08-07 11:19:20.643010', '2021-08-07 11:19:20.643010', 1, 4500, NULL, NULL, 0, '4500.00', 0, NULL, NULL, 25, 2, 19, 200, 101, 37, NULL, 0, NULL),
(549, '2021-08-07 11:19:20.658610', '2021-08-07 11:19:20.658610', 1, 1900, NULL, NULL, 0, '1900.00', 0, NULL, NULL, 25, 2, 19, 200, 80, 37, NULL, 0, NULL),
(550, '2021-08-07 11:19:20.658610', '2021-08-07 11:19:20.658610', 1, 49000, NULL, NULL, 0, '49000.00', 0, NULL, NULL, 25, 2, 19, 200, 39, 37, NULL, 0, NULL),
(551, '2021-08-07 11:19:20.658610', '2021-08-07 11:19:20.658610', 4, 27600, NULL, NULL, 0, '27600.00', 0, NULL, NULL, 25, 2, 19, 200, 103, 37, NULL, 0, NULL),
(552, '2021-08-07 11:19:20.689810', '2021-08-07 11:19:20.689810', 1, 2900, NULL, NULL, 0, '2900.00', 0, NULL, NULL, 25, 2, 19, 200, 91, 37, NULL, 0, NULL),
(553, '2021-08-07 11:19:20.908210', '2021-08-07 11:19:20.908210', 1, 3000, NULL, NULL, 0, '3000.00', 0, NULL, NULL, 25, 2, 19, 200, 85, 37, NULL, 0, NULL),
(554, '2021-08-07 11:23:58.426983', '2021-08-07 11:23:58.426983', 1, 29000, NULL, NULL, 0, '29000.00', 0, NULL, NULL, 20, 2, 19, 201, 41, 37, NULL, 0, NULL),
(555, '2021-08-07 11:23:58.446984', '2021-08-07 11:23:58.446984', 1, 3900, NULL, NULL, 0, '3900.00', 0, NULL, NULL, 20, 2, 19, 201, 240, 37, NULL, 0, NULL),
(556, '2021-08-07 11:23:58.462985', '2021-08-07 11:23:58.462985', 1, 3900, NULL, NULL, 0, '3900.00', 0, NULL, NULL, 20, 2, 19, 201, 241, 37, NULL, 0, NULL),
(557, '2021-08-07 13:24:18.350925', '2021-08-07 13:24:18.350925', 1, 59000, NULL, NULL, 0, '59000.00', 0, NULL, NULL, 29, 8, 19, 202, 40, 37, NULL, 0, NULL),
(558, '2021-08-07 13:24:18.350925', '2021-08-07 13:24:18.350925', 2, 4000, NULL, NULL, 0, '4000.00', 0, NULL, NULL, 29, 8, 19, 202, 235, 37, NULL, 0, NULL),
(559, '2021-08-07 13:24:18.366525', '2021-08-07 13:24:18.366525', 1, 2000, NULL, NULL, 0, '2000.00', 0, NULL, NULL, 29, 8, 19, 202, 236, 37, NULL, 0, NULL),
(560, '2021-08-07 13:37:14.311780', '2021-08-07 13:37:14.311780', 1, 16900, NULL, NULL, 0, '16900.00', 0, NULL, NULL, 20, 8, 19, 203, 201, 37, NULL, 0, NULL),
(561, '2021-08-07 13:37:14.342980', '2021-08-07 13:37:14.342980', 1, 49000, NULL, NULL, 0, '49000.00', 0, NULL, NULL, 20, 8, 19, 203, 39, 37, NULL, 0, NULL),
(562, '2021-08-07 13:37:14.358580', '2021-08-07 13:37:14.358580', 1, 3900, NULL, NULL, 0, '3900.00', 0, NULL, NULL, 20, 8, 19, 203, 240, 37, NULL, 0, NULL),
(563, '2021-08-07 13:39:47.532478', '2021-08-07 13:39:47.532478', 4, 27600, NULL, NULL, 0, '27600.00', 0, NULL, NULL, 21, 8, 19, 204, 103, 37, NULL, 0, NULL),
(564, '2021-08-07 13:39:47.548479', '2021-08-07 13:39:47.548479', 5, 22500, NULL, NULL, 0, '22500.00', 0, NULL, NULL, 21, 8, 19, 204, 101, 37, NULL, 0, NULL),
(565, '2021-08-07 13:39:47.550479', '2021-08-07 13:39:47.550479', 1, 4900, NULL, NULL, 0, '4900.00', 0, NULL, NULL, 21, 8, 19, 204, 79, 37, NULL, 0, NULL),
(566, '2021-08-07 13:39:47.558479', '2021-08-07 13:39:47.558479', 1, 9900, NULL, NULL, 0, '9900.00', 0, NULL, NULL, 21, 8, 19, 204, 204, 37, NULL, 0, NULL),
(567, '2021-08-07 13:42:36.507268', '2021-08-07 13:42:36.507268', 1, 39000, NULL, NULL, 0, '39000.00', 0, NULL, NULL, 23, 8, 19, 205, 37, 37, NULL, 0, NULL),
(568, '2021-08-07 13:42:36.538468', '2021-08-07 13:42:36.538468', 4, 18000, NULL, NULL, 0, '18000.00', 0, NULL, NULL, 23, 8, 19, 205, 101, 37, NULL, 0, NULL),
(569, '2021-08-07 13:42:36.554068', '2021-08-07 13:42:36.554068', 1, 1900, NULL, NULL, 0, '1900.00', 0, NULL, NULL, 23, 8, 19, 205, 81, 37, NULL, 0, NULL),
(570, '2021-08-07 13:42:36.569668', '2021-08-07 13:42:36.569668', 1, 2900, NULL, NULL, 0, '2900.00', 0, NULL, NULL, 23, 8, 19, 205, 90, 37, NULL, 0, NULL),
(571, '2021-08-07 13:42:36.554068', '2021-08-07 13:42:36.554068', 1, 3900, NULL, NULL, 0, '3900.00', 0, NULL, NULL, 23, 8, 19, 205, 240, 37, NULL, 0, NULL),
(572, '2021-08-07 13:44:52.641221', '2021-08-07 13:44:52.641221', 3, 9000, NULL, NULL, 0, '9000.00', 0, NULL, NULL, 29, 2, 19, 206, 86, 37, NULL, 0, NULL),
(573, '2021-08-07 13:44:52.690224', '2021-08-07 13:44:52.690224', 1, 3000, NULL, NULL, 0, '3000.00', 0, NULL, NULL, 29, 2, 19, 206, 84, 37, NULL, 0, NULL),
(574, '2021-08-07 13:44:52.697224', '2021-08-07 13:44:52.697224', 1, 15900, NULL, NULL, 0, '15900.00', 0, NULL, NULL, 29, 2, 19, 206, 202, 37, NULL, 0, NULL),
(575, '2021-08-07 13:44:52.699224', '2021-08-07 13:44:52.699224', 1, 9900, NULL, NULL, 0, '9900.00', 0, NULL, NULL, 29, 2, 19, 206, 204, 37, NULL, 0, NULL),
(576, '2021-08-07 13:44:52.700224', '2021-08-07 13:44:52.701225', 1, 1900, NULL, NULL, 0, '1900.00', 0, NULL, NULL, 29, 2, 19, 206, 81, 37, NULL, 0, NULL),
(577, '2021-08-07 13:49:20.239030', '2021-08-07 13:49:20.239030', 1, 10900, NULL, NULL, 0, '10900.00', 0, NULL, NULL, 25, 8, 19, 207, 55, 37, NULL, 0, NULL),
(578, '2021-08-07 13:49:20.254630', '2021-08-07 13:49:20.254630', 2, 33800, NULL, NULL, 0, '33800.00', 0, NULL, NULL, 25, 8, 19, 207, 64, 37, NULL, 0, NULL),
(579, '2021-08-07 13:49:20.332630', '2021-08-07 13:49:20.332630', 1, 29000, NULL, NULL, 0, '29000.00', 0, NULL, NULL, 25, 8, 19, 207, 41, 37, NULL, 0, NULL),
(580, '2021-08-07 13:49:20.379430', '2021-08-07 13:49:20.379430', 3, 9000, NULL, NULL, 0, '9000.00', 0, NULL, NULL, 25, 8, 19, 207, 86, 37, NULL, 0, NULL),
(581, '2021-08-07 13:49:20.395030', '2021-08-07 13:49:20.395030', 2, 13800, NULL, NULL, 0, '13800.00', 0, NULL, NULL, 25, 8, 19, 207, 103, 37, NULL, 0, NULL),
(582, '2021-08-07 13:49:20.410630', '2021-08-07 13:49:20.410630', 2, 15800, NULL, NULL, 0, '15800.00', 0, NULL, NULL, 25, 8, 19, 207, 161, 37, NULL, 0, NULL),
(583, '2021-08-07 13:49:20.535430', '2021-08-07 13:49:20.535430', 3, 50700, NULL, NULL, 0, '50700.00', 0, NULL, NULL, 25, 8, 19, 207, 201, 37, NULL, 0, NULL),
(584, '2021-08-07 13:49:20.551030', '2021-08-07 13:49:20.551030', 1, 26900, NULL, NULL, 0, '26900.00', 0, NULL, NULL, 25, 8, 19, 207, 51, 37, NULL, 0, NULL),
(585, '2021-08-07 13:49:20.566630', '2021-08-07 13:49:20.566630', 1, 12900, NULL, NULL, 0, '12900.00', 0, NULL, NULL, 25, 8, 19, 207, 220, 37, NULL, 0, NULL),
(586, '2021-08-07 13:49:20.847431', '2021-08-07 13:49:20.847431', 1, 1900, NULL, NULL, 0, '1900.00', 0, NULL, NULL, 25, 8, 19, 207, 81, 37, NULL, 0, NULL),
(587, '2021-08-07 13:51:32.264062', '2021-08-07 13:51:32.264062', 3, 20700, NULL, NULL, 0, '20700.00', 0, NULL, NULL, 24, 8, 19, 208, 103, 37, NULL, 0, NULL),
(588, '2021-08-07 13:51:32.295262', '2021-08-07 13:51:32.295262', 1, 10900, NULL, NULL, 0, '10900.00', 0, NULL, NULL, 24, 8, 19, 208, 55, 37, NULL, 0, NULL),
(589, '2021-08-07 13:51:32.310862', '2021-08-07 13:51:32.310862', 1, 4900, NULL, NULL, 0, '4900.00', 0, NULL, NULL, 24, 8, 19, 208, 79, 37, NULL, 0, NULL),
(590, '2021-08-07 13:51:32.310862', '2021-08-07 13:51:32.310862', 1, 12900, NULL, NULL, 0, '12900.00', 0, NULL, NULL, 24, 8, 19, 208, 217, 37, NULL, 0, NULL),
(591, '2021-08-07 13:51:32.326462', '2021-08-07 13:51:32.326462', 1, 16900, NULL, NULL, 0, '16900.00', 0, NULL, NULL, 24, 8, 19, 208, 201, 37, NULL, 0, NULL),
(592, '2021-08-07 13:52:45.786991', '2021-08-07 13:52:45.786991', 2, 9000, NULL, NULL, 0, '9000.00', 0, NULL, NULL, 28, 8, 19, 209, 101, 37, NULL, 0, NULL),
(593, '2021-08-07 13:52:45.786991', '2021-08-07 13:52:45.786991', 1, 59000, NULL, NULL, 0, '59000.00', 0, NULL, NULL, 28, 8, 19, 209, 34, 37, NULL, 0, NULL),
(594, '2021-08-07 13:52:45.802591', '2021-08-07 13:52:45.802591', 4, 7600, NULL, NULL, 0, '7600.00', 0, NULL, NULL, 28, 8, 19, 209, 80, 37, NULL, 0, NULL),
(595, '2021-08-07 13:52:45.833791', '2021-08-07 13:52:45.833791', 1, 2900, NULL, NULL, 0, '2900.00', 0, NULL, NULL, 28, 8, 19, 209, 90, 37, NULL, 0, NULL),
(596, '2021-08-07 13:53:37.928256', '2021-08-07 13:53:37.928256', 2, 21800, NULL, NULL, 0, '21800.00', 0, NULL, NULL, 8, 8, 19, 210, 72, 37, NULL, 0, NULL),
(597, '2021-08-07 13:53:37.932256', '2021-08-07 13:53:37.932256', 1, 7900, NULL, NULL, 0, '7900.00', 0, NULL, NULL, 8, 8, 19, 210, 59, 37, NULL, 0, NULL),
(598, '2021-08-07 13:54:07.975975', '2021-08-07 13:54:07.975975', 2, 13800, NULL, NULL, 0, '13800.00', 0, NULL, NULL, 21, 8, 19, 204, 103, 37, NULL, 0, NULL),
(599, '2021-08-07 13:54:07.986975', '2021-08-07 13:54:07.987975', 2, 9000, NULL, NULL, 0, '9000.00', 0, NULL, NULL, 21, 8, 19, 204, 101, 37, NULL, 0, NULL),
(600, '2021-08-07 13:54:54.806356', '2021-08-07 13:54:54.806356', 1, 5000, NULL, NULL, 0, '5000.00', 0, NULL, NULL, 21, 8, 19, 204, 251, 37, NULL, 0, NULL),
(601, '2021-08-07 14:00:52.116203', '2021-08-07 14:00:52.116203', 7, 31500, NULL, NULL, 0, '31500.00', 0, NULL, NULL, 22, 8, 19, 211, 101, 37, NULL, 0, NULL),
(603, '2021-08-08 13:59:54.056887', '2021-08-08 13:59:54.056887', 1, 3000, NULL, NULL, 0, '3000.00', 0, NULL, NULL, 21, 6, 19, 213, 86, 38, NULL, 0, NULL),
(604, '2021-08-08 13:59:54.072487', '2021-08-08 13:59:54.072487', 1, 22900, NULL, NULL, 0, '22900.00', 0, NULL, NULL, 21, 6, 19, 213, 69, 38, NULL, 0, NULL),
(605, '2021-08-08 13:59:54.072487', '2021-08-08 13:59:54.072487', 3, 5700, NULL, NULL, 0, '5700.00', 0, NULL, NULL, 21, 6, 19, 213, 80, 38, NULL, 0, NULL),
(606, '2021-08-08 13:59:54.072487', '2021-08-08 13:59:54.072487', 1, 8900, NULL, NULL, 0, '8900.00', 0, NULL, NULL, 21, 6, 19, 213, 98, 38, NULL, 0, NULL),
(607, '2021-08-08 13:59:54.072487', '2021-08-08 13:59:54.072487', 1, 2900, NULL, NULL, 0, '2900.00', 0, NULL, NULL, 21, 6, 19, 213, 91, 38, NULL, 0, NULL),
(608, '2021-08-08 13:59:54.088087', '2021-08-08 13:59:54.088087', 1, 59000, NULL, NULL, 0, '59000.00', 0, NULL, NULL, 21, 6, 19, 213, 34, 38, NULL, 0, NULL),
(609, '2021-08-08 13:59:54.384488', '2021-08-08 13:59:54.384488', 1, 8900, NULL, NULL, 0, '8900.00', 0, NULL, NULL, 21, 6, 19, 213, 99, 38, NULL, 0, NULL),
(610, '2021-08-08 14:00:46.443779', '2021-08-08 14:00:46.443779', 2, 25800, NULL, NULL, 0, '25800.00', 0, NULL, NULL, 23, 6, 19, 214, 47, 38, NULL, 0, NULL),
(611, '2021-08-08 14:02:23.148349', '2021-08-08 14:02:23.148349', 1, 49000, NULL, NULL, 0, '49000.00', 0, NULL, NULL, 22, 6, 19, 215, 39, 38, NULL, 0, NULL),
(612, '2021-08-08 14:02:23.163949', '2021-08-08 14:02:23.163949', 1, 15900, NULL, NULL, 0, '15900.00', 0, NULL, NULL, 22, 6, 19, 215, 74, 38, NULL, 0, NULL),
(613, '2021-08-08 14:02:23.257550', '2021-08-08 14:02:23.257550', 1, 2000, NULL, NULL, 0, '2000.00', 0, NULL, NULL, 22, 6, 19, 215, 235, 38, NULL, 0, NULL),
(614, '2021-08-08 14:03:06.790626', '2021-08-08 14:03:06.790626', 2, 6000, NULL, NULL, 0, '6000.00', 0, NULL, NULL, 5, 6, 19, 216, 84, 38, NULL, 0, NULL),
(615, '2021-08-08 14:03:06.806226', '2021-08-08 14:03:06.806226', 3, 5700, NULL, NULL, 0, '5700.00', 0, NULL, NULL, 5, 6, 19, 216, 81, 38, NULL, 0, NULL),
(616, '2021-08-08 14:05:40.437296', '2021-08-08 14:05:40.437296', 1, 59000, NULL, NULL, 0, '59000.00', 0, NULL, NULL, 33, 6, 19, 217, 34, 38, NULL, 0, NULL),
(617, '2021-08-08 14:05:40.452896', '2021-08-08 14:05:40.452896', 1, 22900, NULL, NULL, 0, '22900.00', 0, NULL, NULL, 33, 6, 19, 217, 69, 38, NULL, 0, NULL),
(618, '2021-08-08 14:05:40.452896', '2021-08-08 14:05:40.452896', 1, 6900, NULL, NULL, 0, '6900.00', 0, NULL, NULL, 33, 6, 19, 217, 61, 38, NULL, 0, NULL),
(619, '2021-08-08 14:05:40.452896', '2021-08-08 14:05:40.452896', 1, 10900, NULL, NULL, 0, '10900.00', 0, NULL, NULL, 33, 6, 19, 217, 55, 38, NULL, 0, NULL),
(620, '2021-08-08 14:05:40.452896', '2021-08-08 14:05:40.452896', 1, 49000, NULL, NULL, 0, '49000.00', 0, NULL, NULL, 33, 6, 19, 217, 38, 38, NULL, 0, NULL),
(621, '2021-08-08 14:05:40.468496', '2021-08-08 14:05:40.468496', 2, 5800, NULL, NULL, 0, '5800.00', 0, NULL, NULL, 33, 6, 19, 217, 91, 38, NULL, 0, NULL),
(622, '2021-08-08 14:05:40.749297', '2021-08-08 14:05:40.749297', 3, 9000, NULL, NULL, 0, '9000.00', 0, NULL, NULL, 33, 6, 19, 217, 84, 38, NULL, 0, NULL),
(623, '2021-08-08 14:05:40.780497', '2021-08-08 14:05:40.780497', 3, 26700, NULL, NULL, 0, '26700.00', 0, NULL, NULL, 33, 6, 19, 217, 98, 38, NULL, 0, NULL),
(624, '2021-08-08 14:05:40.796097', '2021-08-08 14:05:40.796097', 9, 17100, NULL, NULL, 0, '17100.00', 0, NULL, NULL, 33, 6, 19, 217, 80, 38, NULL, 0, NULL),
(625, '2021-08-08 14:05:41.014497', '2021-08-08 14:05:41.014497', 1, 5900, NULL, NULL, 0, '5900.00', 0, NULL, NULL, 33, 6, 19, 217, 93, 38, NULL, 0, NULL),
(626, '2021-08-08 14:05:41.030097', '2021-08-08 14:05:41.030097', 3, 9000, NULL, NULL, 0, '9000.00', 0, NULL, NULL, 33, 6, 19, 217, 86, 38, NULL, 0, NULL),
(627, '2021-08-08 14:05:41.092498', '2021-08-08 14:05:41.092498', 4, 40000, NULL, NULL, 0, '40000.00', 0, NULL, NULL, 33, 6, 19, 217, 237, 38, NULL, 0, NULL),
(628, '2021-08-08 14:12:41.660511', '2021-08-08 14:12:41.660511', 1, 8900, NULL, NULL, 0, '8900.00', 0, NULL, NULL, 25, 6, 19, 218, 63, 38, NULL, 0, NULL),
(629, '2021-08-08 14:12:41.705514', '2021-08-08 14:12:41.705514', 1, 59000, NULL, NULL, 0, '59000.00', 0, NULL, NULL, 25, 6, 19, 218, 40, 38, NULL, 0, NULL),
(630, '2021-08-08 14:12:41.739516', '2021-08-08 14:12:41.740516', 1, 1900, NULL, NULL, 0, '1900.00', 0, NULL, NULL, 25, 6, 19, 218, 81, 38, NULL, 0, NULL),
(631, '2021-08-08 14:12:41.745516', '2021-08-08 14:12:41.745516', 1, 8900, NULL, NULL, 0, '8900.00', 0, NULL, NULL, 25, 6, 19, 218, 98, 38, NULL, 0, NULL),
(632, '2021-08-08 14:12:41.756517', '2021-08-08 14:12:41.756517', 1, 1900, NULL, NULL, 0, '1900.00', 0, NULL, NULL, 25, 6, 19, 218, 80, 38, NULL, 0, NULL),
(633, '2021-08-08 14:12:41.758517', '2021-08-08 14:12:41.758517', 1, 7900, NULL, NULL, 0, '7900.00', 0, NULL, NULL, 25, 6, 19, 218, 59, 38, NULL, 0, NULL),
(634, '2021-08-08 14:12:41.958528', '2021-08-08 14:12:41.958528', 2, 17800, NULL, NULL, 0, '17800.00', 0, NULL, NULL, 25, 6, 19, 218, 99, 38, NULL, 0, NULL),
(635, '2021-08-08 14:13:46.338210', '2021-08-08 14:13:46.339210', 1, 15900, NULL, NULL, 0, '15900.00', 0, NULL, NULL, 29, 6, 19, 219, 75, 38, NULL, 0, NULL),
(636, '2021-08-08 14:14:50.002852', '2021-08-08 14:14:50.002852', 1, 12900, NULL, NULL, 0, '12900.00', 0, NULL, NULL, 24, 6, 19, 220, 73, 38, NULL, 0, NULL),
(637, '2021-08-08 14:14:50.007852', '2021-08-08 14:14:50.007852', 1, 2000, NULL, NULL, 0, '2000.00', 0, NULL, NULL, 24, 6, 19, 220, 235, 38, NULL, 0, NULL),
(638, '2021-08-08 14:14:50.013852', '2021-08-08 14:14:50.013852', 2, 58000, NULL, NULL, 0, '58000.00', 0, NULL, NULL, 24, 6, 19, 220, 41, 38, NULL, 0, NULL),
(639, '2021-08-08 14:14:50.024853', '2021-08-08 14:14:50.024853', 1, 5900, NULL, NULL, 0, '5900.00', 0, NULL, NULL, 24, 6, 19, 220, 53, 38, NULL, 0, NULL),
(640, '2021-08-08 14:15:58.459767', '2021-08-08 14:15:58.459767', 1, 29000, NULL, NULL, 0, '29000.00', 0, NULL, NULL, 22, 6, 19, 221, 43, 38, NULL, 0, NULL),
(641, '2021-08-08 14:15:58.501770', '2021-08-08 14:15:58.501770', 1, 8900, NULL, NULL, 0, '8900.00', 0, NULL, NULL, 22, 6, 19, 221, 99, 38, NULL, 0, NULL),
(642, '2021-08-08 14:15:58.507770', '2021-08-08 14:15:58.507770', 1, 39000, NULL, NULL, 0, '39000.00', 0, NULL, NULL, 22, 6, 19, 221, 37, 38, NULL, 0, NULL),
(643, '2021-08-08 14:15:58.518771', '2021-08-08 14:15:58.518771', 1, 2000, NULL, NULL, 0, '2000.00', 0, NULL, NULL, 22, 6, 19, 221, 235, 38, NULL, 0, NULL),
(644, '2021-08-08 14:15:58.526771', '2021-08-08 14:15:58.526771', 1, 5900, NULL, NULL, 0, '5900.00', 0, NULL, NULL, 22, 6, 19, 221, 93, 38, NULL, 0, NULL),
(645, '2021-08-08 14:17:47.195987', '2021-08-08 14:17:47.195987', 2, 13800, NULL, NULL, 0, '13800.00', 0, NULL, NULL, 32, 6, 19, 222, 227, 38, NULL, 0, NULL),
(646, '2021-08-08 14:17:47.226988', '2021-08-08 14:17:47.227989', 5, 15000, NULL, NULL, 0, '15000.00', 0, NULL, NULL, 32, 6, 19, 222, 84, 38, NULL, 0, NULL),
(647, '2021-08-08 14:17:47.231989', '2021-08-08 14:17:47.231989', 1, 59000, NULL, NULL, 0, '59000.00', 0, NULL, NULL, 32, 6, 19, 222, 34, 38, NULL, 0, NULL),
(648, '2021-08-08 14:17:47.247990', '2021-08-08 14:17:47.247990', 1, 22900, NULL, NULL, 0, '22900.00', 0, NULL, NULL, 32, 6, 19, 222, 69, 38, NULL, 0, NULL),
(649, '2021-08-08 14:17:47.258990', '2021-08-08 14:17:47.258990', 1, 59000, NULL, NULL, 0, '59000.00', 0, NULL, NULL, 32, 6, 19, 222, 40, 38, NULL, 0, NULL),
(650, '2021-08-08 14:17:47.302993', '2021-08-08 14:17:47.302993', 4, 40000, NULL, NULL, 0, '40000.00', 0, NULL, NULL, 32, 6, 19, 222, 237, 38, NULL, 0, NULL),
(651, '2021-08-08 14:17:47.382997', '2021-08-08 14:17:47.382997', 5, 15000, NULL, NULL, 0, '15000.00', 0, NULL, NULL, 32, 6, 19, 222, 86, 38, NULL, 0, NULL),
(652, '2021-08-08 14:17:47.539006', '2021-08-08 14:17:47.539006', 2, 6000, NULL, NULL, 0, '6000.00', 0, NULL, NULL, 32, 6, 19, 222, 85, 38, NULL, 0, NULL),
(653, '2021-08-08 14:17:47.588009', '2021-08-08 14:17:47.589009', 5, 9500, NULL, NULL, 0, '9500.00', 0, NULL, NULL, 32, 6, 19, 222, 80, 38, NULL, 0, NULL),
(654, '2021-08-08 14:19:19.733280', '2021-08-08 14:19:19.734280', 1, 2000, NULL, NULL, 0, '2000.00', 0, NULL, NULL, 20, 6, 19, 223, 235, 38, NULL, 0, NULL),
(655, '2021-08-08 14:19:19.745280', '2021-08-08 14:19:19.745280', 2, 9000, NULL, NULL, 0, '9000.00', 0, NULL, NULL, 20, 6, 19, 223, 101, 38, NULL, 0, NULL),
(656, '2021-08-08 14:19:19.761281', '2021-08-08 14:19:19.761281', 1, 59000, NULL, NULL, 0, '59000.00', 0, NULL, NULL, 20, 6, 19, 223, 34, 38, NULL, 0, NULL),
(657, '2021-08-08 14:19:19.769282', '2021-08-08 14:19:19.769282', 1, 8900, NULL, NULL, 0, '8900.00', 0, NULL, NULL, 20, 6, 19, 223, 62, 38, NULL, 0, NULL),
(658, '2021-08-08 14:19:19.775282', '2021-08-08 14:19:19.775282', 2, 13800, NULL, NULL, 0, '13800.00', 0, NULL, NULL, 20, 6, 19, 223, 103, 38, NULL, 0, NULL),
(659, '2021-08-08 14:20:54.453697', '2021-08-08 14:20:54.453697', 3, 13500, NULL, NULL, 0, '13500.00', 0, NULL, NULL, 2, 6, 19, 224, 101, 38, NULL, 0, NULL),
(660, '2021-08-08 14:20:54.542702', '2021-08-08 14:20:54.542702', 3, 20700, NULL, NULL, 0, '20700.00', 0, NULL, NULL, 2, 6, 19, 224, 103, 38, NULL, 0, NULL),
(661, '2021-08-08 14:23:16.309811', '2021-08-08 14:23:16.309811', 1, 49000, NULL, NULL, 0, '49000.00', 0, NULL, NULL, 22, 6, 19, 225, 39, 38, NULL, 0, NULL),
(662, '2021-08-08 14:23:16.456819', '2021-08-08 14:23:16.456819', 2, 3800, NULL, NULL, 0, '3800.00', 0, NULL, NULL, 22, 6, 19, 225, 80, 38, NULL, 0, NULL),
(663, '2021-08-08 14:23:16.475820', '2021-08-08 14:23:16.475820', 1, 7900, NULL, NULL, 0, '7900.00', 0, NULL, NULL, 22, 6, 19, 225, 60, 38, NULL, 0, NULL),
(664, '2021-08-08 14:25:19.879879', '2021-08-08 14:25:19.879879', 1, 3000, NULL, NULL, 0, '3000.00', 0, NULL, NULL, 23, 6, 19, 226, 84, 38, NULL, 0, NULL),
(665, '2021-08-08 14:25:19.897880', '2021-08-08 14:25:19.897880', 1, 4500, NULL, NULL, 0, '4500.00', 0, NULL, NULL, 23, 6, 19, 226, 101, 38, NULL, 0, NULL),
(666, '2021-08-08 14:25:19.948883', '2021-08-08 14:25:19.949883', 1, 29000, NULL, NULL, 0, '29000.00', 0, NULL, NULL, 23, 6, 19, 226, 41, 38, NULL, 0, NULL),
(674, '2021-08-08 14:33:57.880442', '2021-08-08 14:33:57.880442', 1, 49000, NULL, NULL, 0, '49000.00', 0, NULL, NULL, 25, 6, 19, 228, 39, 38, NULL, 0, NULL),
(675, '2021-08-08 14:35:43.964510', '2021-08-08 14:35:43.964510', 1, 39000, NULL, NULL, 0, '39000.00', 0, NULL, NULL, 23, 6, 19, 229, 37, 38, NULL, 0, NULL),
(676, '2021-08-08 14:35:43.993512', '2021-08-08 14:35:43.993512', 4, 12000, NULL, NULL, 0, '12000.00', 0, NULL, NULL, 23, 6, 19, 229, 87, 38, NULL, 0, NULL),
(677, '2021-08-08 14:35:44.033514', '2021-08-08 14:35:44.033514', 2, 9000, NULL, NULL, 0, '9000.00', 0, NULL, NULL, 23, 6, 19, 229, 101, 38, NULL, 0, NULL),
(678, '2021-08-08 14:35:44.040514', '2021-08-08 14:35:44.040514', 1, 99000, NULL, NULL, 0, '99000.00', 0, NULL, NULL, 23, 6, 19, 229, 116, 38, NULL, 0, NULL),
(679, '2021-08-08 14:35:44.061516', '2021-08-08 14:35:44.061516', 2, 3800, NULL, NULL, 0, '3800.00', 0, NULL, NULL, 23, 6, 19, 229, 81, 38, NULL, 0, NULL),
(680, '2021-08-08 14:35:44.082517', '2021-08-08 14:35:44.082517', 4, 31600, NULL, NULL, 0, '31600.00', 0, NULL, NULL, 23, 6, 19, 229, 117, 38, NULL, 0, NULL),
(681, '2021-08-08 14:39:42.892176', '2021-08-08 14:39:42.892176', 1, 12900, NULL, NULL, 0, '12900.00', 0, NULL, NULL, 22, 6, 19, 230, 217, 38, NULL, 0, NULL),
(682, '2021-08-08 14:39:42.897176', '2021-08-08 14:39:42.897176', 1, 16900, NULL, NULL, 0, '16900.00', 0, NULL, NULL, 22, 6, 19, 230, 64, 38, NULL, 0, NULL),
(683, '2021-08-08 14:39:42.923178', '2021-08-08 14:39:42.923178', 1, 12900, NULL, NULL, 0, '12900.00', 0, NULL, NULL, 22, 6, 19, 230, 213, 38, NULL, 0, NULL),
(684, '2021-08-08 14:39:42.927178', '2021-08-08 14:39:42.928178', 2, 9000, NULL, NULL, 0, '9000.00', 0, NULL, NULL, 22, 6, 19, 230, 101, 38, NULL, 0, NULL),
(685, '2021-08-08 14:39:42.933178', '2021-08-08 14:39:42.933178', 1, 8900, NULL, NULL, 0, '8900.00', 0, NULL, NULL, 22, 6, 19, 230, 54, 38, NULL, 0, NULL),
(686, '2021-08-08 14:39:42.955180', '2021-08-08 14:39:42.955180', 1, 5900, NULL, NULL, 0, '5900.00', 0, NULL, NULL, 22, 6, 19, 230, 53, 38, NULL, 0, NULL),
(687, '2021-08-08 14:45:04.635579', '2021-08-08 14:45:04.635579', 1, 59000, NULL, NULL, 0, '59000.00', 0, NULL, NULL, 25, 6, 19, 231, 33, 38, NULL, 0, NULL),
(688, '2021-08-08 14:45:04.663580', '2021-08-08 14:45:04.663580', 1, 59000, NULL, NULL, 0, '59000.00', 0, NULL, NULL, 25, 6, 19, 231, 34, 38, NULL, 0, NULL),
(689, '2021-08-08 14:45:04.675581', '2021-08-08 14:45:04.675581', 1, 29000, NULL, NULL, 0, '29000.00', 0, NULL, NULL, 25, 6, 19, 231, 46, 38, NULL, 0, NULL),
(690, '2021-08-08 14:45:04.729584', '2021-08-08 14:45:04.729584', 6, 11400, NULL, NULL, 0, '11400.00', 0, NULL, NULL, 25, 6, 19, 231, 80, 38, NULL, 0, NULL),
(691, '2021-08-08 14:45:04.736584', '2021-08-08 14:45:04.736584', 3, 17700, NULL, NULL, 0, '17700.00', 0, NULL, NULL, 25, 6, 19, 231, 93, 38, NULL, 0, NULL),
(692, '2021-08-08 14:45:04.770586', '2021-08-08 14:45:04.771586', 5, 44500, NULL, NULL, 0, '44500.00', 0, NULL, NULL, 25, 6, 19, 231, 98, 38, NULL, 0, NULL),
(693, '2021-08-08 14:45:04.948596', '2021-08-08 14:45:04.948596', 1, 8900, NULL, NULL, 0, '8900.00', 0, NULL, NULL, 25, 6, 19, 231, 99, 38, NULL, 0, NULL),
(694, '2021-08-08 14:45:05.028601', '2021-08-08 14:45:05.028601', 2, 6000, NULL, NULL, 0, '6000.00', 0, NULL, NULL, 25, 6, 19, 231, 84, 38, NULL, 0, NULL),
(695, '2021-08-08 14:45:05.038602', '2021-08-08 14:45:05.038602', 2, 9800, NULL, NULL, 0, '9800.00', 0, NULL, NULL, 25, 6, 19, 231, 79, 38, NULL, 0, NULL),
(696, '2021-08-08 14:45:05.045602', '2021-08-08 14:45:05.045602', 1, 22900, NULL, NULL, 0, '22900.00', 0, NULL, NULL, 25, 6, 19, 231, 69, 38, NULL, 0, NULL),
(697, '2021-08-08 14:45:05.165609', '2021-08-08 14:45:05.165609', 1, 3900, NULL, NULL, 0, '3900.00', 0, NULL, NULL, 25, 6, 19, 231, 240, 38, NULL, 0, NULL),
(698, '2021-08-08 14:45:05.198611', '2021-08-08 14:45:05.198611', 4, 12000, NULL, NULL, 0, '12000.00', 0, NULL, NULL, 25, 6, 19, 231, 85, 38, NULL, 0, NULL),
(699, '2021-08-08 14:45:05.278615', '2021-08-08 14:45:05.278615', 3, 9000, NULL, NULL, 0, '9000.00', 0, NULL, NULL, 25, 6, 19, 231, 86, 38, NULL, 0, NULL),
(700, '2021-08-08 14:45:05.403623', '2021-08-08 14:45:05.403623', 1, 12900, NULL, NULL, 0, '12900.00', 0, NULL, NULL, 25, 6, 19, 231, 218, 38, NULL, 0, NULL),
(701, '2021-08-08 14:45:05.482627', '2021-08-08 14:45:05.482627', 2, 33800, NULL, NULL, 0, '33800.00', 0, NULL, NULL, 25, 6, 19, 231, 201, 38, NULL, 0, NULL),
(702, '2021-08-08 14:46:39.435001', '2021-08-08 14:46:39.435001', 2, 20000, NULL, NULL, 0, '20000.00', 0, NULL, NULL, 31, 6, 19, 232, 237, 38, NULL, 0, NULL),
(703, '2021-08-08 14:46:39.445001', '2021-08-08 14:46:39.445001', 1, 8900, NULL, NULL, 0, '8900.00', 0, NULL, NULL, 31, 6, 19, 232, 63, 38, NULL, 0, NULL),
(704, '2021-08-08 14:46:39.453002', '2021-08-08 14:46:39.453002', 1, 59000, NULL, NULL, 0, '59000.00', 0, NULL, NULL, 31, 6, 19, 232, 33, 38, NULL, 0, NULL),
(705, '2021-08-08 14:46:39.454002', '2021-08-08 14:46:39.454002', 1, 13900, NULL, NULL, 0, '13900.00', 0, NULL, NULL, 31, 6, 19, 232, 244, 38, NULL, 0, NULL),
(706, '2021-08-08 14:46:39.466003', '2021-08-08 14:46:39.466003', 1, 12900, NULL, NULL, 0, '12900.00', 0, NULL, NULL, 31, 6, 19, 232, 47, 38, NULL, 0, NULL),
(707, '2021-08-08 14:46:39.473003', '2021-08-08 14:46:39.473003', 1, 8000, NULL, NULL, 0, '8000.00', 0, NULL, NULL, 31, 6, 19, 232, 234, 38, NULL, 0, NULL),
(708, '2021-08-08 14:47:21.983434', '2021-08-08 14:47:21.983434', 3, 13500, NULL, NULL, 0, '13500.00', 0, NULL, NULL, 2, 6, 19, 227, 101, 38, NULL, 0, NULL),
(709, '2021-08-08 14:47:21.999435', '2021-08-08 14:47:21.999435', 3, 20700, NULL, NULL, 0, '20700.00', 0, NULL, NULL, 2, 6, 19, 227, 103, 38, NULL, 0, NULL),
(710, '2021-08-08 14:49:06.684423', '2021-08-08 14:49:06.684423', 1, 28900, NULL, NULL, 0, '28900.00', 0, NULL, NULL, 11, 6, 19, 233, 71, 38, NULL, 0, NULL),
(711, '2021-08-08 14:49:06.705424', '2021-08-08 14:49:06.705424', 1, 16900, NULL, NULL, 0, '16900.00', 0, NULL, NULL, 11, 6, 19, 233, 76, 38, NULL, 0, NULL),
(712, '2021-08-08 14:49:06.711425', '2021-08-08 14:49:06.711425', 1, 16900, NULL, NULL, 0, '16900.00', 0, NULL, NULL, 11, 6, 19, 233, 77, 38, NULL, 0, NULL),
(713, '2021-08-08 14:49:06.716425', '2021-08-08 14:49:06.716425', 2, 41800, NULL, NULL, 0, '41800.00', 0, NULL, NULL, 11, 6, 19, 233, 192, 38, NULL, 0, NULL),
(714, '2021-08-08 14:49:06.729426', '2021-08-08 14:49:06.729426', 1, 16900, NULL, NULL, 0, '16900.00', 0, NULL, NULL, 11, 6, 19, 233, 64, 38, NULL, 0, NULL),
(715, '2021-08-08 14:54:33.690809', '2021-08-08 14:54:33.690809', 1, 1500, NULL, NULL, 0, '1500.00', 0, NULL, NULL, 29, 6, 19, 234, 245, 38, NULL, 0, NULL),
(716, '2021-08-08 14:54:33.722009', '2021-08-08 14:54:33.722009', 1, 16900, NULL, NULL, 0, '16900.00', 0, NULL, NULL, 29, 6, 19, 234, 77, 38, NULL, 0, NULL),
(717, '2021-08-08 14:54:33.846809', '2021-08-08 14:54:33.846809', 1, 10900, NULL, NULL, 0, '10900.00', 0, NULL, NULL, 29, 6, 19, 234, 72, 38, NULL, 0, NULL),
(718, '2021-08-08 14:54:33.878009', '2021-08-08 14:54:33.878009', 1, 8900, NULL, NULL, 0, '8900.00', 0, NULL, NULL, 29, 6, 19, 234, 62, 38, NULL, 0, NULL),
(719, '2021-08-08 14:54:33.893609', '2021-08-08 14:54:33.893609', 2, 9000, NULL, NULL, 0, '9000.00', 0, NULL, NULL, 29, 6, 19, 234, 101, 38, NULL, 0, NULL),
(720, '2021-08-08 14:54:33.893609', '2021-08-08 14:54:33.893609', 6, 35400, NULL, NULL, 0, '35400.00', 0, NULL, NULL, 29, 6, 19, 234, 113, 38, NULL, 0, NULL),
(721, '2021-08-08 14:54:33.971609', '2021-08-08 14:54:33.971609', 1, 3000, NULL, NULL, 0, '3000.00', 0, NULL, NULL, 29, 6, 19, 234, 84, 38, NULL, 0, NULL),
(722, '2021-08-08 14:54:34.002809', '2021-08-08 14:54:34.002809', 1, 12900, NULL, NULL, 0, '12900.00', 0, NULL, NULL, 29, 6, 19, 234, 73, 38, NULL, 0, NULL),
(723, '2021-08-08 14:54:34.049609', '2021-08-08 14:54:34.049609', 1, 4900, NULL, NULL, 0, '4900.00', 0, NULL, NULL, 29, 6, 19, 234, 79, 38, NULL, 0, NULL),
(724, '2021-08-08 14:54:34.127610', '2021-08-08 14:54:34.127610', 2, 13800, NULL, NULL, 0, '13800.00', 0, NULL, NULL, 29, 6, 19, 234, 61, 38, NULL, 0, NULL),
(725, '2021-08-08 14:54:34.283610', '2021-08-08 14:54:34.283610', 1, 8900, NULL, NULL, 0, '8900.00', 0, NULL, NULL, 29, 6, 19, 234, 99, 38, NULL, 0, NULL),
(726, '2021-08-09 04:11:10.042400', '2021-08-09 04:11:10.042400', 1, 6300, NULL, NULL, 0, '6300.00', 0, NULL, NULL, 29, 9, 19, 235, 249, 39, NULL, 0, NULL),
(727, '2021-08-09 04:13:11.020612', '2021-08-09 04:13:11.020612', 1, 29000, NULL, NULL, 0, '29000.00', 0, NULL, NULL, 26, 9, 19, 236, 43, 39, NULL, 0, NULL),
(728, '2021-08-09 04:20:53.859825', '2021-08-09 04:20:53.859825', 4, 12000, NULL, NULL, 0, '12000.00', 0, NULL, NULL, 8, 2, 19, 237, 84, 39, NULL, 0, NULL),
(729, '2021-08-09 10:04:39.879769', '2021-08-09 10:04:39.879769', 1, 26900, NULL, NULL, 0, '26900.00', 0, NULL, NULL, 22, 9, 19, 238, 51, 39, NULL, 0, NULL),
(730, '2021-08-09 10:04:39.895369', '2021-08-09 10:04:39.895369', 1, 3000, NULL, NULL, 0, '3000.00', 0, NULL, NULL, 22, 9, 19, 238, 86, 39, NULL, 0, NULL),
(731, '2021-08-09 10:04:39.895369', '2021-08-09 10:04:39.895369', 1, 39000, NULL, NULL, 0, '39000.00', 0, NULL, NULL, 22, 9, 19, 238, 37, 39, NULL, 0, NULL),
(732, '2021-08-09 10:04:39.910969', '2021-08-09 10:04:39.910969', 1, 5900, NULL, NULL, 0, '5900.00', 0, NULL, NULL, 22, 9, 19, 238, 53, 39, NULL, 0, NULL),
(733, '2021-08-09 10:04:39.910969', '2021-08-09 10:04:39.910969', 1, 3000, NULL, NULL, 0, '3000.00', 0, NULL, NULL, 22, 9, 19, 238, 84, 39, NULL, 0, NULL),
(734, '2021-08-09 10:04:39.926569', '2021-08-09 10:04:39.926569', 1, 8900, NULL, NULL, 0, '8900.00', 0, NULL, NULL, 22, 9, 19, 238, 54, 39, NULL, 0, NULL),
(735, '2021-08-09 10:04:40.425770', '2021-08-09 10:04:40.425770', 2, 4000, NULL, NULL, 0, '4000.00', 0, NULL, NULL, 22, 9, 19, 238, 235, 39, NULL, 0, NULL),
(736, '2021-08-09 12:12:55.134790', '2021-08-09 12:12:55.134790', 1, 29000, NULL, NULL, 0, '29000.00', 0, NULL, NULL, 30, 2, 19, 239, 41, 39, NULL, 0, NULL),
(737, '2021-08-09 12:12:55.150390', '2021-08-09 12:12:55.150390', 2, 13800, NULL, NULL, 0, '13800.00', 0, NULL, NULL, 30, 2, 19, 239, 103, 39, NULL, 0, NULL),
(738, '2021-08-09 12:12:55.150390', '2021-08-09 12:12:55.150390', 1, 1900, NULL, NULL, 0, '1900.00', 0, NULL, NULL, 30, 2, 19, 239, 80, 39, NULL, 0, NULL),
(739, '2021-08-09 12:12:55.165990', '2021-08-09 12:12:55.165990', 2, 20000, NULL, NULL, 0, '20000.00', 0, NULL, NULL, 30, 2, 19, 239, 237, 39, NULL, 0, NULL),
(740, '2021-08-09 12:14:42.026178', '2021-08-09 12:14:42.026178', 1, 3000, NULL, NULL, 0, '3000.00', 0, NULL, NULL, 31, 2, 19, 240, 84, 39, NULL, 0, NULL),
(741, '2021-08-09 12:14:42.041778', '2021-08-09 12:14:42.041778', 3, 38700, NULL, NULL, 0, '38700.00', 0, NULL, NULL, 31, 2, 19, 240, 47, 39, NULL, 0, NULL),
(742, '2021-08-09 12:14:42.041778', '2021-08-09 12:14:42.041778', 1, 10000, NULL, NULL, 0, '10000.00', 0, NULL, NULL, 31, 2, 19, 240, 237, 39, NULL, 0, NULL),
(743, '2021-08-09 12:40:16.912274', '2021-08-09 12:40:16.912274', 1, 29000, NULL, NULL, 0, '29000.00', 0, NULL, NULL, 22, 2, 19, 241, 41, 39, NULL, 0, NULL),
(744, '2021-08-09 12:40:16.927874', '2021-08-09 12:40:16.927874', 1, 10900, NULL, NULL, 0, '10900.00', 0, NULL, NULL, 22, 2, 19, 241, 72, 39, NULL, 0, NULL),
(745, '2021-08-09 12:40:16.927874', '2021-08-09 12:40:16.927874', 1, 2000, NULL, NULL, 0, '2000.00', 0, NULL, NULL, 22, 2, 19, 241, 235, 39, NULL, 0, NULL),
(746, '2021-08-09 12:40:16.943474', '2021-08-09 12:40:16.943474', 1, 4500, NULL, NULL, 0, '4500.00', 0, NULL, NULL, 22, 2, 19, 241, 101, 39, NULL, 0, NULL),
(747, '2021-08-09 12:45:14.421397', '2021-08-09 12:45:14.421397', 1, 3000, NULL, NULL, 0, '3000.00', 0, NULL, NULL, 24, 2, 19, 242, 84, 39, NULL, 0, NULL),
(748, '2021-08-09 12:45:14.421397', '2021-08-09 12:45:14.421397', 1, 29000, NULL, NULL, 0, '29000.00', 0, NULL, NULL, 24, 2, 19, 242, 43, 39, NULL, 0, NULL),
(749, '2021-08-09 12:45:14.452597', '2021-08-09 12:45:14.452597', 1, 7900, NULL, NULL, 0, '7900.00', 0, NULL, NULL, 24, 2, 19, 242, 59, 39, NULL, 0, NULL),
(750, '2021-08-09 12:46:23.482718', '2021-08-09 12:46:23.482718', 1, 10900, NULL, NULL, 0, '10900.00', 0, NULL, NULL, 25, 2, 19, 243, 55, 39, NULL, 0, NULL),
(751, '2021-08-09 12:46:23.482718', '2021-08-09 12:46:23.482718', 2, 6000, NULL, NULL, 0, '6000.00', 0, NULL, NULL, 25, 2, 19, 243, 86, 39, NULL, 0, NULL),
(752, '2021-08-09 12:46:23.482718', '2021-08-09 12:46:23.482718', 1, 49000, NULL, NULL, 0, '49000.00', 0, NULL, NULL, 25, 2, 19, 243, 39, 39, NULL, 0, NULL),
(753, '2021-08-09 12:46:23.498318', '2021-08-09 12:46:23.498318', 1, 1900, NULL, NULL, 0, '1900.00', 0, NULL, NULL, 25, 2, 19, 243, 80, 39, NULL, 0, NULL),
(754, '2021-08-09 12:49:40.979065', '2021-08-09 12:49:40.979065', 1, 2900, NULL, NULL, 0, '2900.00', 0, NULL, NULL, 23, 2, 19, 244, 91, 39, NULL, 0, NULL),
(755, '2021-08-09 12:49:41.010265', '2021-08-09 12:49:41.010265', 1, 39000, NULL, NULL, 0, '39000.00', 0, NULL, NULL, 23, 2, 19, 244, 37, 39, NULL, 0, NULL),
(756, '2021-08-09 12:49:41.025865', '2021-08-09 12:49:41.025865', 1, 2000, NULL, NULL, 0, '2000.00', 0, NULL, NULL, 23, 2, 19, 244, 235, 39, NULL, 0, NULL),
(757, '2021-08-09 12:49:41.041465', '2021-08-09 12:49:41.041465', 2, 3800, NULL, NULL, 0, '3800.00', 0, NULL, NULL, 23, 2, 19, 244, 80, 39, NULL, 0, NULL),
(758, '2021-08-09 12:53:21.095452', '2021-08-09 12:53:21.095452', 2, 2000, NULL, NULL, 0, '2000.00', 0, NULL, NULL, 25, 2, 19, 245, 233, 39, NULL, 0, NULL),
(759, '2021-08-09 12:53:21.126652', '2021-08-09 12:53:21.126652', 1, 8900, NULL, NULL, 0, '8900.00', 0, NULL, NULL, 25, 2, 19, 245, 62, 39, NULL, 0, NULL),
(760, '2021-08-09 12:53:21.173452', '2021-08-09 12:53:21.173452', 1, 29000, NULL, NULL, 0, '29000.00', 0, NULL, NULL, 25, 2, 19, 245, 41, 39, NULL, 0, NULL),
(761, '2021-08-09 12:53:21.173452', '2021-08-09 12:53:21.173452', 1, 10900, NULL, NULL, 0, '10900.00', 0, NULL, NULL, 25, 2, 19, 245, 72, 39, NULL, 0, NULL);
INSERT INTO `payment_app_order_detial` (`id`, `created_at`, `updated_at`, `quantity`, `discount`, `fr_date`, `to_date`, `discount_rate`, `subtotal`, `is_deleted`, `why_deleted`, `deleted_date`, `client_id`, `created_by_id`, `fr_client_id`, `order_id`, `product_id`, `shift_work_id`, `updated_by_id`, `finished`, `finished_at`) VALUES
(762, '2021-08-09 12:53:21.173452', '2021-08-09 12:53:21.173452', 1, 3000, NULL, NULL, 0, '3000.00', 0, NULL, NULL, 25, 2, 19, 245, 84, 39, NULL, 0, NULL),
(763, '2021-08-09 12:53:21.173452', '2021-08-09 12:53:21.173452', 1, 8900, NULL, NULL, 0, '8900.00', 0, NULL, NULL, 25, 2, 19, 245, 63, 39, NULL, 0, NULL),
(764, '2021-08-09 12:53:21.423052', '2021-08-09 12:53:21.423052', 1, 1900, NULL, NULL, 0, '1900.00', 0, NULL, NULL, 25, 2, 19, 245, 80, 39, NULL, 0, NULL),
(765, '2021-08-09 12:53:21.563452', '2021-08-09 12:53:21.563452', 1, 6900, NULL, NULL, 0, '6900.00', 0, NULL, NULL, 25, 2, 19, 245, 227, 39, NULL, 0, NULL),
(766, '2021-08-09 12:53:21.610253', '2021-08-09 12:53:21.610253', 1, 1900, NULL, NULL, 0, '1900.00', 0, NULL, NULL, 25, 2, 19, 245, 81, 39, NULL, 0, NULL),
(767, '2021-08-09 12:54:18.643953', '2021-08-09 12:54:18.643953', 1, 29000, NULL, NULL, 0, '29000.00', 0, NULL, NULL, 23, 2, 19, 246, 41, 39, NULL, 0, NULL),
(768, '2021-08-09 12:54:18.643953', '2021-08-09 12:54:18.643953', 1, 3000, NULL, NULL, 0, '3000.00', 0, NULL, NULL, 23, 2, 19, 246, 85, 39, NULL, 0, NULL),
(769, '2021-08-09 12:54:18.659553', '2021-08-09 12:54:18.659553', 1, 3000, NULL, NULL, 0, '3000.00', 0, NULL, NULL, 23, 2, 19, 246, 84, 39, NULL, 0, NULL),
(770, '2021-08-09 12:57:18.793073', '2021-08-09 12:57:18.793073', 1, 15900, NULL, NULL, 0, '15900.00', 0, NULL, NULL, 29, 2, 19, 247, 74, 39, NULL, 0, NULL),
(771, '2021-08-09 13:00:33.403415', '2021-08-09 13:00:33.403415', 2, 11800, NULL, NULL, 0, '11800.00', 0, NULL, NULL, 22, 2, 19, 248, 53, 39, NULL, 0, NULL),
(772, '2021-08-09 13:00:33.403415', '2021-08-09 13:00:33.403415', 2, 11800, NULL, NULL, 0, '11800.00', 0, NULL, NULL, 22, 2, 19, 248, 52, 39, NULL, 0, NULL),
(773, '2021-08-09 13:00:33.434615', '2021-08-09 13:00:33.434615', 1, 8900, NULL, NULL, 0, '8900.00', 0, NULL, NULL, 22, 2, 19, 248, 54, 39, NULL, 0, NULL),
(774, '2021-08-09 13:00:33.450215', '2021-08-09 13:00:33.450215', 1, 1900, NULL, NULL, 0, '1900.00', 0, NULL, NULL, 22, 2, 19, 248, 80, 39, NULL, 0, NULL),
(775, '2021-08-09 13:00:33.450215', '2021-08-09 13:00:33.450215', 2, 11800, NULL, NULL, 0, '11800.00', 0, NULL, NULL, 22, 2, 19, 248, 93, 39, NULL, 0, NULL),
(783, '2021-08-09 13:08:11.437820', '2021-08-09 13:08:11.437820', 2, 13800, NULL, NULL, 0, '13800.00', 0, NULL, NULL, 22, 2, 19, 250, 103, 39, NULL, 0, NULL),
(784, '2021-08-09 13:08:11.437820', '2021-08-09 13:08:11.437820', 1, 13900, NULL, NULL, 0, '13900.00', 0, NULL, NULL, 22, 2, 19, 250, 44, 39, NULL, 0, NULL),
(785, '2021-08-09 13:09:46.617587', '2021-08-09 13:09:46.617587', 1, 26900, NULL, NULL, 0, '26900.00', 0, NULL, NULL, 23, 2, 19, 251, 50, 39, NULL, 0, NULL),
(786, '2021-08-09 13:09:46.633187', '2021-08-09 13:09:46.633187', 2, 9000, NULL, NULL, 0, '9000.00', 0, NULL, NULL, 23, 2, 19, 251, 101, 39, NULL, 0, NULL),
(787, '2021-08-09 13:09:46.664387', '2021-08-09 13:09:46.664387', 1, 2000, NULL, NULL, 0, '2000.00', 0, NULL, NULL, 23, 2, 19, 251, 235, 39, NULL, 0, NULL),
(788, '2021-08-09 13:34:45.436822', '2021-08-09 13:34:45.436822', 1, 15900, NULL, NULL, 0, '15900.00', 0, NULL, NULL, 9, 2, 19, 252, 75, 39, NULL, 0, NULL),
(789, '2021-08-09 13:34:45.483622', '2021-08-09 13:34:45.483622', 1, 1000, NULL, NULL, 0, '1000.00', 0, NULL, NULL, 9, 2, 19, 252, 233, 39, NULL, 0, NULL),
(790, '2021-08-09 13:41:04.372296', '2021-08-09 13:41:04.372296', 1, 59000, NULL, NULL, 0, '59000.00', 0, NULL, NULL, 3, 2, 19, 253, 34, 39, NULL, 0, NULL),
(791, '2021-08-09 13:41:04.389297', '2021-08-09 13:41:04.389297', 2, 13800, NULL, NULL, 0, '13800.00', 0, NULL, NULL, 3, 2, 19, 253, 103, 39, NULL, 0, NULL),
(792, '2021-08-09 13:42:56.861730', '2021-08-09 13:42:56.861730', 1, 49000, NULL, NULL, 0, '49000.00', 0, NULL, NULL, 33, 2, 19, 254, 30, 39, NULL, 0, NULL),
(793, '2021-08-09 13:42:56.903732', '2021-08-09 13:42:56.903732', 1, 59000, NULL, NULL, 0, '59000.00', 0, NULL, NULL, 33, 2, 19, 254, 34, 39, NULL, 0, NULL),
(794, '2021-08-09 13:42:56.928734', '2021-08-09 13:42:56.928734', 1, 49000, NULL, NULL, 0, '49000.00', 0, NULL, NULL, 33, 2, 19, 254, 39, 39, NULL, 0, NULL),
(795, '2021-08-09 13:42:56.940735', '2021-08-09 13:42:56.940735', 5, 9500, NULL, NULL, 0, '9500.00', 0, NULL, NULL, 33, 2, 19, 254, 80, 39, NULL, 0, NULL),
(796, '2021-08-09 13:42:56.965736', '2021-08-09 13:42:56.965736', 1, 6900, NULL, NULL, 0, '6900.00', 0, NULL, NULL, 33, 2, 19, 254, 227, 39, NULL, 0, NULL),
(797, '2021-08-09 13:42:56.990737', '2021-08-09 13:42:56.990737', 1, 49000, NULL, NULL, 0, '49000.00', 0, NULL, NULL, 33, 2, 19, 254, 32, 39, NULL, 0, NULL),
(798, '2021-08-09 13:42:57.135746', '2021-08-09 13:42:57.135746', 3, 30000, NULL, NULL, 0, '30000.00', 0, NULL, NULL, 33, 2, 19, 254, 237, 39, NULL, 0, NULL),
(799, '2021-08-09 13:54:44.197809', '2021-08-09 13:54:44.197809', 1, 59000, NULL, NULL, 0, '59000.00', 0, NULL, NULL, 32, 2, 19, 255, 34, 39, NULL, 0, NULL),
(800, '2021-08-09 13:54:44.197809', '2021-08-09 13:54:44.197809', 4, 27600, NULL, NULL, 0, '27600.00', 0, NULL, NULL, 32, 2, 19, 255, 103, 39, NULL, 0, NULL),
(801, '2021-08-09 13:56:44.427220', '2021-08-09 13:56:44.427220', 1, 10900, NULL, NULL, 0, '10900.00', 0, NULL, NULL, 30, 2, 19, 256, 72, 39, NULL, 0, NULL),
(802, '2021-08-09 13:56:44.427220', '2021-08-09 13:56:44.427220', 1, 2900, NULL, NULL, 0, '2900.00', 0, NULL, NULL, 30, 2, 19, 256, 91, 39, NULL, 0, NULL),
(803, '2021-08-09 13:56:44.427220', '2021-08-09 13:56:44.427220', 1, 28900, NULL, NULL, 0, '28900.00', 0, NULL, NULL, 30, 2, 19, 256, 71, 39, NULL, 0, NULL),
(804, '2021-08-09 13:58:10.508171', '2021-08-09 13:58:10.508171', 2, 9000, NULL, NULL, 0, '9000.00', 0, NULL, NULL, 24, 2, 19, 257, 101, 39, NULL, 0, NULL),
(805, '2021-08-09 13:58:10.523771', '2021-08-09 13:58:10.523771', 1, 59000, NULL, NULL, 0, '59000.00', 0, NULL, NULL, 24, 2, 19, 257, 40, 39, NULL, 0, NULL),
(806, '2021-08-09 14:03:00.668681', '2021-08-09 14:03:00.668681', 1, 12900, NULL, NULL, 0, '12900.00', 0, NULL, NULL, 23, 2, 19, 258, 73, 39, NULL, 0, NULL),
(807, '2021-08-09 14:03:00.684281', '2021-08-09 14:03:00.684281', 3, 13500, NULL, NULL, 0, '13500.00', 0, NULL, NULL, 23, 2, 19, 258, 101, 39, NULL, 0, NULL),
(808, '2021-08-09 14:03:00.699881', '2021-08-09 14:03:00.699881', 1, 22900, NULL, NULL, 0, '22900.00', 0, NULL, NULL, 23, 2, 19, 258, 69, 39, NULL, 0, NULL),
(809, '2021-08-09 14:03:00.699881', '2021-08-09 14:03:00.699881', 1, 59000, NULL, NULL, 0, '59000.00', 0, NULL, NULL, 23, 2, 19, 258, 40, 39, NULL, 0, NULL),
(810, '2021-08-09 14:03:00.699881', '2021-08-09 14:03:00.699881', 2, 3800, NULL, NULL, 0, '3800.00', 0, NULL, NULL, 23, 2, 19, 258, 80, 39, NULL, 0, NULL),
(811, '2021-08-09 14:03:49.418766', '2021-08-09 14:03:49.418766', 1, 39000, NULL, NULL, 0, '39000.00', 0, NULL, NULL, 22, 2, 19, 259, 42, 39, NULL, 0, NULL),
(812, '2021-08-09 14:03:49.418766', '2021-08-09 14:03:49.418766', 1, 4500, NULL, NULL, 0, '4500.00', 0, NULL, NULL, 22, 2, 19, 259, 101, 39, NULL, 0, NULL),
(813, '2021-08-09 14:03:49.481167', '2021-08-09 14:03:49.481167', 1, 5900, NULL, NULL, 0, '5900.00', 0, NULL, NULL, 22, 2, 19, 259, 94, 39, NULL, 0, NULL),
(814, '2021-08-09 14:04:58.994889', '2021-08-09 14:04:58.994889', 1, 13900, NULL, NULL, 0, '13900.00', 0, NULL, NULL, 21, 2, 19, 260, 205, 39, NULL, 0, NULL),
(815, '2021-08-09 14:04:58.994889', '2021-08-09 14:04:58.994889', 1, 22900, NULL, NULL, 0, '22900.00', 0, NULL, NULL, 21, 2, 19, 260, 68, 39, NULL, 0, NULL),
(816, '2021-08-09 14:04:58.994889', '2021-08-09 14:04:58.994889', 1, 6900, NULL, NULL, 0, '6900.00', 0, NULL, NULL, 21, 2, 19, 260, 175, 39, NULL, 0, NULL),
(817, '2021-08-09 14:04:58.994889', '2021-08-09 14:04:58.994889', 1, 3000, NULL, NULL, 0, '3000.00', 0, NULL, NULL, 21, 2, 19, 260, 87, 39, NULL, 0, NULL),
(818, '2021-08-09 14:04:58.994889', '2021-08-09 14:04:58.994889', 1, 10900, NULL, NULL, 0, '10900.00', 0, NULL, NULL, 21, 2, 19, 260, 55, 39, NULL, 0, NULL),
(819, '2021-08-09 14:04:59.026089', '2021-08-09 14:04:59.026089', 1, 4900, NULL, NULL, 0, '4900.00', 0, NULL, NULL, 21, 2, 19, 260, 79, 39, NULL, 0, NULL),
(820, '2021-08-09 14:04:59.291289', '2021-08-09 14:04:59.291289', 3, 13500, NULL, NULL, 0, '13500.00', 0, NULL, NULL, 21, 2, 19, 260, 101, 39, NULL, 0, NULL),
(821, '2021-08-09 14:06:45.605476', '2021-08-09 14:06:45.605476', 7, 10500, NULL, NULL, 0, '10500.00', 0, NULL, NULL, 25, 2, 19, 261, 232, 39, NULL, 0, NULL),
(822, '2021-08-09 14:06:45.667876', '2021-08-09 14:06:45.667876', 10, 20000, NULL, NULL, 0, '20000.00', 0, NULL, NULL, 25, 2, 19, 261, 235, 39, NULL, 0, NULL),
(823, '2021-08-09 14:06:45.667876', '2021-08-09 14:06:45.667876', 1, 59000, NULL, NULL, 0, '59000.00', 0, NULL, NULL, 25, 2, 19, 261, 40, 39, NULL, 0, NULL),
(824, '2021-08-09 14:06:45.667876', '2021-08-09 14:06:45.667876', 1, 59000, NULL, NULL, 0, '59000.00', 0, NULL, NULL, 25, 2, 19, 261, 34, 39, NULL, 0, NULL),
(826, '2021-08-09 14:06:45.667876', '2021-08-09 14:06:45.667876', 1, 49000, NULL, NULL, 0, '49000.00', 0, NULL, NULL, 25, 2, 19, 261, 38, 39, NULL, 0, NULL),
(827, '2021-08-09 14:06:46.291877', '2021-08-09 14:06:46.291877', 2, 17800, NULL, NULL, 0, '17800.00', 0, NULL, NULL, 25, 2, 19, 261, 63, 39, NULL, 0, NULL),
(828, '2021-08-09 14:06:46.323077', '2021-08-09 14:06:46.323077', 1, 6900, NULL, NULL, 0, '6900.00', 0, NULL, NULL, 25, 2, 19, 261, 227, 39, NULL, 0, NULL),
(829, '2021-08-09 14:06:46.323077', '2021-08-09 14:06:46.323077', 5, 5000, NULL, NULL, 0, '5000.00', 0, NULL, NULL, 25, 2, 19, 261, 233, 39, NULL, 0, NULL),
(830, '2021-08-09 14:10:50.557106', '2021-08-09 14:10:50.557106', 1, 29000, NULL, NULL, 0, '29000.00', 0, NULL, NULL, 25, 2, 19, 262, 46, 39, NULL, 0, NULL),
(831, '2021-08-09 14:10:50.588306', '2021-08-09 14:10:50.588306', 1, 22900, NULL, NULL, 0, '22900.00', 0, NULL, NULL, 25, 2, 19, 262, 69, 39, NULL, 0, NULL),
(832, '2021-08-09 14:10:50.603906', '2021-08-09 14:10:50.603906', 1, 59000, NULL, NULL, 0, '59000.00', 0, NULL, NULL, 25, 2, 19, 262, 34, 39, NULL, 0, NULL),
(833, '2021-08-09 14:10:50.603906', '2021-08-09 14:10:50.603906', 1, 59000, NULL, NULL, 0, '59000.00', 0, NULL, NULL, 25, 2, 19, 262, 33, 39, NULL, 0, NULL),
(834, '2021-08-09 14:10:50.588306', '2021-08-09 14:10:50.588306', 1, 4500, NULL, NULL, 0, '4500.00', 0, NULL, NULL, 25, 2, 19, 262, 101, 39, NULL, 0, NULL),
(835, '2021-08-09 14:10:50.603906', '2021-08-09 14:10:50.603906', 1, 5900, NULL, NULL, 0, '5900.00', 0, NULL, NULL, 25, 2, 19, 262, 93, 39, NULL, 0, NULL),
(836, '2021-08-09 14:10:50.806707', '2021-08-09 14:10:50.806707', 5, 44500, NULL, NULL, 0, '44500.00', 0, NULL, NULL, 25, 2, 19, 262, 98, 39, NULL, 0, NULL),
(837, '2021-08-09 14:10:50.853507', '2021-08-09 14:10:50.853507', 6, 18000, NULL, NULL, 0, '18000.00', 0, NULL, NULL, 25, 2, 19, 262, 84, 39, NULL, 0, NULL),
(838, '2021-08-09 14:10:50.962707', '2021-08-09 14:10:50.962707', 3, 9000, NULL, NULL, 0, '9000.00', 0, NULL, NULL, 25, 2, 19, 262, 86, 39, NULL, 0, NULL),
(839, '2021-08-09 14:10:50.962707', '2021-08-09 14:10:50.962707', 9, 27000, NULL, NULL, 0, '27000.00', 0, NULL, NULL, 25, 2, 19, 262, 85, 39, NULL, 0, NULL),
(840, '2021-08-09 14:10:50.993907', '2021-08-09 14:10:50.993907', 1, 2000, NULL, NULL, 0, '2000.00', 0, NULL, NULL, 25, 2, 19, 262, 235, 39, NULL, 0, NULL),
(841, '2021-08-09 14:10:51.040707', '2021-08-09 14:10:51.040707', 7, 13300, NULL, NULL, 0, '13300.00', 0, NULL, NULL, 25, 2, 19, 262, 81, 39, NULL, 0, NULL),
(842, '2021-08-09 14:12:04.844437', '2021-08-09 14:12:04.844437', 1, 6900, NULL, NULL, 0, '6900.00', 0, NULL, NULL, 25, 2, 19, 262, 227, 39, NULL, 0, NULL),
(843, '2021-08-10 06:49:33.131377', '2021-08-10 06:49:33.131377', 1, 10900, NULL, NULL, 0, '10900.00', 0, NULL, NULL, 22, 8, 19, 263, 72, 41, NULL, 0, NULL),
(844, '2021-08-10 06:49:33.131377', '2021-08-10 06:49:33.131377', 1, 3000, NULL, NULL, 0, '3000.00', 0, NULL, NULL, 22, 8, 19, 263, 86, 41, NULL, 0, NULL),
(845, '2021-08-10 06:51:12.955953', '2021-08-10 06:51:12.955953', 1, 29000, NULL, NULL, 0, '29000.00', 0, NULL, NULL, 25, 8, 19, 264, 43, 41, NULL, 0, NULL),
(846, '2021-08-10 06:51:12.971553', '2021-08-10 06:51:12.971553', 1, 1900, NULL, NULL, 0, '1900.00', 0, NULL, NULL, 25, 8, 19, 264, 81, 41, NULL, 0, NULL),
(847, '2021-08-10 07:08:21.570563', '2021-08-10 07:08:21.570563', 1, 49000, NULL, NULL, 0, '49000.00', 0, NULL, NULL, 29, 8, 19, 265, 30, 41, NULL, 0, NULL),
(848, '2021-08-10 07:08:21.601763', '2021-08-10 07:08:21.601763', 2, 4000, NULL, NULL, 0, '4000.00', 0, NULL, NULL, 29, 8, 19, 265, 235, 41, NULL, 0, NULL),
(849, '2021-08-10 07:08:21.632963', '2021-08-10 07:08:21.632963', 1, 2000, NULL, NULL, 0, '2000.00', 0, NULL, NULL, 29, 8, 19, 265, 236, 41, NULL, 0, NULL),
(850, '2021-08-10 07:39:29.384844', '2021-08-10 07:39:29.384844', 1, 29000, NULL, NULL, 0, '29000.00', 0, NULL, NULL, 22, 8, 19, 266, 41, 41, NULL, 0, NULL),
(851, '2021-08-10 07:39:29.400444', '2021-08-10 07:39:29.400444', 1, 13900, NULL, NULL, 0, '13900.00', 0, NULL, NULL, 22, 8, 19, 266, 44, 41, NULL, 0, NULL),
(852, '2021-08-10 07:39:29.447245', '2021-08-10 07:39:29.447245', 1, 5900, NULL, NULL, 0, '5900.00', 0, NULL, NULL, 22, 8, 19, 266, 53, 41, NULL, 0, NULL),
(853, '2021-08-10 07:39:29.462845', '2021-08-10 07:39:29.462845', 1, 8900, NULL, NULL, 0, '8900.00', 0, NULL, NULL, 22, 8, 19, 266, 54, 41, NULL, 0, NULL),
(854, '2021-08-10 07:39:29.478445', '2021-08-10 07:39:29.478445', 1, 39000, NULL, NULL, 0, '39000.00', 0, NULL, NULL, 22, 8, 19, 266, 42, 41, NULL, 0, NULL),
(855, '2021-08-10 07:39:29.509645', '2021-08-10 07:39:29.509645', 1, 15900, NULL, NULL, 0, '15900.00', 0, NULL, NULL, 22, 8, 19, 266, 74, 41, NULL, 0, NULL),
(856, '2021-08-10 07:39:29.696845', '2021-08-10 07:39:29.696845', 6, 18000, NULL, NULL, 0, '18000.00', 0, NULL, NULL, 22, 8, 19, 266, 86, 41, NULL, 0, NULL),
(857, '2021-08-10 07:39:29.696845', '2021-08-10 07:39:29.696845', 2, 3800, NULL, NULL, 0, '3800.00', 0, NULL, NULL, 22, 8, 19, 266, 80, 41, NULL, 0, NULL),
(858, '2021-08-10 07:39:29.712445', '2021-08-10 07:39:29.712445', 4, 8000, NULL, NULL, 0, '8000.00', 0, NULL, NULL, 22, 8, 19, 266, 235, 41, NULL, 0, NULL),
(859, '2021-08-10 07:40:42.658173', '2021-08-10 07:40:42.658173', 1, 12900, NULL, NULL, 0, '12900.00', 0, NULL, NULL, 20, 8, 19, 267, 47, 41, NULL, 0, NULL),
(860, '2021-08-10 07:40:42.658173', '2021-08-10 07:40:42.658173', 1, 15900, NULL, NULL, 0, '15900.00', 0, NULL, NULL, 20, 8, 19, 267, 74, 41, NULL, 0, NULL),
(861, '2021-08-10 07:40:42.658173', '2021-08-10 07:40:42.658173', 1, 8900, NULL, NULL, 0, '8900.00', 0, NULL, NULL, 20, 8, 19, 267, 63, 41, NULL, 0, NULL),
(862, '2021-08-10 07:40:42.689373', '2021-08-10 07:40:42.689373', 2, 17800, NULL, NULL, 0, '17800.00', 0, NULL, NULL, 20, 8, 19, 267, 100, 41, NULL, 0, NULL),
(863, '2021-08-10 07:43:48.314099', '2021-08-10 07:43:48.314099', 1, 1000, NULL, NULL, 0, '1000.00', 0, NULL, NULL, 22, 8, 19, 266, 233, 41, NULL, 0, NULL),
(864, '2021-08-10 07:43:48.314099', '2021-08-10 07:43:48.314099', 1, 2000, NULL, NULL, 0, '2000.00', 0, NULL, NULL, 22, 8, 19, 266, 235, 41, NULL, 0, NULL),
(865, '2021-08-10 07:53:22.505308', '2021-08-10 07:53:22.505308', 1, 2000, NULL, NULL, 0, '2000.00', 0, NULL, NULL, 22, 8, 19, 268, 235, 41, NULL, 0, NULL),
(866, '2021-08-10 07:53:22.505308', '2021-08-10 07:53:22.505308', 1, 29000, NULL, NULL, 0, '29000.00', 0, NULL, NULL, 22, 8, 19, 268, 41, 41, NULL, 0, NULL),
(867, '2021-08-10 07:54:41.035846', '2021-08-10 07:54:41.035846', 1, 29000, NULL, NULL, 0, '29000.00', 0, NULL, NULL, 23, 8, 19, 269, 43, 41, NULL, 0, NULL),
(868, '2021-08-10 07:55:25.386724', '2021-08-10 07:55:25.386724', 1, 2900, NULL, NULL, 0, '2900.00', 0, NULL, NULL, 23, 8, 19, 270, 91, 41, NULL, 0, NULL),
(869, '2021-08-10 07:55:25.402324', '2021-08-10 07:55:25.402324', 1, 12900, NULL, NULL, 0, '12900.00', 0, NULL, NULL, 23, 8, 19, 270, 73, 41, NULL, 0, NULL),
(870, '2021-08-10 07:55:25.386724', '2021-08-10 07:55:25.386724', 1, 22900, NULL, NULL, 0, '22900.00', 0, NULL, NULL, 23, 8, 19, 270, 69, 41, NULL, 0, NULL),
(871, '2021-08-10 07:56:10.408403', '2021-08-10 07:56:10.408403', 1, 16900, NULL, NULL, 0, '16900.00', 0, NULL, NULL, 25, 8, 19, 271, 64, 41, NULL, 0, NULL),
(872, '2021-08-10 07:56:10.424003', '2021-08-10 07:56:10.424003', 1, 8900, NULL, NULL, 0, '8900.00', 0, NULL, NULL, 25, 8, 19, 271, 63, 41, NULL, 0, NULL),
(873, '2021-08-10 07:56:10.455203', '2021-08-10 07:56:10.455203', 1, 2900, NULL, NULL, 0, '2900.00', 0, NULL, NULL, 25, 8, 19, 271, 91, 41, NULL, 0, NULL),
(874, '2021-08-10 07:57:10.406108', '2021-08-10 07:57:10.406108', 1, 49000, NULL, NULL, 0, '49000.00', 0, NULL, NULL, 24, 8, 19, 272, 32, 41, NULL, 0, NULL),
(875, '2021-08-10 07:57:10.452908', '2021-08-10 07:57:10.452908', 1, 2000, NULL, NULL, 0, '2000.00', 0, NULL, NULL, 24, 8, 19, 272, 235, 41, NULL, 0, NULL),
(876, '2021-08-10 07:57:10.468508', '2021-08-10 07:57:10.468508', 3, 5700, NULL, NULL, 0, '5700.00', 0, NULL, NULL, 24, 8, 19, 272, 80, 41, NULL, 0, NULL),
(877, '2021-08-10 07:57:10.468508', '2021-08-10 07:57:10.468508', 1, 59000, NULL, NULL, 0, '59000.00', 0, NULL, NULL, 24, 8, 19, 272, 40, 41, NULL, 0, NULL),
(878, '2021-08-10 08:37:24.826565', '2021-08-10 08:37:24.826565', 1, 6900, NULL, NULL, 0, '6900.00', 0, NULL, NULL, 24, 8, 19, 273, 227, 41, NULL, 0, NULL),
(879, '2021-08-10 08:37:24.826565', '2021-08-10 08:37:24.826565', 1, 20900, NULL, NULL, 0, '20900.00', 0, NULL, NULL, 24, 8, 19, 273, 192, 41, NULL, 0, NULL),
(880, '2021-08-10 08:37:24.873365', '2021-08-10 08:37:24.873365', 1, 49000, NULL, NULL, 0, '49000.00', 0, NULL, NULL, 24, 8, 19, 273, 39, 41, NULL, 0, NULL),
(881, '2021-08-10 13:50:48.194203', '2021-08-10 13:50:48.194203', 1, 3900, NULL, NULL, 0, '3900.00', 0, NULL, NULL, 25, 2, 19, 274, 241, 41, NULL, 0, NULL),
(882, '2021-08-10 13:50:48.209803', '2021-08-10 13:50:48.209803', 5, 34500, NULL, NULL, 0, '34500.00', 0, NULL, NULL, 25, 2, 19, 274, 103, 41, NULL, 0, NULL),
(883, '2021-08-10 13:50:48.209803', '2021-08-10 13:50:48.209803', 1, 15900, NULL, NULL, 0, '15900.00', 0, NULL, NULL, 25, 2, 19, 274, 74, 41, NULL, 0, NULL),
(884, '2021-08-10 13:50:48.194203', '2021-08-10 13:50:48.194203', 1, 12900, NULL, NULL, 0, '12900.00', 0, NULL, NULL, 25, 2, 19, 274, 47, 41, NULL, 0, NULL),
(885, '2021-08-10 13:50:48.225403', '2021-08-10 13:50:48.225403', 1, 49000, NULL, NULL, 0, '49000.00', 0, NULL, NULL, 25, 2, 19, 274, 39, 41, NULL, 0, NULL),
(886, '2021-08-10 14:08:50.375559', '2021-08-10 14:08:50.375559', 2, 6000, NULL, NULL, 0, '6000.00', 0, NULL, NULL, 24, 2, 19, 275, 87, 41, NULL, 0, NULL),
(887, '2021-08-10 14:08:50.502566', '2021-08-10 14:08:50.502566', 1, 59000, NULL, NULL, 0, '59000.00', 0, NULL, NULL, 24, 2, 19, 275, 40, 41, NULL, 0, NULL),
(888, '2021-08-10 14:08:50.520567', '2021-08-10 14:08:50.520567', 1, 59000, NULL, NULL, 0, '59000.00', 0, NULL, NULL, 24, 2, 19, 275, 31, 41, NULL, 0, NULL),
(889, '2021-08-10 14:08:50.589571', '2021-08-10 14:08:50.589571', 2, 6000, NULL, NULL, 0, '6000.00', 0, NULL, NULL, 24, 2, 19, 275, 85, 41, NULL, 0, NULL),
(890, '2021-08-10 14:08:50.623573', '2021-08-10 14:08:50.623573', 2, 3800, NULL, NULL, 0, '3800.00', 0, NULL, NULL, 24, 2, 19, 275, 80, 41, NULL, 0, NULL),
(891, '2021-08-10 14:14:14.077073', '2021-08-10 14:14:14.078073', 1, 12900, NULL, NULL, 0, '12900.00', 0, NULL, NULL, 22, 2, 19, 276, 217, 41, NULL, 0, NULL),
(892, '2021-08-10 14:14:14.099075', '2021-08-10 14:14:14.099075', 4, 12000, NULL, NULL, 0, '12000.00', 0, NULL, NULL, 22, 2, 19, 276, 84, 41, NULL, 0, NULL),
(893, '2021-08-10 14:14:14.104075', '2021-08-10 14:14:14.104075', 1, 49000, NULL, NULL, 0, '49000.00', 0, NULL, NULL, 22, 2, 19, 276, 38, 41, NULL, 0, NULL),
(894, '2021-08-10 14:14:14.144077', '2021-08-10 14:14:14.144077', 1, 1900, NULL, NULL, 0, '1900.00', 0, NULL, NULL, 22, 2, 19, 276, 81, 41, NULL, 0, NULL),
(895, '2021-08-10 14:14:14.185080', '2021-08-10 14:14:14.186080', 1, 12900, NULL, NULL, 0, '12900.00', 0, NULL, NULL, 22, 2, 19, 276, 221, 41, NULL, 0, NULL),
(896, '2021-08-10 14:14:14.193080', '2021-08-10 14:14:14.193080', 5, 9500, NULL, NULL, 0, '9500.00', 0, NULL, NULL, 22, 2, 19, 276, 80, 41, NULL, 0, NULL),
(897, '2021-08-10 14:14:14.559101', '2021-08-10 14:14:14.559101', 1, 4500, NULL, NULL, 0, '4500.00', 0, NULL, NULL, 22, 2, 19, 276, 101, 41, NULL, 0, NULL),
(898, '2021-08-10 14:14:14.565101', '2021-08-10 14:14:14.565101', 1, 5900, NULL, NULL, 0, '5900.00', 0, NULL, NULL, 22, 2, 19, 276, 52, 41, NULL, 0, NULL),
(899, '2021-08-10 14:15:20.437869', '2021-08-10 14:15:20.437869', 1, 12900, NULL, NULL, 0, '12900.00', 0, NULL, NULL, 22, 2, 19, 276, 220, 41, NULL, 0, NULL),
(900, '2021-08-10 14:18:13.479766', '2021-08-10 14:18:13.479766', 1, 49000, NULL, NULL, 0, '49000.00', 0, NULL, NULL, 11, 2, 19, 277, 32, 41, NULL, 0, NULL),
(901, '2021-08-10 14:19:16.310360', '2021-08-10 14:19:16.311360', 1, 2900, NULL, NULL, 0, '2900.00', 0, NULL, NULL, 21, 2, 19, 278, 91, 41, NULL, 0, NULL),
(902, '2021-08-10 14:19:16.315360', '2021-08-10 14:19:16.315360', 1, 16900, NULL, NULL, 0, '16900.00', 0, NULL, NULL, 21, 2, 19, 278, 77, 41, NULL, 0, NULL),
(903, '2021-08-10 14:21:10.168873', '2021-08-10 14:21:10.168873', 3, 9000, NULL, NULL, 0, '9000.00', 0, NULL, NULL, 23, 2, 19, 279, 84, 41, NULL, 0, NULL),
(904, '2021-08-10 14:21:10.177873', '2021-08-10 14:21:10.177873', 1, 49000, NULL, NULL, 0, '49000.00', 0, NULL, NULL, 23, 2, 19, 279, 108, 41, NULL, 0, NULL),
(905, '2021-08-10 14:21:10.205875', '2021-08-10 14:21:10.205875', 1, 22900, NULL, NULL, 0, '22900.00', 0, NULL, NULL, 23, 2, 19, 279, 69, 41, NULL, 0, NULL),
(906, '2021-08-10 14:21:32.605156', '2021-08-10 14:21:32.605156', 4, 8000, NULL, NULL, 0, '8000.00', 0, NULL, NULL, 23, 2, 19, 279, 235, 41, NULL, 0, NULL),
(907, '2021-08-10 14:22:26.915262', '2021-08-10 14:22:26.915262', 6, 41400, NULL, NULL, 0, '41400.00', 0, NULL, NULL, 8, 2, 19, 280, 103, 41, NULL, 0, NULL),
(908, '2021-08-10 14:23:38.667366', '2021-08-10 14:23:38.667366', 2, 13800, NULL, NULL, 0, '13800.00', 0, NULL, NULL, 26, 2, 19, 281, 103, 41, NULL, 0, NULL),
(909, '2021-08-10 14:23:38.673367', '2021-08-10 14:23:38.674367', 1, 20900, NULL, NULL, 0, '20900.00', 0, NULL, NULL, 26, 2, 19, 281, 192, 41, NULL, 0, NULL),
(910, '2021-08-10 14:36:08.341902', '2021-08-10 14:36:08.341902', 1, 49000, NULL, NULL, 0, '49000.00', 0, NULL, NULL, 25, 2, 19, 282, 39, 41, NULL, 0, NULL),
(911, '2021-08-10 14:36:08.355902', '2021-08-10 14:36:08.355902', 2, 9000, NULL, NULL, 0, '9000.00', 0, NULL, NULL, 25, 2, 19, 282, 101, 41, NULL, 0, NULL),
(912, '2021-08-10 14:36:08.369903', '2021-08-10 14:36:08.369903', 1, 3000, NULL, NULL, 0, '3000.00', 0, NULL, NULL, 25, 2, 19, 282, 86, 41, NULL, 0, NULL),
(913, '2021-08-10 14:36:43.322809', '2021-08-10 14:36:43.322809', 1, 49000, NULL, NULL, 0, '49000.00', 0, NULL, NULL, 24, 2, 19, 283, 39, 41, NULL, 0, NULL),
(914, '2021-08-10 14:36:43.329809', '2021-08-10 14:36:43.329809', 1, 3000, NULL, NULL, 0, '3000.00', 0, NULL, NULL, 24, 2, 19, 283, 84, 41, NULL, 0, NULL),
(915, '2021-08-10 14:36:43.354811', '2021-08-10 14:36:43.354811', 2, 9000, NULL, NULL, 0, '9000.00', 0, NULL, NULL, 24, 2, 19, 283, 101, 41, NULL, 0, NULL),
(916, '2021-08-10 14:37:23.458393', '2021-08-10 14:37:23.458393', 1, 29000, NULL, NULL, 0, '29000.00', 0, NULL, NULL, 24, 2, 19, 284, 43, 41, NULL, 0, NULL),
(917, '2021-08-10 14:37:23.473993', '2021-08-10 14:37:23.473993', 1, 26900, NULL, NULL, 0, '26900.00', 0, NULL, NULL, 24, 2, 19, 284, 51, 41, NULL, 0, NULL),
(918, '2021-08-10 14:37:59.326163', '2021-08-10 14:37:59.326163', 1, 12900, NULL, NULL, 0, '12900.00', 0, NULL, NULL, 25, 2, 19, 285, 220, 41, NULL, 0, NULL),
(919, '2021-08-10 14:37:59.337164', '2021-08-10 14:37:59.337164', 1, 7900, NULL, NULL, 0, '7900.00', 0, NULL, NULL, 25, 2, 19, 285, 95, 41, NULL, 0, NULL),
(920, '2021-08-10 14:39:05.617962', '2021-08-10 14:39:05.617962', 1, 7900, NULL, NULL, 0, '7900.00', 0, NULL, NULL, 27, 2, 19, 286, 59, 41, NULL, 0, NULL),
(921, '2021-08-10 14:39:05.632963', '2021-08-10 14:39:05.632963', 1, 8900, NULL, NULL, 0, '8900.00', 0, NULL, NULL, 27, 2, 19, 286, 63, 41, NULL, 0, NULL),
(922, '2021-08-10 14:39:05.634963', '2021-08-10 14:39:05.634963', 1, 2900, NULL, NULL, 0, '2900.00', 0, NULL, NULL, 27, 2, 19, 286, 90, 41, NULL, 0, NULL),
(923, '2021-08-10 14:40:24.175690', '2021-08-10 14:40:24.175690', 7, 31500, NULL, NULL, 0, '31500.00', 0, NULL, NULL, 23, 2, 19, 287, 101, 41, NULL, 0, NULL),
(924, '2021-08-10 14:40:24.191290', '2021-08-10 14:40:24.191290', 1, 20900, NULL, NULL, 0, '20900.00', 0, NULL, NULL, 23, 2, 19, 287, 192, 41, NULL, 0, NULL),
(925, '2021-08-10 14:40:24.206890', '2021-08-10 14:40:24.206890', 1, 6900, NULL, NULL, 0, '6900.00', 0, NULL, NULL, 23, 2, 19, 287, 103, 41, NULL, 0, NULL),
(926, '2021-08-10 14:40:24.206890', '2021-08-10 14:40:24.206890', 1, 4900, NULL, NULL, 0, '4900.00', 0, NULL, NULL, 23, 2, 19, 287, 79, 41, NULL, 0, NULL),
(927, '2021-08-10 14:41:46.801028', '2021-08-10 14:41:46.801028', 1, 13900, NULL, NULL, 0, '13900.00', 0, NULL, NULL, 20, 2, 19, 288, 205, 41, NULL, 0, NULL),
(928, '2021-08-10 14:41:46.812029', '2021-08-10 14:41:46.812029', 1, 12900, NULL, NULL, 0, '12900.00', 0, NULL, NULL, 20, 2, 19, 288, 220, 41, NULL, 0, NULL),
(929, '2021-08-10 14:41:46.830030', '2021-08-10 14:41:46.830030', 1, 15900, NULL, NULL, 0, '15900.00', 0, NULL, NULL, 20, 2, 19, 288, 202, 41, NULL, 0, NULL),
(930, '2021-08-10 14:41:46.838031', '2021-08-10 14:41:46.838031', 1, 12900, NULL, NULL, 0, '12900.00', 0, NULL, NULL, 20, 2, 19, 288, 221, 41, NULL, 0, NULL),
(931, '2021-08-10 14:41:46.843031', '2021-08-10 14:41:46.843031', 1, 12900, NULL, NULL, 0, '12900.00', 0, NULL, NULL, 20, 2, 19, 288, 217, 41, NULL, 0, NULL),
(932, '2021-08-10 14:41:46.849031', '2021-08-10 14:41:46.849031', 1, 16900, NULL, NULL, 0, '16900.00', 0, NULL, NULL, 20, 2, 19, 288, 201, 41, NULL, 0, NULL),
(933, '2021-08-10 14:41:47.969095', '2021-08-10 14:41:47.970095', 1, 2900, NULL, NULL, 0, '2900.00', 0, NULL, NULL, 20, 2, 19, 288, 91, 41, NULL, 0, NULL),
(934, '2021-08-10 14:41:47.971095', '2021-08-10 14:41:47.971095', 1, 59000, NULL, NULL, 0, '59000.00', 0, NULL, NULL, 20, 2, 19, 288, 34, 41, NULL, 0, NULL),
(935, '2021-08-10 14:43:10.225613', '2021-08-10 14:43:10.225613', 2, 17800, NULL, NULL, 0, '17800.00', 0, NULL, NULL, 27, 2, 19, 289, 150, 41, NULL, 0, NULL),
(936, '2021-08-10 14:43:10.229614', '2021-08-10 14:43:10.229614', 1, 3000, NULL, NULL, 0, '3000.00', 0, NULL, NULL, 27, 2, 19, 289, 84, 41, NULL, 0, NULL),
(937, '2021-08-10 14:46:30.390774', '2021-08-10 14:46:30.390774', 1, 12900, NULL, NULL, 0, '12900.00', 0, NULL, NULL, 21, 2, 19, 290, 221, 41, NULL, 0, NULL),
(938, '2021-08-10 14:46:30.390774', '2021-08-10 14:46:30.390774', 2, 13800, NULL, NULL, 0, '13800.00', 0, NULL, NULL, 21, 2, 19, 290, 82, 41, NULL, 0, NULL),
(939, '2021-08-10 14:46:30.406374', '2021-08-10 14:46:30.406374', 3, 38700, NULL, NULL, 0, '38700.00', 0, NULL, NULL, 21, 2, 19, 290, 220, 41, NULL, 0, NULL),
(940, '2021-08-10 14:46:30.406374', '2021-08-10 14:46:30.406374', 1, 4900, NULL, NULL, 0, '4900.00', 0, NULL, NULL, 21, 2, 19, 290, 79, 41, NULL, 0, NULL),
(941, '2021-08-10 14:46:30.406374', '2021-08-10 14:46:30.406374', 1, 12900, NULL, NULL, 0, '12900.00', 0, NULL, NULL, 21, 2, 19, 290, 217, 41, NULL, 0, NULL),
(942, '2021-08-10 14:47:02.885631', '2021-08-10 14:47:02.885631', 1, 12900, NULL, NULL, 0, '12900.00', 0, NULL, NULL, 21, 2, 19, 290, 220, 41, NULL, 0, NULL),
(943, '2021-08-10 14:48:13.645053', '2021-08-10 14:48:13.645053', 1, 13900, NULL, NULL, 0, '13900.00', 0, NULL, NULL, 22, 2, 19, 291, 205, 41, NULL, 0, NULL),
(944, '2021-08-10 14:48:13.647053', '2021-08-10 14:48:13.647053', 1, 16900, NULL, NULL, 0, '16900.00', 0, NULL, NULL, 22, 2, 19, 291, 64, 41, NULL, 0, NULL),
(945, '2021-08-10 14:48:13.650053', '2021-08-10 14:48:13.650053', 1, 4900, NULL, NULL, 0, '4900.00', 0, NULL, NULL, 22, 2, 19, 291, 79, 41, NULL, 0, NULL),
(946, '2021-08-10 14:48:13.656054', '2021-08-10 14:48:13.656054', 2, 25800, NULL, NULL, 0, '25800.00', 0, NULL, NULL, 22, 2, 19, 291, 218, 41, NULL, 0, NULL),
(947, '2021-08-10 14:48:13.658054', '2021-08-10 14:48:13.658054', 1, 9900, NULL, NULL, 0, '9900.00', 0, NULL, NULL, 22, 2, 19, 291, 204, 41, NULL, 0, NULL),
(948, '2021-08-10 14:48:45.737306', '2021-08-10 14:48:45.737306', 1, 9900, NULL, NULL, 0, '9900.00', 0, NULL, NULL, 22, 2, 19, 291, 204, 41, NULL, 0, NULL),
(949, '2021-08-10 14:50:46.149035', '2021-08-10 14:50:46.149035', 1, 169000, NULL, NULL, 0, '169000.00', 0, NULL, NULL, 33, 2, 19, 292, 133, 41, NULL, 0, NULL),
(950, '2021-08-10 14:50:46.164635', '2021-08-10 14:50:46.164635', 5, 15000, NULL, NULL, 0, '15000.00', 0, NULL, NULL, 33, 2, 19, 292, 84, 41, NULL, 0, NULL),
(951, '2021-08-10 14:50:46.164635', '2021-08-10 14:50:46.164635', 1, 59000, NULL, NULL, 0, '59000.00', 0, NULL, NULL, 33, 2, 19, 292, 33, 41, NULL, 0, NULL),
(952, '2021-08-10 14:50:46.164635', '2021-08-10 14:50:46.164635', 1, 59000, NULL, NULL, 0, '59000.00', 0, NULL, NULL, 33, 2, 19, 292, 31, 41, NULL, 0, NULL),
(953, '2021-08-10 14:50:46.164635', '2021-08-10 14:50:46.164635', 25, 112500, NULL, NULL, 0, '112500.00', 0, NULL, NULL, 33, 2, 19, 292, 101, 41, NULL, 0, NULL),
(954, '2021-08-10 14:50:46.164635', '2021-08-10 14:50:46.164635', 5, 15000, NULL, NULL, 0, '15000.00', 0, NULL, NULL, 33, 2, 19, 292, 87, 41, NULL, 0, NULL),
(955, '2021-08-10 14:50:46.741836', '2021-08-10 14:50:46.741836', 1, 2900, NULL, NULL, 0, '2900.00', 0, NULL, NULL, 33, 2, 19, 292, 90, 41, NULL, 0, NULL),
(956, '2021-08-10 14:50:46.773036', '2021-08-10 14:50:46.773036', 1, 2900, NULL, NULL, 0, '2900.00', 0, NULL, NULL, 33, 2, 19, 292, 91, 41, NULL, 0, NULL),
(957, '2021-08-10 14:57:28.229007', '2021-08-10 14:57:28.229007', 1, 3000, NULL, NULL, 0, '3000.00', 0, NULL, NULL, 29, 2, 19, 293, 86, 41, NULL, 0, NULL),
(958, '2021-08-10 14:57:28.244607', '2021-08-10 14:57:28.244607', 1, 22900, NULL, NULL, 0, '22900.00', 0, NULL, NULL, 29, 2, 19, 293, 67, 41, NULL, 0, NULL),
(959, '2021-08-10 14:57:28.307007', '2021-08-10 14:57:28.322607', 1, 2000, NULL, NULL, 0, '2000.00', 0, NULL, NULL, 29, 2, 19, 293, 235, 41, NULL, 0, NULL),
(960, '2021-08-10 14:58:16.125329', '2021-08-10 14:58:16.125329', 1, 3000, NULL, NULL, 0, '3000.00', 0, NULL, NULL, 29, 2, 19, 294, 86, 41, NULL, 0, NULL),
(961, '2021-08-10 14:59:36.344802', '2021-08-10 14:59:36.344802', 1, 1900, NULL, NULL, 0, '1900.00', 0, NULL, NULL, 29, 2, 19, 295, 80, 41, NULL, 0, NULL),
(962, '2021-08-10 14:59:36.352803', '2021-08-10 14:59:36.352803', 1, 29000, NULL, NULL, 0, '29000.00', 0, NULL, NULL, 29, 2, 19, 295, 41, 41, NULL, 0, NULL),
(963, '2021-08-11 14:28:01.497954', '2021-08-11 14:28:01.497954', 1, 15900, NULL, NULL, 0, '15900.00', 0, NULL, NULL, 21, 8, 19, 296, 75, 42, NULL, 0, NULL),
(964, '2021-08-11 14:28:01.497954', '2021-08-11 14:28:01.497954', 2, 2000, NULL, NULL, 0, '2000.00', 0, NULL, NULL, 21, 8, 19, 296, 233, 42, NULL, 0, NULL),
(965, '2021-08-11 14:30:46.154536', '2021-08-11 14:30:46.154536', 1, 49000, NULL, NULL, 0, '49000.00', 0, NULL, NULL, 20, 8, 19, 297, 39, 42, NULL, 0, NULL),
(966, '2021-08-11 14:30:46.154536', '2021-08-11 14:30:46.154536', 2, 9800, NULL, NULL, 0, '9800.00', 0, NULL, NULL, 20, 8, 19, 297, 109, 42, NULL, 0, NULL),
(967, '2021-08-11 14:30:46.154536', '2021-08-11 14:30:46.154536', 5, 15000, NULL, NULL, 0, '15000.00', 0, NULL, NULL, 20, 8, 19, 297, 87, 42, NULL, 0, NULL),
(968, '2021-08-11 14:30:46.185736', '2021-08-11 14:30:46.185736', 1, 1900, NULL, NULL, 0, '1900.00', 0, NULL, NULL, 20, 8, 19, 297, 80, 42, NULL, 0, NULL),
(969, '2021-08-11 14:30:46.201336', '2021-08-11 14:30:46.201336', 7, 48300, NULL, NULL, 0, '48300.00', 0, NULL, NULL, 20, 8, 19, 297, 104, 42, NULL, 0, NULL),
(970, '2021-08-11 14:30:46.201336', '2021-08-11 14:30:46.201336', 4, 12000, NULL, NULL, 0, '12000.00', 0, NULL, NULL, 20, 8, 19, 297, 84, 42, NULL, 0, NULL),
(971, '2021-08-12 04:14:34.743559', '2021-08-12 04:14:34.743559', 1, 6900, NULL, NULL, 0, '6900.00', 0, NULL, NULL, 20, 2, 19, 297, 104, 42, NULL, 0, NULL),
(972, '2021-08-12 04:27:17.743728', '2021-08-12 04:27:17.743728', 1, 10900, NULL, NULL, 0, '10900.00', 0, NULL, NULL, 21, 2, 19, 298, 72, 42, NULL, 0, NULL),
(973, '2021-08-12 04:27:17.774928', '2021-08-12 04:27:17.774928', 1, 1000, NULL, NULL, 0, '1000.00', 0, NULL, NULL, 21, 2, 19, 298, 233, 42, NULL, 0, NULL),
(974, '2021-08-12 04:27:17.806128', '2021-08-12 04:27:17.806128', 1, 1500, NULL, NULL, 0, '1500.00', 0, NULL, NULL, 21, 2, 19, 298, 232, 42, NULL, 0, NULL),
(975, '2021-08-12 04:27:17.837328', '2021-08-12 04:27:17.837328', 1, 2000, NULL, NULL, 0, '2000.00', 0, NULL, NULL, 21, 2, 19, 298, 235, 42, NULL, 0, NULL),
(976, '2021-08-12 04:27:58.241399', '2021-08-12 04:27:58.241399', 1, 5000, NULL, NULL, 0, '5000.00', 0, NULL, NULL, 21, 2, 19, 298, 248, 42, NULL, 0, NULL),
(977, '2021-08-12 04:57:01.282662', '2021-08-12 04:57:01.282662', 8, 71200, NULL, NULL, 0, '71200.00', 0, NULL, NULL, 20, 2, 19, 297, 169, 42, NULL, 0, NULL),
(978, '2021-08-12 04:57:58.940363', '2021-08-12 04:57:58.940363', 7, 62300, NULL, NULL, 0, '62300.00', 0, NULL, NULL, 20, 2, 19, 297, 169, 42, NULL, 0, NULL),
(979, '2021-08-12 04:59:42.950808', '2021-08-12 04:59:42.950808', 2, 20000, NULL, NULL, 0, '20000.00', 0, NULL, NULL, 20, 2, 19, 297, 237, 42, NULL, 0, NULL),
(980, '2021-08-12 05:03:59.468709', '2021-08-12 05:03:59.468709', 1, 4500, NULL, NULL, 0, '4500.00', 0, NULL, NULL, 29, 2, 19, 299, 101, 42, NULL, 0, NULL),
(981, '2021-08-12 07:30:45.590576', '2021-08-12 07:30:45.590576', 1, 2000, NULL, NULL, 0, '2000.00', 0, NULL, NULL, 20, 2, 19, 300, 235, 42, NULL, 0, NULL),
(982, '2021-08-12 07:30:45.606176', '2021-08-12 07:30:45.606176', 3, 9000, NULL, NULL, 0, '9000.00', 0, NULL, NULL, 20, 2, 19, 300, 85, 42, NULL, 0, NULL),
(983, '2021-08-12 07:30:45.637377', '2021-08-12 07:30:45.637377', 1, 5900, NULL, NULL, 0, '5900.00', 0, NULL, NULL, 20, 2, 19, 300, 93, 42, NULL, 0, NULL),
(984, '2021-08-12 07:30:45.637377', '2021-08-12 07:30:45.637377', 1, 3000, NULL, NULL, 0, '3000.00', 0, NULL, NULL, 20, 2, 19, 300, 86, 42, NULL, 0, NULL),
(985, '2021-08-12 07:30:45.637377', '2021-08-12 07:30:45.637377', 1, 1900, NULL, NULL, 0, '1900.00', 0, NULL, NULL, 20, 2, 19, 300, 81, 42, NULL, 0, NULL),
(986, '2021-08-12 07:30:45.684177', '2021-08-12 07:30:45.684177', 1, 59000, NULL, NULL, 0, '59000.00', 0, NULL, NULL, 20, 2, 19, 300, 34, 42, NULL, 0, NULL),
(987, '2021-08-12 08:04:03.662054', '2021-08-12 08:04:03.662054', 7, 48300, NULL, NULL, 0, '48300.00', 0, NULL, NULL, 20, 2, 19, 301, 104, 42, NULL, 0, NULL),
(988, '2021-08-12 08:04:03.677654', '2021-08-12 08:04:03.677654', 2, 9800, NULL, NULL, 0, '9800.00', 0, NULL, NULL, 20, 2, 19, 301, 109, 42, NULL, 0, NULL),
(989, '2021-08-12 08:04:03.677654', '2021-08-12 08:04:03.677654', 1, 49000, NULL, NULL, 0, '49000.00', 0, NULL, NULL, 20, 2, 19, 301, 39, 42, NULL, 0, NULL),
(990, '2021-08-12 08:04:03.693254', '2021-08-12 08:04:03.693254', 5, 15000, NULL, NULL, 0, '15000.00', 0, NULL, NULL, 20, 2, 19, 301, 87, 42, NULL, 0, NULL),
(991, '2021-08-12 08:04:03.708855', '2021-08-12 08:04:03.708855', 1, 1900, NULL, NULL, 0, '1900.00', 0, NULL, NULL, 20, 2, 19, 301, 80, 42, NULL, 0, NULL),
(992, '2021-08-12 08:04:03.724455', '2021-08-12 08:04:03.724455', 4, 12000, NULL, NULL, 0, '12000.00', 0, NULL, NULL, 20, 2, 19, 301, 84, 42, NULL, 0, NULL),
(993, '2021-08-12 08:05:00.621285', '2021-08-12 08:05:00.621285', 7, 41300, NULL, NULL, 0, '41300.00', 0, NULL, NULL, 24, 2, 19, 302, 102, 42, NULL, 0, NULL),
(994, '2021-08-12 08:08:52.416543', '2021-08-12 08:08:52.416543', 3, 9000, NULL, NULL, 0, '9000.00', 0, NULL, NULL, 25, 2, 19, 303, 86, 42, NULL, 0, NULL),
(995, '2021-08-12 08:08:52.427544', '2021-08-12 08:08:52.427544', 1, 49000, NULL, NULL, 0, '49000.00', 0, NULL, NULL, 25, 2, 19, 303, 38, 42, NULL, 0, NULL),
(996, '2021-08-12 08:08:52.439545', '2021-08-12 08:08:52.439545', 4, 47600, NULL, NULL, 0, '47600.00', 0, NULL, NULL, 25, 2, 19, 303, 229, 42, NULL, 0, NULL),
(997, '2021-08-12 08:08:52.441545', '2021-08-12 08:08:52.442545', 1, 22900, NULL, NULL, 0, '22900.00', 0, NULL, NULL, 25, 2, 19, 303, 69, 42, NULL, 0, NULL),
(998, '2021-08-12 08:08:52.450545', '2021-08-12 08:08:52.450545', 3, 9000, NULL, NULL, 0, '9000.00', 0, NULL, NULL, 25, 2, 19, 303, 84, 42, NULL, 0, NULL),
(999, '2021-08-12 08:08:52.463546', '2021-08-12 08:08:52.463546', 6, 11400, NULL, NULL, 0, '11400.00', 0, NULL, NULL, 25, 2, 19, 303, 81, 42, NULL, 0, NULL),
(1000, '2021-08-12 08:08:52.863569', '2021-08-12 08:08:52.863569', 16, 126400, NULL, NULL, 0, '126400.00', 0, NULL, NULL, 25, 2, 19, 303, 167, 42, NULL, 0, NULL),
(1001, '2021-08-12 08:08:52.883570', '2021-08-12 08:08:52.884570', 4, 19600, NULL, NULL, 0, '19600.00', 0, NULL, NULL, 25, 2, 19, 303, 109, 42, NULL, 0, NULL),
(1002, '2021-08-12 08:08:53.411600', '2021-08-12 08:08:53.411600', 3, 6000, NULL, NULL, 0, '6000.00', 0, NULL, NULL, 25, 2, 19, 303, 236, 42, NULL, 0, NULL),
(1003, '2021-08-12 08:17:59.181817', '2021-08-12 08:17:59.181817', 5, 22500, NULL, NULL, 0, '22500.00', 0, NULL, NULL, 23, 2, 19, 304, 101, 42, NULL, 0, NULL),
(1004, '2021-08-12 08:20:10.043301', '2021-08-12 08:20:10.043301', 1, 29000, NULL, NULL, 0, '29000.00', 0, NULL, NULL, 23, 2, 19, 305, 41, 42, NULL, 0, NULL),
(1005, '2021-08-12 08:20:10.058302', '2021-08-12 08:20:10.058302', 1, 3000, NULL, NULL, 0, '3000.00', 0, NULL, NULL, 23, 2, 19, 305, 84, 42, NULL, 0, NULL),
(1006, '2021-08-12 08:20:10.063303', '2021-08-12 08:20:10.063303', 10, 45000, NULL, NULL, 0, '45000.00', 0, NULL, NULL, 23, 2, 19, 305, 101, 42, NULL, 0, NULL),
(1007, '2021-08-12 08:20:10.093304', '2021-08-12 08:20:10.093304', 1, 4900, NULL, NULL, 0, '4900.00', 0, NULL, NULL, 23, 2, 19, 305, 79, 42, NULL, 0, NULL),
(1008, '2021-08-12 08:22:16.286522', '2021-08-12 08:22:16.286522', 1, 3000, NULL, NULL, 0, '3000.00', 0, NULL, NULL, 8, 2, 19, 306, 86, 42, NULL, 0, NULL),
(1009, '2021-08-12 08:22:16.289522', '2021-08-12 08:22:16.289522', 4, 12000, NULL, NULL, 0, '12000.00', 0, NULL, NULL, 8, 2, 19, 306, 257, 42, NULL, 0, NULL),
(1010, '2021-08-12 08:22:16.291522', '2021-08-12 08:22:16.291522', 1, 249000, NULL, NULL, 0, '249000.00', 0, NULL, NULL, 8, 2, 19, 306, 126, 42, NULL, 0, NULL),
(1011, '2021-08-12 08:22:16.380528', '2021-08-12 08:22:16.380528', 4, 7600, NULL, NULL, 0, '7600.00', 0, NULL, NULL, 8, 2, 19, 306, 81, 42, NULL, 0, NULL),
(1012, '2021-08-12 08:23:19.587143', '2021-08-12 08:23:19.587143', 3, 13500, NULL, NULL, 0, '13500.00', 0, NULL, NULL, 23, 2, 19, 307, 101, 42, NULL, 0, NULL),
(1013, '2021-08-12 08:23:19.674148', '2021-08-12 08:23:19.674148', 1, 28900, NULL, NULL, 0, '28900.00', 0, NULL, NULL, 23, 2, 19, 307, 71, 42, NULL, 0, NULL),
(1014, '2021-08-12 08:23:19.705149', '2021-08-12 08:23:19.705149', 1, 11900, NULL, NULL, 0, '11900.00', 0, NULL, NULL, 23, 2, 19, 307, 229, 42, NULL, 0, NULL),
(1015, '2021-08-12 08:24:10.148035', '2021-08-12 08:24:10.148035', 6, 27000, NULL, NULL, 0, '27000.00', 0, NULL, NULL, 22, 2, 19, 308, 101, 42, NULL, 0, NULL),
(1016, '2021-08-12 08:24:10.189037', '2021-08-12 08:24:10.189037', 1, 29000, NULL, NULL, 0, '29000.00', 0, NULL, NULL, 22, 2, 19, 308, 43, 42, NULL, 0, NULL),
(1017, '2021-08-12 08:25:01.074948', '2021-08-12 08:25:01.074948', 1, 12900, NULL, NULL, 0, '12900.00', 0, NULL, NULL, 21, 2, 19, 309, 206, 42, NULL, 0, NULL),
(1018, '2021-08-12 08:25:01.076948', '2021-08-12 08:25:01.077948', 1, 12900, NULL, NULL, 0, '12900.00', 0, NULL, NULL, 21, 2, 19, 309, 218, 42, NULL, 0, NULL),
(1019, '2021-08-12 08:25:01.100949', '2021-08-12 08:25:01.100949', 1, 20900, NULL, NULL, 0, '20900.00', 0, NULL, NULL, 21, 2, 19, 309, 192, 42, NULL, 0, NULL),
(1020, '2021-08-12 08:25:55.215044', '2021-08-12 08:25:55.215044', 1, 15900, NULL, NULL, 0, '15900.00', 0, NULL, NULL, 29, 2, 19, 310, 75, 42, NULL, 0, NULL),
(1021, '2021-08-12 08:25:55.233045', '2021-08-12 08:25:55.233045', 1, 2000, NULL, NULL, 0, '2000.00', 0, NULL, NULL, 29, 2, 19, 310, 235, 42, NULL, 0, NULL),
(1022, '2021-08-12 08:25:55.249046', '2021-08-12 08:25:55.249046', 1, 8900, NULL, NULL, 0, '8900.00', 0, NULL, NULL, 29, 2, 19, 310, 63, 42, NULL, 0, NULL),
(1023, '2021-08-12 08:27:12.103442', '2021-08-12 08:27:12.103442', 4, 7600, NULL, NULL, 0, '7600.00', 0, NULL, NULL, 30, 2, 19, 311, 80, 42, NULL, 0, NULL),
(1024, '2021-08-12 08:27:12.107442', '2021-08-12 08:27:12.107442', 2, 6000, NULL, NULL, 0, '6000.00', 0, NULL, NULL, 30, 2, 19, 311, 85, 42, NULL, 0, NULL),
(1025, '2021-08-12 08:27:12.111442', '2021-08-12 08:27:12.111442', 1, 49000, NULL, NULL, 0, '49000.00', 0, NULL, NULL, 30, 2, 19, 311, 38, 42, NULL, 0, NULL),
(1026, '2021-08-12 08:27:12.114443', '2021-08-12 08:27:12.114443', 1, 3000, NULL, NULL, 0, '3000.00', 0, NULL, NULL, 30, 2, 19, 311, 86, 42, NULL, 0, NULL),
(1027, '2021-08-12 08:27:12.117443', '2021-08-12 08:27:12.117443', 2, 6000, NULL, NULL, 0, '6000.00', 0, NULL, NULL, 30, 2, 19, 311, 84, 42, NULL, 0, NULL),
(1028, '2021-08-12 08:27:12.122443', '2021-08-12 08:27:12.122443', 1, 2000, NULL, NULL, 0, '2000.00', 0, NULL, NULL, 30, 2, 19, 311, 235, 42, NULL, 0, NULL),
(1029, '2021-08-12 08:27:12.435461', '2021-08-12 08:27:12.435461', 1, 10000, NULL, NULL, 0, '10000.00', 0, NULL, NULL, 30, 2, 19, 311, 237, 42, NULL, 0, NULL),
(1030, '2021-08-12 08:27:12.482464', '2021-08-12 08:27:12.482464', 5, 10000, NULL, NULL, 0, '10000.00', 0, NULL, NULL, 30, 2, 19, 311, 236, 42, NULL, 0, NULL),
(1031, '2021-08-12 08:28:19.437293', '2021-08-12 08:28:19.437293', 1, 12900, NULL, NULL, 0, '12900.00', 0, NULL, NULL, 20, 2, 19, 312, 221, 42, NULL, 0, NULL),
(1032, '2021-08-12 08:28:19.441293', '2021-08-12 08:28:19.441293', 1, 12900, NULL, NULL, 0, '12900.00', 0, NULL, NULL, 20, 2, 19, 312, 218, 42, NULL, 0, NULL),
(1033, '2021-08-12 08:29:14.026416', '2021-08-12 08:29:14.026416', 1, 39000, NULL, NULL, 0, '39000.00', 0, NULL, NULL, 24, 2, 19, 313, 37, 42, NULL, 0, NULL),
(1034, '2021-08-12 08:29:14.032416', '2021-08-12 08:29:14.032416', 1, 1900, NULL, NULL, 0, '1900.00', 0, NULL, NULL, 24, 2, 19, 313, 80, 42, NULL, 0, NULL),
(1035, '2021-08-12 08:29:14.055417', '2021-08-12 08:29:14.055417', 9, 53100, NULL, NULL, 0, '53100.00', 0, NULL, NULL, 24, 2, 19, 313, 102, 42, NULL, 0, NULL),
(1036, '2021-08-12 08:29:14.072418', '2021-08-12 08:29:14.072418', 1, 2900, NULL, NULL, 0, '2900.00', 0, NULL, NULL, 24, 2, 19, 313, 91, 42, NULL, 0, NULL),
(1037, '2021-08-12 08:30:19.917184', '2021-08-12 08:30:19.917184', 1, 8900, NULL, NULL, 0, '8900.00', 0, NULL, NULL, 22, 2, 19, 314, 100, 42, NULL, 0, NULL),
(1038, '2021-08-12 08:30:19.919184', '2021-08-12 08:30:19.919184', 1, 3900, NULL, NULL, 0, '3900.00', 0, NULL, NULL, 22, 2, 19, 314, 241, 42, NULL, 0, NULL),
(1039, '2021-08-12 08:30:19.921184', '2021-08-12 08:30:19.921184', 1, 49000, NULL, NULL, 0, '49000.00', 0, NULL, NULL, 22, 2, 19, 314, 38, 42, NULL, 0, NULL),
(1040, '2021-08-12 08:30:19.958187', '2021-08-12 08:30:19.959187', 1, 4900, NULL, NULL, 0, '4900.00', 0, NULL, NULL, 22, 2, 19, 314, 79, 42, NULL, 0, NULL),
(1041, '2021-08-12 08:30:19.965187', '2021-08-12 08:30:19.965187', 2, 6000, NULL, NULL, 0, '6000.00', 0, NULL, NULL, 22, 2, 19, 314, 84, 42, NULL, 0, NULL),
(1042, '2021-08-12 08:31:23.472819', '2021-08-12 08:31:23.473819', 1, 59000, NULL, NULL, 0, '59000.00', 0, NULL, NULL, 29, 2, 19, 315, 31, 42, NULL, 0, NULL),
(1043, '2021-08-12 08:31:23.566825', '2021-08-12 08:31:23.566825', 1, 2000, NULL, NULL, 0, '2000.00', 0, NULL, NULL, 29, 2, 19, 315, 236, 42, NULL, 0, NULL),
(1044, '2021-08-12 08:31:23.571825', '2021-08-12 08:31:23.571825', 2, 4000, NULL, NULL, 0, '4000.00', 0, NULL, NULL, 29, 2, 19, 315, 235, 42, NULL, 0, NULL),
(1045, '2021-08-12 08:32:29.471594', '2021-08-12 08:32:29.471594', 1, 22900, NULL, NULL, 0, '22900.00', 0, NULL, NULL, 29, 2, 19, 316, 68, 42, NULL, 0, NULL),
(1046, '2021-08-12 08:32:29.492596', '2021-08-12 08:32:29.492596', 1, 39000, NULL, NULL, 0, '39000.00', 0, NULL, NULL, 29, 2, 19, 316, 37, 42, NULL, 0, NULL),
(1047, '2021-08-12 08:33:14.493169', '2021-08-12 08:33:14.493169', 1, 2900, NULL, NULL, 0, '2900.00', 0, NULL, NULL, 20, 2, 19, 317, 91, 42, NULL, 0, NULL),
(1048, '2021-08-12 08:33:14.499170', '2021-08-12 08:33:14.499170', 1, 59000, NULL, NULL, 0, '59000.00', 0, NULL, NULL, 20, 2, 19, 317, 34, 42, NULL, 0, NULL),
(1049, '2021-08-12 08:33:14.502170', '2021-08-12 08:33:14.502170', 3, 9000, NULL, NULL, 0, '9000.00', 0, NULL, NULL, 20, 2, 19, 317, 86, 42, NULL, 0, NULL),
(1050, '2021-08-12 08:33:14.514171', '2021-08-12 08:33:14.514171', 2, 3800, NULL, NULL, 0, '3800.00', 0, NULL, NULL, 20, 2, 19, 317, 80, 42, NULL, 0, NULL),
(1051, '2021-08-12 08:34:11.326420', '2021-08-12 08:34:11.326420', 1, 15900, NULL, NULL, 0, '15900.00', 0, NULL, NULL, 22, 2, 19, 318, 74, 42, NULL, 0, NULL),
(1052, '2021-08-12 08:34:11.430426', '2021-08-12 08:34:11.430426', 2, 6000, NULL, NULL, 0, '6000.00', 0, NULL, NULL, 22, 2, 19, 318, 84, 42, NULL, 0, NULL),
(1053, '2021-08-12 08:34:11.464428', '2021-08-12 08:34:11.464428', 1, 39000, NULL, NULL, 0, '39000.00', 0, NULL, NULL, 22, 2, 19, 318, 37, 42, NULL, 0, NULL),
(1054, '2021-08-12 08:34:11.471428', '2021-08-12 08:34:11.471428', 1, 3900, NULL, NULL, 0, '3900.00', 0, NULL, NULL, 22, 2, 19, 318, 242, 42, NULL, 0, NULL),
(1055, '2021-08-12 08:34:58.548121', '2021-08-12 08:34:58.548121', 1, 15900, NULL, NULL, 0, '15900.00', 0, NULL, NULL, 23, 2, 19, 319, 75, 42, NULL, 0, NULL),
(1056, '2021-08-12 08:34:58.570122', '2021-08-12 08:34:58.571122', 1, 5900, NULL, NULL, 0, '5900.00', 0, NULL, NULL, 23, 2, 19, 319, 94, 42, NULL, 0, NULL),
(1057, '2021-08-12 08:34:58.626125', '2021-08-12 08:34:58.626125', 1, 3000, NULL, NULL, 0, '3000.00', 0, NULL, NULL, 23, 2, 19, 319, 84, 42, NULL, 0, NULL),
(1058, '2021-08-12 08:35:50.378086', '2021-08-12 08:35:50.378086', 1, 2000, NULL, NULL, 0, '2000.00', 0, NULL, NULL, 21, 2, 19, 320, 235, 42, NULL, 0, NULL),
(1059, '2021-08-12 08:35:50.375085', '2021-08-12 08:35:50.375085', 1, 29000, NULL, NULL, 0, '29000.00', 0, NULL, NULL, 21, 2, 19, 320, 43, 42, NULL, 0, NULL),
(1060, '2021-08-12 08:35:50.393086', '2021-08-12 08:35:50.393086', 1, 1900, NULL, NULL, 0, '1900.00', 0, NULL, NULL, 21, 2, 19, 320, 81, 42, NULL, 0, NULL),
(1061, '2021-08-12 08:35:50.461090', '2021-08-12 08:35:50.461090', 1, 12900, NULL, NULL, 0, '12900.00', 0, NULL, NULL, 21, 2, 19, 320, 73, 42, NULL, 0, NULL),
(1062, '2021-08-12 08:36:29.316313', '2021-08-12 08:36:29.316313', 1, 8900, NULL, NULL, 0, '8900.00', 0, NULL, NULL, 9, 2, 19, 321, 63, 42, NULL, 0, NULL),
(1063, '2021-08-12 08:37:02.269197', '2021-08-12 08:37:02.270198', 1, 59000, NULL, NULL, 0, '59000.00', 0, NULL, NULL, 24, 2, 19, 322, 34, 42, NULL, 0, NULL),
(1064, '2021-08-12 08:37:02.456208', '2021-08-12 08:37:02.456208', 1, 2900, NULL, NULL, 0, '2900.00', 0, NULL, NULL, 24, 2, 19, 322, 91, 42, NULL, 0, NULL),
(1065, '2021-08-12 08:37:49.887921', '2021-08-12 08:37:49.888921', 1, 1900, NULL, NULL, 0, '1900.00', 0, NULL, NULL, 23, 2, 19, 323, 80, 42, NULL, 0, NULL),
(1066, '2021-08-12 08:37:49.999928', '2021-08-12 08:37:49.999928', 1, 39000, NULL, NULL, 0, '39000.00', 0, NULL, NULL, 23, 2, 19, 323, 42, 42, NULL, 0, NULL),
(1067, '2021-08-12 08:38:42.054905', '2021-08-12 08:38:42.055905', 1, 1900, NULL, NULL, 0, '1900.00', 0, NULL, NULL, 21, 2, 19, 324, 80, 42, NULL, 0, NULL),
(1068, '2021-08-12 08:38:42.071906', '2021-08-12 08:38:42.071906', 1, 49000, NULL, NULL, 0, '49000.00', 0, NULL, NULL, 21, 2, 19, 324, 39, 42, NULL, 0, NULL),
(1069, '2021-08-12 08:39:21.109139', '2021-08-12 08:39:21.109139', 1, 26900, NULL, NULL, 0, '26900.00', 0, NULL, NULL, 25, 2, 19, 325, 51, 42, NULL, 0, NULL),
(1070, '2021-08-12 08:39:21.118139', '2021-08-12 08:39:21.118139', 2, 9000, NULL, NULL, 0, '9000.00', 0, NULL, NULL, 25, 2, 19, 325, 101, 42, NULL, 0, NULL),
(1071, '2021-08-12 08:40:29.191033', '2021-08-12 08:40:29.192033', 1, 3000, NULL, NULL, 0, '3000.00', 0, NULL, NULL, 20, 2, 19, 326, 86, 42, NULL, 0, NULL),
(1072, '2021-08-12 08:40:29.212034', '2021-08-12 08:40:29.212034', 2, 6000, NULL, NULL, 0, '6000.00', 0, NULL, NULL, 20, 2, 19, 326, 85, 42, NULL, 0, NULL),
(1073, '2021-08-12 08:40:29.217034', '2021-08-12 08:40:29.217034', 4, 7600, NULL, NULL, 0, '7600.00', 0, NULL, NULL, 20, 2, 19, 326, 80, 42, NULL, 0, NULL),
(1074, '2021-08-12 08:40:29.245036', '2021-08-12 08:40:29.245036', 1, 59000, NULL, NULL, 0, '59000.00', 0, NULL, NULL, 20, 2, 19, 326, 34, 42, NULL, 0, NULL),
(1075, '2021-08-12 08:40:29.294039', '2021-08-12 08:40:29.294039', 2, 4000, NULL, NULL, 0, '4000.00', 0, NULL, NULL, 20, 2, 19, 326, 235, 42, NULL, 0, NULL),
(1076, '2021-08-12 08:40:29.347042', '2021-08-12 08:40:29.347042', 1, 10900, NULL, NULL, 0, '10900.00', 0, NULL, NULL, 20, 2, 19, 326, 55, 42, NULL, 0, NULL),
(1077, '2021-08-12 08:40:29.501050', '2021-08-12 08:40:29.501050', 1, 1000, NULL, NULL, 0, '1000.00', 0, NULL, NULL, 20, 2, 19, 326, 233, 42, NULL, 0, NULL),
(1078, '2021-08-12 08:41:21.099002', '2021-08-12 08:41:21.099002', 3, 35700, NULL, NULL, 0, '35700.00', 0, NULL, NULL, 22, 2, 19, 327, 134, 42, NULL, 0, NULL),
(1079, '2021-08-12 08:41:21.131004', '2021-08-12 08:41:21.131004', 1, 29000, NULL, NULL, 0, '29000.00', 0, NULL, NULL, 22, 2, 19, 327, 43, 42, NULL, 0, NULL),
(1080, '2021-08-12 08:41:21.140004', '2021-08-12 08:41:21.140004', 1, 1900, NULL, NULL, 0, '1900.00', 0, NULL, NULL, 22, 2, 19, 327, 80, 42, NULL, 0, NULL),
(1081, '2021-08-12 08:41:21.143004', '2021-08-12 08:41:21.143004', 1, 49000, NULL, NULL, 0, '49000.00', 0, NULL, NULL, 22, 2, 19, 327, 39, 42, NULL, 0, NULL),
(1082, '2021-08-12 08:41:57.540086', '2021-08-12 08:41:57.540086', 1, 8900, NULL, NULL, 0, '8900.00', 0, NULL, NULL, 20, 2, 19, 328, 62, 42, NULL, 0, NULL),
(1083, '2021-08-12 08:42:42.045632', '2021-08-12 08:42:42.045632', 1, 3500, NULL, NULL, 0, '3500.00', 0, NULL, NULL, 29, 2, 19, 329, 246, 42, NULL, 0, NULL),
(1084, '2021-08-12 08:42:42.080634', '2021-08-12 08:42:42.080634', 1, 3000, NULL, NULL, 0, '3000.00', 0, NULL, NULL, 29, 2, 19, 329, 86, 42, NULL, 0, NULL),
(1085, '2021-08-12 08:42:42.127636', '2021-08-12 08:42:42.128636', 2, 40000, NULL, NULL, 0, '40000.00', 0, NULL, NULL, 29, 2, 19, 329, 238, 42, NULL, 0, NULL),
(1086, '2021-08-12 08:42:42.130636', '2021-08-12 08:42:42.130636', 1, 1900, NULL, NULL, 0, '1900.00', 0, NULL, NULL, 29, 2, 19, 329, 81, 42, NULL, 0, NULL),
(1087, '2021-08-13 02:20:54.793508', '2021-08-13 02:20:54.793508', 1, 2000, NULL, NULL, 0, '2000.00', 0, NULL, NULL, 29, 2, 19, 330, 236, 43, NULL, 0, NULL);
INSERT INTO `payment_app_order_detial` (`id`, `created_at`, `updated_at`, `quantity`, `discount`, `fr_date`, `to_date`, `discount_rate`, `subtotal`, `is_deleted`, `why_deleted`, `deleted_date`, `client_id`, `created_by_id`, `fr_client_id`, `order_id`, `product_id`, `shift_work_id`, `updated_by_id`, `finished`, `finished_at`) VALUES
(1088, '2021-08-13 02:20:54.809108', '2021-08-13 02:20:54.809108', 1, 12900, NULL, NULL, 0, '12900.00', 0, NULL, NULL, 29, 2, 19, 330, 47, 43, NULL, 0, NULL),
(1089, '2021-08-13 02:20:54.824708', '2021-08-13 02:20:54.824708', 1, 2000, NULL, NULL, 0, '2000.00', 0, NULL, NULL, 29, 2, 19, 330, 235, 43, NULL, 0, NULL),
(1090, '2021-08-13 02:23:19.670962', '2021-08-13 02:23:19.670962', 8, 47200, NULL, NULL, 0, '47200.00', 0, NULL, NULL, 25, 2, 19, 331, 102, 43, NULL, 0, NULL),
(1091, '2021-08-13 02:23:19.670962', '2021-08-13 02:23:19.670962', 1, 10900, NULL, NULL, 0, '10900.00', 0, NULL, NULL, 25, 2, 19, 331, 55, 43, NULL, 0, NULL),
(1092, '2021-08-13 02:27:21.081386', '2021-08-13 02:27:21.081386', 1, 1900, NULL, NULL, 0, '1900.00', 0, NULL, NULL, 22, 2, 19, 332, 80, 43, NULL, 0, NULL),
(1093, '2021-08-13 02:27:21.112586', '2021-08-13 02:27:21.112586', 1, 59000, NULL, NULL, 0, '59000.00', 0, NULL, NULL, 22, 2, 19, 332, 40, 43, NULL, 0, NULL),
(1094, '2021-08-13 02:27:21.112586', '2021-08-13 02:27:21.112586', 4, 18000, NULL, NULL, 0, '18000.00', 0, NULL, NULL, 22, 2, 19, 332, 101, 43, NULL, 0, NULL),
(1095, '2021-08-13 02:27:21.128186', '2021-08-13 02:27:21.128186', 1, 15900, NULL, NULL, 0, '15900.00', 0, NULL, NULL, 22, 2, 19, 332, 74, 43, NULL, 0, NULL),
(1096, '2021-08-13 02:27:21.174987', '2021-08-13 02:27:21.174987', 1, 5900, NULL, NULL, 0, '5900.00', 0, NULL, NULL, 22, 2, 19, 332, 53, 43, NULL, 0, NULL),
(1097, '2021-08-13 02:27:21.174987', '2021-08-13 02:27:21.174987', 1, 10900, NULL, NULL, 0, '10900.00', 0, NULL, NULL, 22, 2, 19, 332, 55, 43, NULL, 0, NULL),
(1098, '2021-08-13 02:27:21.502587', '2021-08-13 02:27:21.502587', 6, 11400, NULL, NULL, 0, '11400.00', 0, NULL, NULL, 22, 2, 19, 332, 81, 43, NULL, 0, NULL),
(1099, '2021-08-13 02:27:21.518187', '2021-08-13 02:27:21.518187', 2, 98000, NULL, NULL, 0, '98000.00', 0, NULL, NULL, 22, 2, 19, 332, 108, 43, NULL, 0, NULL),
(1100, '2021-08-13 02:27:21.518187', '2021-08-13 02:27:21.518187', 1, 16900, NULL, NULL, 0, '16900.00', 0, NULL, NULL, 22, 2, 19, 332, 64, 43, NULL, 0, NULL),
(1101, '2021-08-13 02:27:21.627387', '2021-08-13 02:27:21.627387', 3, 9000, NULL, NULL, 0, '9000.00', 0, NULL, NULL, 22, 2, 19, 332, 84, 43, NULL, 0, NULL),
(1102, '2021-08-13 02:29:19.064394', '2021-08-13 02:29:19.064394', 1, 2900, NULL, NULL, 0, '2900.00', 0, NULL, NULL, 21, 2, 19, 333, 91, 43, NULL, 0, NULL),
(1103, '2021-08-13 02:29:19.064394', '2021-08-13 02:29:19.064394', 1, 4500, NULL, NULL, 0, '4500.00', 0, NULL, NULL, 21, 2, 19, 333, 101, 43, NULL, 0, NULL),
(1104, '2021-08-13 02:29:19.064394', '2021-08-13 02:29:19.064394', 2, 6000, NULL, NULL, 0, '6000.00', 0, NULL, NULL, 21, 2, 19, 333, 84, 43, NULL, 0, NULL),
(1105, '2021-08-13 02:29:19.079994', '2021-08-13 02:29:19.079994', 1, 39000, NULL, NULL, 0, '39000.00', 0, NULL, NULL, 21, 2, 19, 333, 37, 43, NULL, 0, NULL),
(1106, '2021-08-13 02:29:19.064394', '2021-08-13 02:29:19.064394', 2, 6000, NULL, NULL, 0, '6000.00', 0, NULL, NULL, 21, 2, 19, 333, 86, 43, NULL, 0, NULL),
(1107, '2021-08-13 02:29:19.079994', '2021-08-13 02:29:19.079994', 2, 3800, NULL, NULL, 0, '3800.00', 0, NULL, NULL, 21, 2, 19, 333, 81, 43, NULL, 0, NULL),
(1108, '2021-08-13 02:29:19.485594', '2021-08-13 02:29:19.485594', 5, 44500, NULL, NULL, 0, '44500.00', 0, NULL, NULL, 21, 2, 19, 333, 150, 43, NULL, 0, NULL),
(1109, '2021-08-13 02:32:33.113134', '2021-08-13 02:32:33.113134', 1, 8900, NULL, NULL, 0, '8900.00', 0, NULL, NULL, 21, 2, 19, 333, 150, 43, NULL, 0, NULL),
(1110, '2021-08-13 02:33:54.794878', '2021-08-13 02:33:54.794878', 6, 35400, NULL, NULL, 0, '35400.00', 0, NULL, NULL, 23, 2, 19, 334, 102, 43, NULL, 0, NULL),
(1111, '2021-08-13 02:33:54.810478', '2021-08-13 02:33:54.810478', 1, 59000, NULL, NULL, 0, '59000.00', 0, NULL, NULL, 23, 2, 19, 334, 34, 43, NULL, 0, NULL),
(1112, '2021-08-13 02:33:54.826078', '2021-08-13 02:33:54.826078', 1, 1900, NULL, NULL, 0, '1900.00', 0, NULL, NULL, 23, 2, 19, 334, 80, 43, NULL, 0, NULL),
(1113, '2021-08-13 02:35:49.486279', '2021-08-13 02:35:49.486279', 16, 72000, NULL, NULL, 0, '72000.00', 0, NULL, NULL, 24, 2, 19, 335, 101, 43, NULL, 0, NULL),
(1114, '2021-08-13 02:35:49.486279', '2021-08-13 02:35:49.486279', 1, 12900, NULL, NULL, 0, '12900.00', 0, NULL, NULL, 24, 2, 19, 335, 218, 43, NULL, 0, NULL),
(1115, '2021-08-13 02:35:49.501879', '2021-08-13 02:35:49.501879', 1, 59000, NULL, NULL, 0, '59000.00', 0, NULL, NULL, 24, 2, 19, 335, 34, 43, NULL, 0, NULL),
(1116, '2021-08-13 03:48:51.518376', '2021-08-13 03:48:51.518376', 1, 59000, NULL, NULL, 0, '59000.00', 0, NULL, NULL, 20, 2, 19, 336, 34, 43, NULL, 0, NULL),
(1117, '2021-08-13 03:48:51.533976', '2021-08-13 03:48:51.533976', 1, 2900, NULL, NULL, 0, '2900.00', 0, NULL, NULL, 20, 2, 19, 336, 91, 43, NULL, 0, NULL),
(1118, '2021-08-13 03:48:51.565176', '2021-08-13 03:48:51.565176', 1, 3000, NULL, NULL, 0, '3000.00', 0, NULL, NULL, 20, 2, 19, 336, 84, 43, NULL, 0, NULL),
(1119, '2021-08-13 03:52:39.029176', '2021-08-13 03:52:39.029176', 1, 29000, NULL, NULL, 0, '29000.00', 0, NULL, NULL, 25, 2, 19, 337, 41, 43, NULL, 0, NULL),
(1120, '2021-08-13 03:52:39.044776', '2021-08-13 03:52:39.044776', 1, 1900, NULL, NULL, 0, '1900.00', 0, NULL, NULL, 25, 2, 19, 337, 80, 43, NULL, 0, NULL),
(1121, '2021-08-13 03:52:47.078790', '2021-08-13 03:52:47.078790', 1, 1900, NULL, NULL, 0, '1900.00', 0, NULL, NULL, 25, 2, 19, 337, 80, 43, NULL, 0, NULL),
(1122, '2021-08-13 04:31:00.891219', '2021-08-13 04:31:00.891219', 1, 10900, NULL, NULL, 0, '10900.00', 0, NULL, NULL, 25, 2, 19, 338, 55, 43, NULL, 0, NULL),
(1123, '2021-08-13 04:31:01.156419', '2021-08-13 04:31:01.156419', 13, 76700, NULL, NULL, 0, '76700.00', 0, NULL, NULL, 25, 2, 19, 338, 102, 43, NULL, 0, NULL),
(1124, '2021-08-13 04:31:01.156419', '2021-08-13 04:31:01.156419', 1, 59000, NULL, NULL, 0, '59000.00', 0, NULL, NULL, 25, 2, 19, 338, 34, 43, NULL, 0, NULL),
(1125, '2021-08-13 04:31:01.187619', '2021-08-13 04:31:01.187619', 1, 11900, NULL, NULL, 0, '11900.00', 0, NULL, NULL, 25, 2, 19, 338, 57, 43, NULL, 0, NULL),
(1126, '2021-08-13 04:31:01.203219', '2021-08-13 04:31:01.203219', 1, 1900, NULL, NULL, 0, '1900.00', 0, NULL, NULL, 25, 2, 19, 338, 80, 43, NULL, 0, NULL),
(1127, '2021-08-13 04:31:01.203219', '2021-08-13 04:31:01.203219', 2, 5800, NULL, NULL, 0, '5800.00', 0, NULL, NULL, 25, 2, 19, 338, 91, 43, NULL, 0, NULL),
(1128, '2021-08-13 04:31:46.084498', '2021-08-13 04:31:46.084498', 1, 12900, NULL, NULL, 0, '12900.00', 0, NULL, NULL, 2, 2, 19, 339, 48, 43, NULL, 0, NULL),
(1129, '2021-08-13 04:31:46.100098', '2021-08-13 04:31:46.100098', 1, 8900, NULL, NULL, 0, '8900.00', 0, NULL, NULL, 2, 2, 19, 339, 54, 43, NULL, 0, NULL),
(1130, '2021-08-13 04:32:16.083351', '2021-08-13 04:32:16.083351', 1, 8900, NULL, NULL, 0, '8900.00', 0, NULL, NULL, 3, 2, 19, 340, 63, 43, NULL, 0, NULL),
(1131, '2021-08-13 04:33:12.196649', '2021-08-13 04:33:12.196649', 1, 12900, NULL, NULL, 0, '12900.00', 0, NULL, NULL, 24, 2, 19, 341, 73, 43, NULL, 0, NULL),
(1132, '2021-08-13 04:33:12.227849', '2021-08-13 04:33:12.227849', 2, 4000, NULL, NULL, 0, '4000.00', 0, NULL, NULL, 24, 2, 19, 341, 235, 43, NULL, 0, NULL),
(1133, '2021-08-13 04:33:12.243449', '2021-08-13 04:33:12.243449', 1, 59000, NULL, NULL, 0, '59000.00', 0, NULL, NULL, 24, 2, 19, 341, 40, 43, NULL, 0, NULL),
(1134, '2021-08-13 04:34:16.983563', '2021-08-13 04:34:16.983563', 2, 2000, NULL, NULL, 0, '2000.00', 0, NULL, NULL, 23, 2, 19, 342, 233, 43, NULL, 0, NULL),
(1135, '2021-08-13 04:34:16.999163', '2021-08-13 04:34:16.999163', 1, 16900, NULL, NULL, 0, '16900.00', 0, NULL, NULL, 23, 2, 19, 342, 76, 43, NULL, 0, NULL),
(1136, '2021-08-13 04:34:16.999163', '2021-08-13 04:34:16.999163', 1, 2000, NULL, NULL, 0, '2000.00', 0, NULL, NULL, 23, 2, 19, 342, 235, 43, NULL, 0, NULL),
(1137, '2021-08-13 04:34:16.999163', '2021-08-13 04:34:16.999163', 1, 12900, NULL, NULL, 0, '12900.00', 0, NULL, NULL, 23, 2, 19, 342, 73, 43, NULL, 0, NULL),
(1138, '2021-08-13 04:34:16.999163', '2021-08-13 04:34:16.999163', 1, 12900, NULL, NULL, 0, '12900.00', 0, NULL, NULL, 23, 2, 19, 342, 47, 43, NULL, 0, NULL),
(1139, '2021-08-13 04:35:02.364043', '2021-08-13 04:35:02.364043', 1, 2000, NULL, NULL, 0, '2000.00', 0, NULL, NULL, 22, 2, 19, 343, 235, 43, NULL, 0, NULL),
(1140, '2021-08-13 04:35:02.364043', '2021-08-13 04:35:02.364043', 1, 29000, NULL, NULL, 0, '29000.00', 0, NULL, NULL, 22, 2, 19, 343, 41, 43, NULL, 0, NULL),
(1141, '2021-08-13 04:35:02.379643', '2021-08-13 04:35:02.379643', 1, 26900, NULL, NULL, 0, '26900.00', 0, NULL, NULL, 22, 2, 19, 343, 50, 43, NULL, 0, NULL),
(1142, '2021-08-13 04:35:02.379643', '2021-08-13 04:35:02.379643', 1, 3000, NULL, NULL, 0, '3000.00', 0, NULL, NULL, 22, 2, 19, 343, 84, 43, NULL, 0, NULL),
(1143, '2021-08-13 04:38:40.218425', '2021-08-13 04:38:40.218425', 1, 39000, NULL, NULL, 0, '39000.00', 0, NULL, NULL, 29, 2, 19, 344, 42, 43, NULL, 0, NULL),
(1144, '2021-08-13 04:39:25.006104', '2021-08-13 04:39:25.006104', 2, 11800, NULL, NULL, 0, '11800.00', 0, NULL, NULL, 25, 2, 19, 345, 93, 43, NULL, 0, NULL),
(1145, '2021-08-13 04:39:25.021704', '2021-08-13 04:39:25.021704', 1, 49000, NULL, NULL, 0, '49000.00', 0, NULL, NULL, 25, 2, 19, 345, 39, 43, NULL, 0, NULL),
(1146, '2021-08-13 04:40:10.136983', '2021-08-13 04:40:10.136983', 2, 6000, NULL, NULL, 0, '6000.00', 0, NULL, NULL, 24, 2, 19, 346, 84, 43, NULL, 0, NULL),
(1147, '2021-08-13 04:40:10.136983', '2021-08-13 04:40:10.136983', 1, 1900, NULL, NULL, 0, '1900.00', 0, NULL, NULL, 24, 2, 19, 346, 80, 43, NULL, 0, NULL),
(1148, '2021-08-13 04:40:10.152583', '2021-08-13 04:40:10.152583', 1, 59000, NULL, NULL, 0, '59000.00', 0, NULL, NULL, 24, 2, 19, 346, 40, 43, NULL, 0, NULL),
(1149, '2021-08-13 04:40:56.578265', '2021-08-13 04:40:56.578265', 1, 12900, NULL, NULL, 0, '12900.00', 0, NULL, NULL, 22, 2, 19, 347, 48, 43, NULL, 0, NULL),
(1150, '2021-08-13 04:40:56.625065', '2021-08-13 04:40:56.625065', 1, 8900, NULL, NULL, 0, '8900.00', 0, NULL, NULL, 22, 2, 19, 347, 54, 43, NULL, 0, NULL),
(1151, '2021-08-13 04:40:56.625065', '2021-08-13 04:40:56.625065', 1, 8900, NULL, NULL, 0, '8900.00', 0, NULL, NULL, 22, 2, 19, 347, 99, 43, NULL, 0, NULL),
(1152, '2021-08-13 04:40:56.640665', '2021-08-13 04:40:56.640665', 2, 6000, NULL, NULL, 0, '6000.00', 0, NULL, NULL, 22, 2, 19, 347, 86, 43, NULL, 0, NULL),
(1153, '2021-08-13 04:40:56.656265', '2021-08-13 04:40:56.656265', 1, 29000, NULL, NULL, 0, '29000.00', 0, NULL, NULL, 22, 2, 19, 347, 43, 43, NULL, 0, NULL),
(1154, '2021-08-13 04:41:44.080348', '2021-08-13 04:41:44.080348', 1, 13900, NULL, NULL, 0, '13900.00', 0, NULL, NULL, 20, 2, 19, 348, 244, 43, NULL, 0, NULL),
(1155, '2021-08-13 04:41:44.095948', '2021-08-13 04:41:44.095948', 1, 11900, NULL, NULL, 0, '11900.00', 0, NULL, NULL, 20, 2, 19, 348, 57, 43, NULL, 0, NULL),
(1156, '2021-08-13 04:41:44.095948', '2021-08-13 04:41:44.095948', 1, 7900, NULL, NULL, 0, '7900.00', 0, NULL, NULL, 20, 2, 19, 348, 59, 43, NULL, 0, NULL),
(1157, '2021-08-13 04:42:17.370807', '2021-08-13 04:42:17.370807', 1, 10900, NULL, NULL, 0, '10900.00', 0, NULL, NULL, 22, 2, 19, 349, 72, 43, NULL, 0, NULL),
(1158, '2021-08-13 04:42:17.402007', '2021-08-13 04:42:17.402007', 1, 1000, NULL, NULL, 0, '1000.00', 0, NULL, NULL, 22, 2, 19, 349, 233, 43, NULL, 0, NULL),
(1159, '2021-08-13 04:43:50.877371', '2021-08-13 04:43:50.877371', 1, 49000, NULL, NULL, 0, '49000.00', 0, NULL, NULL, 23, 2, 19, 350, 39, 43, NULL, 0, NULL),
(1160, '2021-08-13 04:44:40.001857', '2021-08-13 04:44:40.001857', 2, 4000, NULL, NULL, 0, '4000.00', 0, NULL, NULL, 29, 2, 19, 351, 235, 43, NULL, 0, NULL),
(1161, '2021-08-13 04:44:40.001857', '2021-08-13 04:44:40.001857', 1, 59000, NULL, NULL, 0, '59000.00', 0, NULL, NULL, 29, 2, 19, 351, 34, 43, NULL, 0, NULL),
(1162, '2021-08-13 04:45:16.786722', '2021-08-13 04:45:16.786722', 1, 2900, NULL, NULL, 0, '2900.00', 0, NULL, NULL, 25, 2, 19, 352, 90, 43, NULL, 0, NULL),
(1163, '2021-08-13 04:45:16.786722', '2021-08-13 04:45:16.786722', 1, 10900, NULL, NULL, 0, '10900.00', 0, NULL, NULL, 25, 2, 19, 352, 72, 43, NULL, 0, NULL),
(1164, '2021-08-13 04:45:43.634369', '2021-08-13 04:45:43.634369', 1, 10900, NULL, NULL, 0, '10900.00', 0, NULL, NULL, 25, 2, 19, 352, 72, 43, NULL, 0, NULL),
(1165, '2021-08-13 04:46:49.497685', '2021-08-13 04:46:49.497685', 1, 10900, NULL, NULL, 0, '10900.00', 0, NULL, NULL, 21, 2, 19, 353, 72, 43, NULL, 0, NULL),
(1166, '2021-08-13 04:46:49.513285', '2021-08-13 04:46:49.513285', 1, 6900, NULL, NULL, 0, '6900.00', 0, NULL, NULL, 21, 2, 19, 353, 61, 43, NULL, 0, NULL),
(1167, '2022-11-06 05:29:57.472036', '2022-11-06 05:29:57.472036', 1, 59000, NULL, NULL, 0, '59000.00', 0, NULL, NULL, 29, 1, 19, 354, 31, 44, NULL, 0, NULL),
(1168, '2022-11-06 05:29:57.510039', '2022-11-06 05:29:57.510039', 1, 49000, NULL, NULL, 0, '49000.00', 0, NULL, NULL, 29, 1, 19, 354, 30, 44, NULL, 0, NULL),
(1169, '2022-11-06 05:46:06.918076', '2022-11-06 05:57:23.236070', 1, 49000, NULL, NULL, 0, '49000.00', 0, '', NULL, 29, 1, 19, 354, 32, 44, 1, 1, '2022-11-06 05:57:23.234070'),
(1170, '2022-11-06 06:01:30.116884', '2022-11-06 06:01:30.116884', 1, 39000, NULL, NULL, 0, '39000.00', 0, NULL, NULL, 29, 1, 19, 354, 42, 44, NULL, 0, NULL),
(1171, '2022-11-06 06:02:17.325155', '2022-11-06 06:02:17.325155', 1, 24900, NULL, NULL, 0, '24900.00', 0, NULL, NULL, 29, 1, 19, 354, 45, 44, NULL, 0, NULL),
(1172, '2022-11-06 06:09:20.415270', '2022-11-06 06:09:20.415270', 1, 12900, NULL, NULL, 0, '12900.00', 0, NULL, NULL, 29, 1, 19, 354, 48, 44, NULL, 0, NULL),
(1173, '2022-11-06 06:12:42.023139', '2022-11-06 06:12:42.023139', 1, 10900, NULL, NULL, 0, '10900.00', 0, NULL, NULL, 29, 1, 19, 354, 55, 44, NULL, 0, NULL),
(1174, '2022-11-06 06:16:52.928825', '2022-11-06 06:16:52.928825', 1, 8900, NULL, NULL, 0, '8900.00', 0, NULL, NULL, 29, 1, 19, 354, 54, 44, NULL, 0, NULL),
(1175, '2022-11-06 06:20:28.190855', '2022-11-06 06:20:28.190855', 1, 10900, NULL, NULL, 0, '10900.00', 0, NULL, NULL, 29, 1, 19, 354, 55, 44, NULL, 0, NULL),
(1176, '2022-11-06 06:22:49.635850', '2022-11-06 06:22:49.635850', 1, 5900, NULL, NULL, 0, '5900.00', 0, NULL, NULL, 29, 1, 19, 354, 52, 44, NULL, 0, NULL),
(1177, '2022-11-06 06:24:58.975879', '2022-11-06 06:24:58.975879', 1, 5900, NULL, NULL, 0, '5900.00', 0, NULL, NULL, 29, 1, 19, 354, 52, 44, NULL, 0, NULL),
(1178, '2022-11-06 06:25:46.120397', '2022-11-06 06:25:46.120397', 1, 26900, NULL, NULL, 0, '26900.00', 0, NULL, NULL, 29, 1, 19, 354, 50, 44, NULL, 0, NULL),
(1179, '2022-11-06 06:26:36.686002', '2022-11-06 06:26:36.686002', 1, 8900, NULL, NULL, 0, '8900.00', 0, NULL, NULL, 29, 1, 19, 354, 54, 44, NULL, 0, NULL),
(1180, '2022-11-06 06:26:51.693886', '2022-11-06 06:26:51.693886', 1, 26900, NULL, NULL, 0, '26900.00', 0, NULL, NULL, 29, 1, 19, 354, 50, 44, NULL, 0, NULL),
(1181, '2022-11-06 06:27:48.797114', '2022-11-06 06:27:48.797114', 1, 8900, NULL, NULL, 0, '8900.00', 0, NULL, NULL, 29, 1, 19, 354, 54, 44, NULL, 0, NULL),
(1182, '2022-11-06 07:51:57.127815', '2022-11-06 07:51:57.127815', 1, 49000, NULL, NULL, 0, '49000.00', 0, NULL, NULL, 29, 1, 19, 354, 30, 44, NULL, 0, NULL),
(1183, '2022-11-06 07:51:57.154817', '2022-11-06 07:51:57.154817', 1, 59000, NULL, NULL, 0, '59000.00', 0, NULL, NULL, 29, 1, 19, 354, 31, 44, NULL, 0, NULL),
(1184, '2022-11-06 07:55:00.612268', '2022-11-06 07:55:00.612268', 1, 39000, NULL, NULL, 0, '39000.00', 0, NULL, NULL, 29, 1, 19, 354, 35, 44, NULL, 0, NULL),
(1185, '2022-11-06 07:55:22.486143', '2022-11-06 07:55:22.486143', 1, 49000, NULL, NULL, 0, '49000.00', 0, NULL, NULL, 29, 1, 19, 354, 30, 44, NULL, 0, NULL),
(1186, '2022-11-06 07:55:22.494143', '2022-11-06 07:55:22.494143', 1, 59000, NULL, NULL, 0, '59000.00', 0, NULL, NULL, 29, 1, 19, 354, 31, 44, NULL, 0, NULL),
(1187, '2022-11-06 07:55:22.525145', '2022-11-06 07:55:22.525145', 3, 117000, NULL, NULL, 0, '117000.00', 0, NULL, NULL, 29, 1, 19, 354, 35, 44, NULL, 0, NULL),
(1188, '2022-11-06 08:01:48.880615', '2022-11-06 08:01:48.880615', 1, 59000, NULL, NULL, 0, '59000.00', 0, NULL, NULL, 29, 1, 19, 354, 34, 44, NULL, 0, NULL),
(1189, '2022-11-06 08:02:00.058220', '2022-11-06 08:02:00.058220', 1, 39000, NULL, NULL, 0, '39000.00', 0, NULL, NULL, 29, 1, 19, 354, 35, 44, NULL, 0, NULL),
(1190, '2022-11-06 08:02:00.105020', '2022-11-06 08:02:00.105020', 1, 49000, NULL, NULL, 0, '49000.00', 0, NULL, NULL, 29, 1, 19, 354, 36, 44, NULL, 0, NULL),
(1191, '2022-11-06 08:02:00.136220', '2022-11-06 08:02:00.136220', 1, 59000, NULL, NULL, 0, '59000.00', 0, NULL, NULL, 29, 1, 19, 354, 33, 44, NULL, 0, NULL),
(1192, '2022-11-06 08:02:00.198620', '2022-11-06 08:02:00.198620', 1, 39000, NULL, NULL, 0, '39000.00', 0, NULL, NULL, 29, 1, 19, 354, 37, 44, NULL, 0, NULL),
(1193, '2022-11-06 08:04:55.216950', '2022-11-06 08:04:55.216950', 1, 59000, NULL, NULL, 0, '59000.00', 0, NULL, NULL, 29, 1, 19, 354, 31, 44, NULL, 0, NULL),
(1194, '2022-11-06 08:04:55.216950', '2022-11-06 08:04:55.216950', 1, 59000, NULL, NULL, 0, '59000.00', 0, NULL, NULL, 29, 1, 19, 354, 34, 44, NULL, 0, NULL),
(1195, '2022-11-06 08:04:58.222915', '2022-11-06 08:04:58.222915', 1, 49000, NULL, NULL, 0, '49000.00', 0, NULL, NULL, 29, 1, 19, 354, 30, 44, NULL, 0, NULL),
(1196, '2022-11-06 08:15:13.192533', '2022-11-06 08:15:13.192533', 3, 177000, NULL, NULL, 0, '177000.00', 0, NULL, NULL, 29, 1, 19, 354, 34, 44, NULL, 0, NULL),
(1197, '2022-11-06 08:16:21.384505', '2022-11-06 08:16:21.384505', 1, 39000, NULL, NULL, 0, '39000.00', 0, NULL, NULL, 29, 1, 19, 354, 35, 44, NULL, 0, NULL),
(1198, '2022-11-06 08:18:36.376984', '2022-11-06 08:18:36.376984', 2, 118000, NULL, NULL, 0, '118000.00', 0, NULL, NULL, 29, 1, 19, 354, 34, 44, NULL, 0, NULL),
(1199, '2022-11-06 08:18:53.659230', '2022-11-06 08:18:53.659230', 1, 49000, NULL, NULL, 0, '49000.00', 0, NULL, NULL, 29, 1, 19, 354, 32, 44, NULL, 0, NULL),
(1200, '2022-11-06 08:18:53.661230', '2022-11-06 08:18:53.661230', 1, 49000, NULL, NULL, 0, '49000.00', 0, NULL, NULL, 29, 1, 19, 354, 30, 44, NULL, 0, NULL),
(1201, '2022-11-06 08:18:53.715234', '2022-11-06 08:18:53.716234', 1, 59000, NULL, NULL, 0, '59000.00', 0, NULL, NULL, 29, 1, 19, 354, 31, 44, NULL, 0, NULL),
(1202, '2022-11-06 08:24:16.007749', '2022-11-06 08:24:16.007749', 1, 10900, NULL, NULL, 0, '10900.00', 0, NULL, NULL, 29, 1, 19, 354, 55, 44, NULL, 0, NULL),
(1203, '2022-11-06 08:24:24.579826', '2022-11-06 08:24:24.580826', 1, 6900, NULL, NULL, 0, '6900.00', 0, NULL, NULL, 29, 1, 19, 354, 61, 44, NULL, 0, NULL),
(1204, '2022-11-06 08:24:24.598827', '2022-11-06 08:24:24.598827', 1, 7900, NULL, NULL, 0, '7900.00', 0, NULL, NULL, 29, 1, 19, 354, 60, 44, NULL, 0, NULL),
(1205, '2022-11-06 08:24:24.647830', '2022-11-06 08:24:24.647830', 1, 11900, NULL, NULL, 0, '11900.00', 0, NULL, NULL, 29, 1, 19, 354, 57, 44, NULL, 0, NULL),
(1206, '2022-11-06 08:27:09.069782', '2022-11-06 08:27:09.069782', 1, 22900, NULL, NULL, 0, '22900.00', 0, NULL, NULL, 29, 1, 19, 354, 69, 44, NULL, 0, NULL),
(1207, '2022-11-06 08:27:09.069782', '2022-11-06 08:27:09.069782', 1, 22900, NULL, NULL, 0, '22900.00', 0, NULL, NULL, 29, 1, 19, 354, 67, 44, NULL, 0, NULL),
(1208, '2022-11-06 08:27:09.100982', '2022-11-06 08:27:09.100982', 1, 22900, NULL, NULL, 0, '22900.00', 0, NULL, NULL, 29, 1, 19, 354, 70, 44, NULL, 0, NULL),
(1209, '2022-11-06 08:27:12.082346', '2022-11-06 08:27:12.082346', 2, 45800, NULL, NULL, 0, '45800.00', 0, NULL, NULL, 29, 1, 19, 354, 68, 44, NULL, 0, NULL),
(1210, '2022-11-06 08:30:08.867482', '2022-11-06 08:30:08.867482', 1, 22900, NULL, NULL, 0, '22900.00', 0, NULL, NULL, 29, 1, 19, 354, 67, 44, NULL, 0, NULL),
(1211, '2022-11-06 08:30:08.871482', '2022-11-06 08:30:08.871482', 2, 17800, NULL, NULL, 0, '17800.00', 0, NULL, NULL, 29, 1, 19, 354, 63, 44, NULL, 0, NULL),
(1212, '2022-11-06 08:31:30.923485', '2022-11-06 08:31:30.923485', 2, 45800, NULL, NULL, 0, '45800.00', 0, NULL, NULL, 29, 1, 19, 354, 67, 44, NULL, 0, NULL),
(1213, '2022-11-06 08:31:56.510188', '2022-11-06 08:31:56.510188', 1, 22900, NULL, NULL, 0, '22900.00', 0, NULL, NULL, 29, 1, 19, 354, 67, 44, NULL, 0, NULL),
(1214, '2022-11-06 08:31:56.511188', '2022-11-06 08:31:56.511188', 1, 22900, NULL, NULL, 0, '22900.00', 0, NULL, NULL, 29, 1, 19, 354, 68, 44, NULL, 0, NULL),
(1215, '2022-11-06 08:31:56.526788', '2022-11-06 08:31:56.526788', 1, 28900, NULL, NULL, 0, '28900.00', 0, NULL, NULL, 29, 1, 19, 354, 71, 44, NULL, 0, NULL),
(1216, '2022-11-06 08:31:59.515955', '2022-11-06 08:31:59.516955', 1, 10900, NULL, NULL, 0, '10900.00', 0, NULL, NULL, 29, 1, 19, 354, 72, 44, NULL, 0, NULL),
(1217, '2022-11-06 08:33:21.218485', '2022-11-06 08:33:21.218485', 2, 31800, NULL, NULL, 0, '31800.00', 0, NULL, NULL, 29, 1, 19, 354, 74, 44, NULL, 0, NULL),
(1218, '2022-11-06 08:33:21.218485', '2022-11-06 08:33:21.218485', 1, 12900, NULL, NULL, 0, '12900.00', 0, NULL, NULL, 29, 1, 19, 354, 73, 44, NULL, 0, NULL),
(1219, '2022-11-06 08:35:36.834924', '2022-11-06 08:35:36.835924', 1, 22900, NULL, NULL, 0, '22900.00', 0, NULL, NULL, 29, 1, 19, 354, 67, 44, NULL, 0, NULL),
(1220, '2022-11-06 08:38:19.626613', '2022-11-06 08:38:19.626613', 1, 22900, NULL, NULL, 0, '22900.00', 0, NULL, NULL, 29, 1, 19, 354, 68, 44, NULL, 0, NULL),
(1221, '2022-11-06 08:38:30.414880', '2022-11-06 08:38:30.414880', 1, 12900, NULL, NULL, 0, '12900.00', 0, NULL, NULL, 29, 1, 19, 354, 73, 44, NULL, 0, NULL),
(1222, '2022-11-06 08:38:58.765615', '2022-11-06 08:38:58.765615', 1, 24900, NULL, NULL, 0, '24900.00', 0, NULL, NULL, 29, 1, 19, 354, 78, 44, NULL, 0, NULL),
(1223, '2022-11-06 08:39:37.111508', '2022-11-06 08:39:37.111508', 1, 24900, NULL, NULL, 0, '24900.00', 0, NULL, NULL, 29, 1, 19, 354, 78, 44, NULL, 0, NULL),
(1224, '2022-11-06 08:39:47.832048', '2022-11-06 08:39:47.832048', 1, 24900, NULL, NULL, 0, '24900.00', 0, NULL, NULL, 29, 1, 19, 354, 78, 44, NULL, 0, NULL),
(1225, '2022-11-06 08:40:58.458113', '2022-11-06 08:40:58.458113', 2, 49800, NULL, NULL, 0, '49800.00', 0, NULL, NULL, 29, 1, 19, 354, 78, 44, NULL, 0, NULL),
(1226, '2022-11-06 08:41:15.365791', '2022-11-06 08:41:15.365791', 1, 16900, NULL, NULL, 0, '16900.00', 0, NULL, NULL, 29, 1, 19, 354, 77, 44, NULL, 0, NULL),
(1227, '2022-11-06 08:41:15.396792', '2022-11-06 08:41:15.396792', 1, 24900, NULL, NULL, 0, '24900.00', 0, NULL, NULL, 29, 1, 19, 354, 78, 44, NULL, 0, NULL),
(1228, '2022-11-06 08:48:07.526118', '2022-11-06 08:48:07.526118', 1, 10900, NULL, NULL, 0, '10900.00', 0, NULL, NULL, 2, 1, 19, 356, 72, 44, NULL, 0, NULL),
(1229, '2022-11-06 08:48:07.526118', '2022-11-06 08:48:07.526118', 1, 15900, NULL, NULL, 0, '15900.00', 0, NULL, NULL, 2, 1, 19, 356, 75, 44, NULL, 0, NULL),
(1230, '2022-11-06 08:48:07.526118', '2022-11-06 08:48:07.526118', 1, 16900, NULL, NULL, 0, '16900.00', 0, NULL, NULL, 2, 1, 19, 356, 76, 44, NULL, 0, NULL),
(1231, '2022-11-06 08:48:07.541718', '2022-11-06 08:48:07.541718', 1, 28900, NULL, NULL, 0, '28900.00', 0, NULL, NULL, 2, 1, 19, 356, 71, 44, NULL, 0, NULL),
(1232, '2022-11-06 08:53:10.835241', '2022-11-06 08:53:10.835241', 1, 28900, NULL, NULL, 0, '28900.00', 0, NULL, NULL, 2, 1, 19, 356, 71, 44, NULL, 0, NULL),
(1233, '2022-11-06 08:53:10.866441', '2022-11-06 08:53:10.866441', 1, 16900, NULL, NULL, 0, '16900.00', 0, NULL, NULL, 2, 1, 19, 356, 76, 44, NULL, 0, NULL),
(1234, '2022-11-06 08:53:10.882041', '2022-11-06 08:53:10.882041', 1, 15900, NULL, NULL, 0, '15900.00', 0, NULL, NULL, 2, 1, 19, 356, 75, 44, NULL, 0, NULL),
(1235, '2022-11-06 08:53:13.862009', '2022-11-06 08:53:13.862009', 1, 10900, NULL, NULL, 0, '10900.00', 0, NULL, NULL, 2, 1, 19, 356, 72, 44, NULL, 0, NULL),
(1236, '2022-11-06 09:14:00.011499', '2022-11-06 09:14:00.011499', 1, 39000, NULL, NULL, 0, '39000.00', 0, NULL, NULL, 2, 1, 19, 356, 35, 44, NULL, 0, NULL),
(1237, '2022-11-06 09:14:00.049501', '2022-11-06 09:14:00.049501', 1, 49000, NULL, NULL, 0, '49000.00', 0, NULL, NULL, 2, 1, 19, 356, 39, 44, NULL, 0, NULL),
(1238, '2022-11-06 09:14:00.114505', '2022-11-06 09:14:00.114505', 1, 49000, NULL, NULL, 0, '49000.00', 0, NULL, NULL, 2, 1, 19, 356, 38, 44, NULL, 0, NULL),
(1239, '2022-11-06 09:14:03.051673', '2022-11-06 09:14:03.051673', 1, 59000, NULL, NULL, 0, '59000.00', 0, NULL, NULL, 2, 1, 19, 356, 40, 44, NULL, 0, NULL),
(1240, '2022-11-06 09:14:09.050016', '2022-11-06 09:14:09.050016', 1, 59000, NULL, NULL, 0, '59000.00', 0, NULL, NULL, 2, 1, 19, 356, 34, 44, NULL, 0, NULL),
(1241, '2022-11-06 09:14:21.053703', '2022-11-06 09:14:21.053703', 1, 49000, NULL, NULL, 0, '49000.00', 0, NULL, NULL, 2, 1, 19, 356, 36, 44, NULL, 0, NULL),
(1242, '2022-11-06 09:16:25.078797', '2022-11-06 09:16:25.078797', 1, 59000, NULL, NULL, 0, '59000.00', 0, NULL, NULL, 2, 1, 19, 356, 34, 44, NULL, 0, NULL),
(1243, '2022-11-06 09:16:25.113799', '2022-11-06 09:16:25.113799', 1, 49000, NULL, NULL, 0, '49000.00', 0, NULL, NULL, 2, 1, 19, 356, 39, 44, NULL, 0, NULL),
(1244, '2022-11-06 09:16:25.149801', '2022-11-06 09:16:25.150801', 1, 49000, NULL, NULL, 0, '49000.00', 0, NULL, NULL, 2, 1, 19, 356, 36, 44, NULL, 0, NULL),
(1245, '2022-11-06 09:16:28.112970', '2022-11-06 09:16:28.112970', 1, 49000, NULL, NULL, 0, '49000.00', 0, NULL, NULL, 2, 1, 19, 356, 38, 44, NULL, 0, NULL),
(1246, '2022-11-06 09:16:28.169973', '2022-11-06 09:16:28.169973', 1, 39000, NULL, NULL, 0, '39000.00', 0, NULL, NULL, 2, 1, 19, 356, 35, 44, NULL, 0, NULL),
(1247, '2022-11-06 09:16:34.120314', '2022-11-06 09:16:34.120314', 1, 59000, NULL, NULL, 0, '59000.00', 0, NULL, NULL, 2, 1, 19, 356, 40, 44, NULL, 0, NULL),
(1248, '2022-11-06 09:25:21.363470', '2022-11-06 09:25:21.363470', 1, 59000, NULL, NULL, 0, '59000.00', 0, NULL, NULL, 3, 1, 19, 357, 31, 44, NULL, 0, NULL),
(1249, '2022-11-06 09:25:21.491478', '2022-11-06 09:25:21.491478', 1, 59000, NULL, NULL, 0, '59000.00', 0, NULL, NULL, 3, 1, 19, 357, 34, 44, NULL, 0, NULL),
(1250, '2022-11-06 09:25:24.404644', '2022-11-06 09:25:24.404644', 1, 49000, NULL, NULL, 0, '49000.00', 0, NULL, NULL, 3, 1, 19, 357, 32, 44, NULL, 0, NULL),
(1251, '2022-11-06 09:25:24.531652', '2022-11-06 09:25:24.531652', 1, 39000, NULL, NULL, 0, '39000.00', 0, NULL, NULL, 3, 1, 19, 357, 35, 44, NULL, 0, NULL),
(1252, '2022-11-06 09:25:30.415988', '2022-11-06 09:25:30.415988', 1, 49000, NULL, NULL, 0, '49000.00', 0, NULL, NULL, 3, 1, 19, 357, 30, 44, NULL, 0, NULL),
(1253, '2022-11-06 09:30:53.236452', '2022-11-06 09:30:53.236452', 1, 49000, NULL, NULL, 0, '49000.00', 0, NULL, NULL, 3, 1, 19, 357, 36, 44, NULL, 0, NULL),
(1254, '2022-11-06 09:30:53.272454', '2022-11-06 09:30:53.272454', 1, 39000, NULL, NULL, 0, '39000.00', 0, NULL, NULL, 3, 1, 19, 357, 35, 44, NULL, 0, NULL),
(1255, '2022-11-06 09:30:56.197622', '2022-11-06 09:30:56.197622', 1, 49000, NULL, NULL, 0, '49000.00', 0, NULL, NULL, 3, 1, 19, 357, 32, 44, NULL, 0, NULL),
(1256, '2022-11-06 09:30:56.323629', '2022-11-06 09:30:56.324629', 1, 59000, NULL, NULL, 0, '59000.00', 0, NULL, NULL, 3, 1, 19, 357, 31, 44, NULL, 0, NULL),
(1257, '2022-11-06 09:31:02.221966', '2022-11-06 09:31:02.221966', 1, 59000, NULL, NULL, 0, '59000.00', 0, NULL, NULL, 3, 1, 19, 357, 34, 44, NULL, 0, NULL),
(1258, '2022-11-06 09:31:19.559958', '2022-11-06 09:31:19.559958', 1, 59000, NULL, NULL, 0, '59000.00', 0, NULL, NULL, 3, 1, 19, 358, 31, 44, NULL, 0, NULL),
(1259, '2022-11-06 09:31:19.636962', '2022-11-06 09:31:19.636962', 1, 49000, NULL, NULL, 0, '49000.00', 0, NULL, NULL, 3, 1, 19, 358, 30, 44, NULL, 0, NULL),
(1260, '2022-11-06 09:31:19.665964', '2022-11-06 09:31:19.665964', 1, 49000, NULL, NULL, 0, '49000.00', 0, NULL, NULL, 3, 1, 19, 358, 32, 44, NULL, 0, NULL),
(1261, '2022-11-06 09:31:50.354719', '2022-11-06 09:31:50.354719', 1, 49000, NULL, NULL, 0, '49000.00', 0, NULL, NULL, 11, 1, 19, 359, 38, 44, NULL, 0, NULL),
(1262, '2022-11-06 09:31:50.563731', '2022-11-06 09:31:50.563731', 1, 49000, NULL, NULL, 0, '49000.00', 0, NULL, NULL, 11, 1, 19, 359, 39, 44, NULL, 0, NULL),
(1263, '2022-11-06 09:31:50.642736', '2022-11-06 09:31:50.642736', 1, 39000, NULL, NULL, 0, '39000.00', 0, NULL, NULL, 11, 1, 19, 359, 42, 44, NULL, 0, NULL),
(1264, '2022-11-06 09:31:50.940753', '2022-11-06 09:31:50.940753', 1, 13900, NULL, NULL, 0, '13900.00', 0, NULL, NULL, 11, 1, 19, 359, 44, 44, NULL, 0, NULL),
(1265, '2022-11-06 09:31:53.594905', '2022-11-06 09:31:53.595905', 1, 59000, NULL, NULL, 0, '59000.00', 0, NULL, NULL, 11, 1, 19, 359, 40, 44, NULL, 0, NULL),
(1266, '2022-11-06 09:31:53.679910', '2022-11-06 09:31:53.679910', 1, 29000, NULL, NULL, 0, '29000.00', 0, NULL, NULL, 11, 1, 19, 359, 43, 44, NULL, 0, NULL),
(1267, '2022-11-06 09:32:32.536132', '2022-11-06 09:32:32.536132', 1, 49000, NULL, NULL, 0, '49000.00', 0, NULL, NULL, 5, 1, 19, 360, 38, 44, NULL, 0, NULL),
(1268, '2022-11-06 09:32:32.589135', '2022-11-06 09:32:32.589135', 1, 59000, NULL, NULL, 0, '59000.00', 0, NULL, NULL, 5, 1, 19, 360, 40, 44, NULL, 0, NULL),
(1269, '2022-11-06 09:32:32.792147', '2022-11-06 09:32:32.792147', 1, 29000, NULL, NULL, 0, '29000.00', 0, NULL, NULL, 5, 1, 19, 360, 43, 44, NULL, 0, NULL),
(1270, '2022-11-06 09:32:32.905153', '2022-11-06 09:32:32.906153', 1, 13900, NULL, NULL, 0, '13900.00', 0, NULL, NULL, 5, 1, 19, 360, 44, 44, NULL, 0, NULL),
(1271, '2022-11-06 09:32:32.971157', '2022-11-06 09:32:32.971157', 1, 29000, NULL, NULL, 0, '29000.00', 0, NULL, NULL, 5, 1, 19, 360, 41, 44, NULL, 0, NULL),
(1272, '2022-11-06 09:32:33.079163', '2022-11-06 09:32:33.079163', 1, 24900, NULL, NULL, 0, '24900.00', 0, NULL, NULL, 5, 1, 19, 360, 45, 44, NULL, 0, NULL),
(1273, '2022-11-06 09:32:33.250173', '2022-11-06 09:32:33.250173', 1, 12900, NULL, NULL, 0, '12900.00', 0, NULL, NULL, 5, 1, 19, 360, 48, 44, NULL, 0, NULL),
(1274, '2022-11-06 09:32:33.302176', '2022-11-06 09:32:33.302176', 1, 12900, NULL, NULL, 0, '12900.00', 0, NULL, NULL, 5, 1, 19, 360, 47, 44, NULL, 0, NULL),
(1275, '2022-11-06 09:32:33.395181', '2022-11-06 09:32:33.395181', 1, 12900, NULL, NULL, 0, '12900.00', 0, NULL, NULL, 5, 1, 19, 360, 49, 44, NULL, 0, NULL),
(1276, '2022-11-06 09:32:35.597307', '2022-11-06 09:32:35.598307', 1, 49000, NULL, NULL, 0, '49000.00', 0, NULL, NULL, 5, 1, 19, 360, 39, 44, NULL, 0, NULL),
(1277, '2022-11-06 09:32:35.997330', '2022-11-06 09:32:35.998330', 1, 39000, NULL, NULL, 0, '39000.00', 0, NULL, NULL, 5, 1, 19, 360, 42, 44, NULL, 0, NULL),
(1278, '2022-11-06 09:32:36.105336', '2022-11-06 09:32:36.105336', 1, 29000, NULL, NULL, 0, '29000.00', 0, NULL, NULL, 5, 1, 19, 360, 46, 44, NULL, 0, NULL),
(1279, '2022-11-07 01:19:30.822395', '2022-11-07 01:19:30.822395', 1, 49000, NULL, NULL, 0, '49000.00', 0, NULL, NULL, 30, 1, 19, 361, 30, 44, NULL, 0, NULL),
(1280, '2022-11-07 01:19:30.939402', '2022-11-07 01:19:30.939402', 1, 59000, NULL, NULL, 0, '59000.00', 0, NULL, NULL, 30, 1, 19, 361, 31, 44, NULL, 0, NULL),
(1281, '2022-11-07 01:20:17.510065', '2022-11-07 01:20:17.510065', 1, 59000, NULL, NULL, 0, '59000.00', 0, NULL, NULL, 30, 1, 19, 361, 31, 44, NULL, 0, NULL),
(1282, '2022-11-07 01:20:17.556068', '2022-11-07 01:20:17.556068', 1, 59000, NULL, NULL, 0, '59000.00', 0, NULL, NULL, 30, 1, 19, 361, 34, 44, NULL, 0, NULL),
(1283, '2022-11-07 01:20:17.563068', '2022-11-07 01:20:17.564068', 1, 49000, NULL, NULL, 0, '49000.00', 0, NULL, NULL, 30, 1, 19, 361, 30, 44, NULL, 0, NULL),
(1284, '2022-11-07 01:20:17.603071', '2022-11-07 01:20:17.603071', 1, 39000, NULL, NULL, 0, '39000.00', 0, NULL, NULL, 30, 1, 19, 361, 35, 44, NULL, 0, NULL),
(1285, '2022-11-07 01:25:08.987737', '2022-11-07 01:25:08.987737', 1, 49000, NULL, NULL, 0, '49000.00', 0, NULL, NULL, 30, 1, 19, 361, 30, 44, NULL, 0, NULL),
(1286, '2022-11-07 01:25:09.110744', '2022-11-07 01:25:09.110744', 1, 59000, NULL, NULL, 0, '59000.00', 0, NULL, NULL, 30, 1, 19, 361, 31, 44, NULL, 0, NULL),
(1287, '2022-11-07 01:25:09.257752', '2022-11-07 01:25:09.257752', 1, 59000, NULL, NULL, 0, '59000.00', 0, NULL, NULL, 30, 1, 19, 361, 34, 44, NULL, 0, NULL),
(1288, '2022-11-07 01:25:09.439763', '2022-11-07 01:25:09.439763', 1, 39000, NULL, NULL, 0, '39000.00', 0, NULL, NULL, 30, 1, 19, 361, 35, 44, NULL, 0, NULL),
(1289, '2022-11-07 01:25:44.517769', '2022-11-07 01:25:44.517769', 1, 49000, NULL, NULL, 0, '49000.00', 0, NULL, NULL, 30, 1, 19, 361, 32, 44, NULL, 0, NULL),
(1290, '2022-11-07 01:25:44.554771', '2022-11-07 01:25:44.554771', 1, 59000, NULL, NULL, 0, '59000.00', 0, NULL, NULL, 30, 1, 19, 361, 31, 44, NULL, 0, NULL),
(1291, '2022-11-07 01:25:44.555771', '2022-11-07 01:25:44.555771', 1, 39000, NULL, NULL, 0, '39000.00', 0, NULL, NULL, 30, 1, 19, 361, 35, 44, NULL, 0, NULL),
(1292, '2022-11-07 01:26:41.502028', '2022-11-07 01:26:41.502028', 1, 49000, NULL, NULL, 0, '49000.00', 0, NULL, NULL, 30, 1, 19, 361, 30, 44, NULL, 0, NULL),
(1293, '2022-11-07 01:40:42.402125', '2022-11-07 01:40:42.402125', 1, 59000, NULL, NULL, 0, '59000.00', 0, NULL, NULL, 29, 1, 19, 355, 31, 44, NULL, 0, NULL),
(1294, '2022-11-07 01:40:42.453128', '2022-11-07 01:40:42.453128', 1, 49000, NULL, NULL, 0, '49000.00', 0, NULL, NULL, 29, 1, 19, 355, 30, 44, NULL, 0, NULL),
(1295, '2022-11-07 01:40:42.460128', '2022-11-07 01:40:42.460128', 1, 39000, NULL, NULL, 0, '39000.00', 0, NULL, NULL, 29, 1, 19, 355, 35, 44, NULL, 0, NULL),
(1296, '2022-11-07 01:40:42.532133', '2022-11-07 01:40:42.532133', 1, 59000, NULL, NULL, 0, '59000.00', 0, NULL, NULL, 29, 1, 19, 355, 34, 44, NULL, 0, NULL),
(1297, '2022-11-07 01:41:30.654885', '2022-11-07 01:41:30.654885', 1, 49000, NULL, NULL, 0, '49000.00', 0, NULL, NULL, 29, 1, 19, 355, 32, 44, NULL, 0, NULL),
(1298, '2022-11-07 01:41:30.762891', '2022-11-07 01:41:30.763891', 1, 59000, NULL, NULL, 0, '59000.00', 0, NULL, NULL, 29, 1, 19, 355, 33, 44, NULL, 0, NULL),
(1299, '2022-11-07 01:41:31.103911', '2022-11-07 01:41:31.103911', 1, 59000, NULL, NULL, 0, '59000.00', 0, NULL, NULL, 29, 1, 19, 355, 31, 44, NULL, 0, NULL),
(1300, '2022-11-07 01:41:31.111911', '2022-11-07 01:41:31.111911', 1, 59000, NULL, NULL, 0, '59000.00', 0, NULL, NULL, 29, 1, 19, 355, 34, 44, NULL, 0, NULL),
(1301, '2022-11-07 01:41:31.169914', '2022-11-07 01:41:31.169914', 1, 49000, NULL, NULL, 0, '49000.00', 0, NULL, NULL, 29, 1, 19, 355, 30, 44, NULL, 0, NULL),
(1302, '2022-11-07 01:45:55.898056', '2022-11-07 01:45:55.898056', 1, 59000, NULL, NULL, 0, '59000.00', 0, NULL, NULL, 33, 1, 19, 362, 31, 44, NULL, 0, NULL),
(1303, '2022-11-07 01:45:56.000062', '2022-11-07 01:45:56.000062', 1, 49000, NULL, NULL, 0, '49000.00', 0, NULL, NULL, 33, 1, 19, 362, 30, 44, NULL, 0, NULL),
(1304, '2022-11-07 01:45:56.013063', '2022-11-07 01:45:56.013063', 1, 49000, NULL, NULL, 0, '49000.00', 0, NULL, NULL, 33, 1, 19, 362, 32, 44, NULL, 0, NULL),
(1305, '2022-11-07 02:28:41.196622', '2022-11-07 02:28:41.196622', 1, 59000, NULL, NULL, 0, '59000.00', 0, NULL, NULL, 9, 1, 19, 363, 31, 44, NULL, 0, NULL),
(1306, '2022-11-07 02:28:41.212222', '2022-11-07 02:28:41.212222', 1, 49000, NULL, NULL, 0, '49000.00', 0, NULL, NULL, 9, 1, 19, 363, 30, 44, NULL, 0, NULL),
(1307, '2022-11-07 02:28:41.257422', '2022-11-07 02:28:41.257422', 1, 59000, NULL, NULL, 0, '59000.00', 0, NULL, NULL, 9, 1, 19, 363, 34, 44, NULL, 0, NULL),
(1308, '2022-11-07 02:28:41.259423', '2022-11-07 02:28:41.259423', 1, 39000, NULL, NULL, 0, '39000.00', 0, NULL, NULL, 9, 1, 19, 363, 35, 44, NULL, 0, NULL),
(1309, '2022-11-07 02:31:14.601641', '2022-11-07 02:31:14.601641', 1, 59000, NULL, NULL, 0, '59000.00', 0, NULL, NULL, 26, 1, 19, 364, 31, 44, NULL, 0, NULL),
(1310, '2022-11-07 02:31:14.894657', '2022-11-07 02:31:14.895657', 1, 49000, NULL, NULL, 0, '49000.00', 0, NULL, NULL, 26, 1, 19, 364, 32, 44, NULL, 0, NULL),
(1311, '2022-11-07 02:31:15.162673', '2022-11-07 02:31:15.162673', 1, 59000, NULL, NULL, 0, '59000.00', 0, NULL, NULL, 26, 1, 19, 364, 33, 44, NULL, 0, NULL),
(1312, '2022-11-07 02:31:15.272679', '2022-11-07 02:31:15.272679', 1, 49000, NULL, NULL, 0, '49000.00', 0, NULL, NULL, 26, 1, 19, 364, 30, 44, NULL, 0, NULL),
(1313, '2022-11-07 02:32:36.424469', '2022-11-07 02:32:36.424469', 1, 49000, NULL, NULL, 0, '49000.00', 0, NULL, NULL, 26, 1, 19, 365, 30, 44, NULL, 0, NULL),
(1314, '2022-11-07 02:41:40.599768', '2022-11-07 02:41:40.599768', 1, 59000, NULL, NULL, 0, '59000.00', 0, NULL, NULL, 26, 1, 19, 366, 34, 44, NULL, 0, NULL),
(1315, '2022-11-07 02:41:40.612769', '2022-11-07 02:41:40.612769', 1, 49000, NULL, NULL, 0, '49000.00', 0, NULL, NULL, 26, 1, 19, 366, 30, 44, NULL, 0, NULL),
(1316, '2022-11-07 02:41:40.649771', '2022-11-07 02:41:40.649771', 1, 59000, NULL, NULL, 0, '59000.00', 0, NULL, NULL, 26, 1, 19, 366, 31, 44, NULL, 0, NULL),
(1317, '2022-11-07 02:42:31.433104', '2022-11-07 02:42:31.433104', 1, 59000, NULL, NULL, 0, '59000.00', 0, NULL, NULL, 9, 1, 19, 367, 31, 44, NULL, 0, NULL),
(1318, '2022-11-07 02:42:31.607114', '2022-11-07 02:42:31.607114', 1, 49000, NULL, NULL, 0, '49000.00', 0, NULL, NULL, 9, 1, 19, 367, 30, 44, NULL, 0, NULL),
(1319, '2022-11-07 02:42:32.198148', '2022-11-07 02:42:32.198148', 1, 59000, NULL, NULL, 0, '59000.00', 0, NULL, NULL, 9, 1, 19, 367, 34, 44, NULL, 0, NULL),
(1320, '2022-11-07 02:42:32.328155', '2022-11-07 02:42:32.328155', 1, 39000, NULL, NULL, 0, '39000.00', 0, NULL, NULL, 9, 1, 19, 367, 35, 44, NULL, 0, NULL),
(1321, '2022-11-07 02:45:56.139244', '2022-11-07 02:45:56.139244', 1, 59000, NULL, NULL, 0, '59000.00', 0, NULL, NULL, 29, 1, 19, 368, 31, 44, NULL, 0, NULL),
(1322, '2022-11-07 02:46:37.743043', '2022-11-07 02:46:37.743043', 1, 49000, NULL, NULL, 0, '49000.00', 0, NULL, NULL, 6, 1, 19, 369, 30, 44, NULL, 0, NULL),
(1323, '2022-11-07 02:47:34.085528', '2022-11-07 02:47:34.085528', 1, 59000, NULL, NULL, 0, '59000.00', 0, NULL, NULL, 31, 1, 19, 370, 34, 44, NULL, 0, NULL),
(1324, '2022-11-07 02:47:34.251537', '2022-11-07 02:47:34.251537', 1, 49000, NULL, NULL, 0, '49000.00', 0, NULL, NULL, 31, 1, 19, 370, 39, 44, NULL, 0, NULL),
(1325, '2022-11-07 02:47:34.441548', '2022-11-07 02:47:34.441548', 1, 49000, NULL, NULL, 0, '49000.00', 0, NULL, NULL, 31, 1, 19, 370, 38, 44, NULL, 0, NULL),
(1326, '2022-11-07 02:49:59.834882', '2022-11-07 02:49:59.834882', 1, 59000, NULL, NULL, 0, '59000.00', 0, NULL, NULL, 31, 1, 19, 371, 34, 44, NULL, 0, NULL),
(1327, '2022-11-07 03:00:22.101305', '2022-11-07 03:00:22.101305', 1, 39000, NULL, NULL, 0, '39000.00', 0, NULL, NULL, 31, 1, 19, 372, 35, 44, NULL, 0, NULL),
(1328, '2022-11-07 03:03:34.616384', '2022-11-07 03:03:34.616384', 1, 59000, NULL, NULL, 0, '59000.00', 0, NULL, NULL, 22, 1, 19, 373, 31, 44, NULL, 0, NULL),
(1329, '2022-11-07 03:03:34.646386', '2022-11-07 03:03:34.646386', 1, 49000, NULL, NULL, 0, '49000.00', 0, NULL, NULL, 22, 1, 19, 373, 32, 44, NULL, 0, NULL),
(1330, '2022-11-07 03:03:34.709390', '2022-11-07 03:03:34.709390', 1, 49000, NULL, NULL, 0, '49000.00', 0, NULL, NULL, 22, 1, 19, 373, 30, 44, NULL, 0, NULL),
(1331, '2022-11-07 03:03:34.795395', '2022-11-07 03:03:34.795395', 1, 59000, NULL, NULL, 0, '59000.00', 0, NULL, NULL, 22, 1, 19, 373, 33, 44, NULL, 0, NULL),
(1332, '2022-11-07 03:07:19.005323', '2022-11-07 03:07:19.005323', 1, 59000, NULL, NULL, 0, '59000.00', 0, NULL, NULL, 24, 1, 19, 374, 31, 44, NULL, 0, NULL),
(1333, '2022-11-07 03:15:17.308639', '2022-11-07 03:15:17.308639', 1, 49000, NULL, NULL, 0, '49000.00', 0, NULL, NULL, 24, 1, 19, 374, 30, 44, NULL, 0, NULL),
(1334, '2022-11-07 03:15:17.364643', '2022-11-07 03:15:17.364643', 1, 49000, NULL, NULL, 0, '49000.00', 0, NULL, NULL, 24, 1, 19, 374, 32, 44, NULL, 0, NULL),
(1335, '2022-11-07 03:15:17.400645', '2022-11-07 03:15:17.400645', 1, 59000, NULL, NULL, 0, '59000.00', 0, NULL, NULL, 24, 1, 19, 374, 31, 44, NULL, 0, NULL),
(1336, '2022-11-07 03:15:44.560287', '2022-11-07 03:15:44.560287', 1, 59000, NULL, NULL, 0, '59000.00', 0, NULL, NULL, 24, 1, 19, 375, 31, 44, NULL, 0, NULL),
(1337, '2022-11-07 03:15:44.638291', '2022-11-07 03:15:44.638291', 1, 49000, NULL, NULL, 0, '49000.00', 0, NULL, NULL, 24, 1, 19, 375, 32, 44, NULL, 0, NULL),
(1338, '2022-11-07 03:15:44.742297', '2022-11-07 03:15:44.742297', 1, 49000, NULL, NULL, 0, '49000.00', 0, NULL, NULL, 24, 1, 19, 375, 30, 44, NULL, 0, NULL),
(1339, '2022-11-07 03:16:59.774620', '2022-11-07 03:16:59.774620', 1, 49000, NULL, NULL, 0, '49000.00', 0, NULL, NULL, 24, 1, 19, 376, 30, 44, NULL, 0, NULL),
(1340, '2022-11-07 03:17:00.138641', '2022-11-07 03:17:00.138641', 1, 59000, NULL, NULL, 0, '59000.00', 0, NULL, NULL, 24, 1, 19, 376, 31, 44, NULL, 0, NULL),
(1341, '2022-11-07 03:17:00.384655', '2022-11-07 03:17:00.384655', 1, 49000, NULL, NULL, 0, '49000.00', 0, NULL, NULL, 24, 1, 19, 376, 32, 44, NULL, 0, NULL),
(1342, '2022-11-07 03:17:40.423266', '2022-11-07 03:17:40.423266', 1, 59000, NULL, NULL, 0, '59000.00', 0, NULL, NULL, 2, 1, 19, 377, 34, 44, NULL, 0, NULL),
(1343, '2022-11-07 03:17:40.547669', '2022-11-07 03:17:40.547669', 1, 49000, NULL, NULL, 0, '49000.00', 0, NULL, NULL, 2, 1, 19, 377, 30, 44, NULL, 0, NULL),
(1344, '2022-11-07 03:17:40.563269', '2022-11-07 03:17:40.563269', 1, 59000, NULL, NULL, 0, '59000.00', 0, NULL, NULL, 2, 1, 19, 377, 31, 44, NULL, 0, NULL),
(1345, '2022-11-07 03:17:40.653874', '2022-11-07 03:17:40.653874', 1, 39000, NULL, NULL, 0, '39000.00', 0, NULL, NULL, 2, 1, 19, 377, 35, 44, NULL, 0, NULL),
(1346, '2022-11-07 03:22:08.896543', '2022-11-07 03:22:08.896543', 1, 49000, NULL, NULL, 0, '49000.00', 0, NULL, NULL, 25, 1, 19, 378, 30, 44, NULL, 0, NULL),
(1347, '2022-11-07 03:22:09.018550', '2022-11-07 03:22:09.018550', 1, 59000, NULL, NULL, 0, '59000.00', 0, NULL, NULL, 25, 1, 19, 378, 31, 44, NULL, 0, NULL),
(1348, '2022-11-07 03:24:47.745591', '2022-11-07 03:24:47.745591', 1, 49000, NULL, NULL, 0, '49000.00', 0, NULL, NULL, 25, 1, 19, 379, 30, 44, NULL, 0, NULL),
(1349, '2022-11-07 03:24:48.049608', '2022-11-07 03:24:48.049608', 1, 49000, NULL, NULL, 0, '49000.00', 0, NULL, NULL, 25, 1, 19, 379, 32, 44, NULL, 0, NULL),
(1350, '2022-11-07 03:24:48.135613', '2022-11-07 03:24:48.135613', 1, 59000, NULL, NULL, 0, '59000.00', 0, NULL, NULL, 25, 1, 19, 379, 33, 44, NULL, 0, NULL),
(1351, '2022-11-07 03:24:48.177616', '2022-11-07 03:24:48.178616', 1, 59000, NULL, NULL, 0, '59000.00', 0, NULL, NULL, 25, 1, 19, 379, 31, 44, NULL, 0, NULL),
(1352, '2022-11-07 03:27:29.828214', '2022-11-07 03:27:29.828214', 1, 49000, NULL, NULL, 0, '49000.00', 0, NULL, NULL, 25, 1, 19, 380, 30, 44, NULL, 0, NULL),
(1353, '2022-11-07 03:29:10.504543', '2022-11-07 03:29:10.504543', 1, 49000, NULL, NULL, 0, '49000.00', 0, NULL, NULL, 25, 1, 19, 381, 30, 44, NULL, 0, NULL),
(1354, '2022-11-07 03:29:10.551546', '2022-11-07 03:29:10.551546', 1, 59000, NULL, NULL, 0, '59000.00', 0, NULL, NULL, 25, 1, 19, 381, 31, 44, NULL, 0, NULL),
(1355, '2022-11-07 03:29:30.063855', '2022-11-07 03:29:30.063855', 2, 78000, NULL, NULL, 0, '78000.00', 0, NULL, NULL, 25, 1, 19, 382, 37, 44, NULL, 0, NULL),
(1356, '2022-11-07 03:30:24.855391', '2022-11-07 03:30:24.855391', 1, 59000, NULL, NULL, 0, '59000.00', 0, NULL, NULL, 25, 1, 19, 383, 34, 44, NULL, 0, NULL),
(1357, '2022-11-07 03:30:24.917395', '2022-11-07 03:30:24.917395', 1, 39000, NULL, NULL, 0, '39000.00', 0, NULL, NULL, 25, 1, 19, 383, 35, 44, NULL, 0, NULL),
(1358, '2022-11-07 03:30:50.439944', '2022-11-07 03:30:50.439944', 1, 49000, NULL, NULL, 0, '49000.00', 0, NULL, NULL, 25, 1, 19, 384, 32, 44, NULL, 0, NULL),
(1359, '2022-11-07 03:30:50.545950', '2022-11-07 03:30:50.545950', 1, 59000, NULL, NULL, 0, '59000.00', 0, NULL, NULL, 25, 1, 19, 384, 31, 44, NULL, 0, NULL),
(1360, '2022-11-07 03:31:20.717209', '2022-11-07 03:31:20.717209', 1, 59000, NULL, NULL, 0, '59000.00', 0, NULL, NULL, 24, 1, 19, 385, 31, 44, NULL, 0, NULL),
(1361, '2022-11-07 03:31:21.060228', '2022-11-07 03:31:21.060228', 1, 49000, NULL, NULL, 0, '49000.00', 0, NULL, NULL, 24, 1, 19, 385, 30, 44, NULL, 0, NULL),
(1362, '2022-11-07 03:32:03.878942', '2022-11-07 03:32:03.878942', 1, 49000, NULL, NULL, 0, '49000.00', 0, NULL, NULL, 23, 1, 19, 386, 32, 44, NULL, 0, NULL),
(1363, '2022-11-07 03:32:04.018950', '2022-11-07 03:32:04.019951', 1, 59000, NULL, NULL, 0, '59000.00', 0, NULL, NULL, 23, 1, 19, 386, 31, 44, NULL, 0, NULL),
(1364, '2022-11-07 03:32:04.126957', '2022-11-07 03:32:04.126957', 1, 59000, NULL, NULL, 0, '59000.00', 0, NULL, NULL, 23, 1, 19, 386, 34, 44, NULL, 0, NULL),
(1365, '2022-11-07 03:32:04.189960', '2022-11-07 03:32:04.189960', 1, 49000, NULL, NULL, 0, '49000.00', 0, NULL, NULL, 23, 1, 19, 386, 30, 44, NULL, 0, NULL),
(1366, '2022-11-07 03:32:35.320126', '2022-11-07 03:32:35.320126', 1, 59000, NULL, NULL, 0, '59000.00', 0, NULL, NULL, 23, 1, 19, 387, 31, 44, NULL, 0, NULL),
(1367, '2022-11-07 03:32:35.591142', '2022-11-07 03:32:35.591142', 1, 49000, NULL, NULL, 0, '49000.00', 0, NULL, NULL, 23, 1, 19, 387, 30, 44, NULL, 0, NULL),
(1368, '2022-11-07 03:32:35.600142', '2022-11-07 03:32:35.600142', 1, 49000, NULL, NULL, 0, '49000.00', 0, NULL, NULL, 23, 1, 19, 387, 32, 44, NULL, 0, NULL),
(1369, '2022-11-07 03:35:15.544665', '2022-11-07 03:35:15.544665', 1, 59000, NULL, NULL, 0, '59000.00', 0, NULL, NULL, 23, 1, 19, 387, 31, 44, NULL, 0, NULL),
(1370, '2022-11-07 03:35:15.554665', '2022-11-07 03:35:15.554665', 1, 49000, NULL, NULL, 0, '49000.00', 0, NULL, NULL, 23, 1, 19, 387, 30, 44, NULL, 0, NULL),
(1371, '2022-11-07 03:35:15.622669', '2022-11-07 03:35:15.622669', 1, 49000, NULL, NULL, 0, '49000.00', 0, NULL, NULL, 23, 1, 19, 387, 32, 44, NULL, 0, NULL),
(1372, '2022-11-07 03:35:15.792679', '2022-11-07 03:35:15.792679', 1, 59000, NULL, NULL, 0, '59000.00', 0, NULL, NULL, 23, 1, 19, 387, 34, 44, NULL, 0, NULL),
(1373, '2022-11-07 03:36:21.353393', '2022-11-07 03:36:21.353393', 1, 59000, NULL, NULL, 0, '59000.00', 0, NULL, NULL, 23, 1, 19, 388, 33, 44, NULL, 0, NULL),
(1374, '2022-11-07 03:36:21.689412', '2022-11-07 03:36:21.689412', 1, 59000, NULL, NULL, 0, '59000.00', 0, NULL, NULL, 23, 1, 19, 388, 31, 44, NULL, 0, NULL),
(1375, '2022-11-07 03:36:21.697413', '2022-11-07 03:36:21.697413', 1, 49000, NULL, NULL, 0, '49000.00', 0, NULL, NULL, 23, 1, 19, 388, 32, 44, NULL, 0, NULL),
(1376, '2022-11-07 03:36:21.733415', '2022-11-07 03:36:21.733415', 1, 49000, NULL, NULL, 0, '49000.00', 0, NULL, NULL, 23, 1, 19, 388, 30, 44, NULL, 0, NULL),
(1377, '2022-11-07 03:38:25.320491', '2022-11-07 03:38:25.320491', 1, 49000, NULL, NULL, 0, '49000.00', 0, NULL, NULL, 23, 1, 19, 389, 30, 44, NULL, 0, NULL),
(1378, '2022-11-07 03:38:25.401496', '2022-11-07 03:38:25.401496', 1, 59000, NULL, NULL, 0, '59000.00', 0, NULL, NULL, 23, 1, 19, 389, 31, 44, NULL, 0, NULL),
(1379, '2022-11-07 03:39:10.627264', '2022-11-07 03:39:10.627264', 1, 49000, NULL, NULL, 0, '49000.00', 0, NULL, NULL, 23, 1, 19, 390, 36, 44, NULL, 0, NULL),
(1380, '2022-11-07 03:39:10.706268', '2022-11-07 03:39:10.706268', 1, 39000, NULL, NULL, 0, '39000.00', 0, NULL, NULL, 23, 1, 19, 390, 37, 44, NULL, 0, NULL),
(1381, '2022-11-07 03:39:10.942480', '2022-11-07 03:39:10.943480', 1, 39000, NULL, NULL, 0, '39000.00', 0, NULL, NULL, 23, 1, 19, 390, 35, 44, NULL, 0, NULL),
(1382, '2022-11-07 03:44:04.796549', '2022-11-07 03:44:04.796549', 1, 49000, NULL, NULL, 0, '49000.00', 0, NULL, NULL, 23, 1, 19, 391, 36, 44, NULL, 0, NULL),
(1383, '2022-11-07 03:44:04.854552', '2022-11-07 03:44:04.854552', 1, 59000, NULL, NULL, 0, '59000.00', 0, NULL, NULL, 23, 1, 19, 391, 34, 44, NULL, 0, NULL),
(1384, '2022-11-07 03:44:04.984560', '2022-11-07 03:44:04.984560', 1, 39000, NULL, NULL, 0, '39000.00', 0, NULL, NULL, 23, 1, 19, 391, 35, 44, NULL, 0, NULL),
(1385, '2022-11-07 03:44:05.109567', '2022-11-07 03:44:05.110567', 1, 39000, NULL, NULL, 0, '39000.00', 0, NULL, NULL, 23, 1, 19, 391, 37, 44, NULL, 0, NULL),
(1386, '2022-11-07 03:53:05.885869', '2022-11-07 03:53:05.885869', 1, 59000, NULL, NULL, 0, '59000.00', 0, NULL, NULL, 23, 1, 19, 392, 33, 44, NULL, 0, NULL),
(1387, '2022-11-07 03:53:05.889869', '2022-11-07 03:53:05.889869', 1, 49000, NULL, NULL, 0, '49000.00', 0, NULL, NULL, 23, 1, 19, 392, 32, 44, NULL, 0, NULL),
(1388, '2022-11-07 03:53:06.084880', '2022-11-07 03:53:06.084880', 1, 59000, NULL, NULL, 0, '59000.00', 0, NULL, NULL, 23, 1, 19, 392, 31, 44, NULL, 0, NULL),
(1389, '2022-11-07 03:53:06.111881', '2022-11-07 03:53:06.111881', 1, 49000, NULL, NULL, 0, '49000.00', 0, NULL, NULL, 23, 1, 19, 392, 36, 44, NULL, 0, NULL),
(1390, '2022-11-07 03:53:06.435900', '2022-11-07 03:53:06.435900', 1, 59000, NULL, NULL, 0, '59000.00', 0, NULL, NULL, 23, 1, 19, 392, 34, 44, NULL, 0, NULL),
(1391, '2022-11-07 03:53:06.459901', '2022-11-07 03:53:06.459901', 1, 49000, NULL, NULL, 0, '49000.00', 0, NULL, NULL, 23, 1, 19, 392, 30, 44, NULL, 0, NULL),
(1392, '2022-11-07 03:53:06.473902', '2022-11-07 03:53:06.473902', 1, 39000, NULL, NULL, 0, '39000.00', 0, NULL, NULL, 23, 1, 19, 392, 35, 44, NULL, 0, NULL),
(1393, '2022-11-07 03:54:19.887753', '2022-11-07 03:54:19.887753', 1, 39000, NULL, NULL, 0, '39000.00', 0, NULL, NULL, 23, 1, 19, 393, 37, 44, NULL, 0, NULL),
(1394, '2022-11-07 03:54:19.953757', '2022-11-07 03:54:19.953757', 1, 39000, NULL, NULL, 0, '39000.00', 0, NULL, NULL, 23, 1, 19, 393, 35, 44, NULL, 0, NULL),
(1395, '2022-11-07 03:54:19.954757', '2022-11-07 03:54:19.954757', 1, 49000, NULL, NULL, 0, '49000.00', 0, NULL, NULL, 23, 1, 19, 393, 39, 44, NULL, 0, NULL),
(1396, '2022-11-07 03:54:19.981759', '2022-11-07 03:54:19.981759', 1, 49000, NULL, NULL, 0, '49000.00', 0, NULL, NULL, 23, 1, 19, 393, 36, 44, NULL, 0, NULL),
(1397, '2022-11-07 03:55:10.461536', '2022-11-07 03:55:10.461536', 1, 59000, NULL, NULL, 0, '59000.00', 0, NULL, NULL, 20, 1, 19, 394, 40, 44, NULL, 0, NULL),
(1398, '2022-11-07 03:55:10.511539', '2022-11-07 03:55:10.511539', 1, 29000, NULL, NULL, 0, '29000.00', 0, NULL, NULL, 20, 1, 19, 394, 41, 44, NULL, 0, NULL),
(1399, '2022-11-07 03:55:10.619545', '2022-11-07 03:55:10.619545', 1, 49000, NULL, NULL, 0, '49000.00', 0, NULL, NULL, 20, 1, 19, 394, 39, 44, NULL, 0, NULL),
(1400, '2022-11-07 03:55:10.623545', '2022-11-07 03:55:10.623545', 1, 29000, NULL, NULL, 0, '29000.00', 0, NULL, NULL, 20, 1, 19, 394, 43, 44, NULL, 0, NULL),
(1401, '2022-11-07 03:55:56.278878', '2022-11-07 03:55:56.278878', 1, 39000, NULL, NULL, 0, '39000.00', 0, NULL, NULL, 6, 1, 19, 395, 35, 44, NULL, 0, NULL),
(1402, '2022-11-07 03:55:56.295879', '2022-11-07 03:55:56.295879', 1, 49000, NULL, NULL, 0, '49000.00', 0, NULL, NULL, 6, 1, 19, 395, 30, 44, NULL, 0, NULL),
(1403, '2022-11-07 03:55:56.361883', '2022-11-07 03:55:56.362883', 1, 49000, NULL, NULL, 0, '49000.00', 0, NULL, NULL, 6, 1, 19, 395, 32, 44, NULL, 0, NULL);
INSERT INTO `payment_app_order_detial` (`id`, `created_at`, `updated_at`, `quantity`, `discount`, `fr_date`, `to_date`, `discount_rate`, `subtotal`, `is_deleted`, `why_deleted`, `deleted_date`, `client_id`, `created_by_id`, `fr_client_id`, `order_id`, `product_id`, `shift_work_id`, `updated_by_id`, `finished`, `finished_at`) VALUES
(1404, '2022-11-07 03:55:56.405886', '2022-11-07 03:55:56.405886', 1, 59000, NULL, NULL, 0, '59000.00', 0, NULL, NULL, 6, 1, 19, 395, 33, 44, NULL, 0, NULL),
(1405, '2022-11-07 03:55:56.489890', '2022-11-07 03:55:56.489890', 1, 59000, NULL, NULL, 0, '59000.00', 0, NULL, NULL, 6, 1, 19, 395, 31, 44, NULL, 0, NULL),
(1406, '2022-11-07 03:55:56.506891', '2022-11-07 03:55:56.506891', 1, 59000, NULL, NULL, 0, '59000.00', 0, NULL, NULL, 6, 1, 19, 395, 34, 44, NULL, 0, NULL),
(1407, '2022-11-07 03:56:50.028329', '2022-11-07 03:56:50.074331', 1, 59000, NULL, NULL, 0, '59000.00', 0, NULL, NULL, 6, 1, 19, 396, 33, 44, NULL, 0, NULL),
(1408, '2022-11-07 03:56:50.285343', '2022-11-07 03:56:50.285343', 1, 59000, NULL, NULL, 0, '59000.00', 0, NULL, NULL, 6, 1, 19, 396, 31, 44, NULL, 0, NULL),
(1409, '2022-11-07 03:56:50.326346', '2022-11-07 03:56:50.326346', 1, 49000, NULL, NULL, 0, '49000.00', 0, NULL, NULL, 6, 1, 19, 396, 32, 44, NULL, 0, NULL),
(1410, '2022-11-07 03:56:50.447353', '2022-11-07 03:56:50.447353', 1, 49000, NULL, NULL, 0, '49000.00', 0, NULL, NULL, 6, 1, 19, 396, 36, 44, NULL, 0, NULL),
(1411, '2022-11-07 03:56:50.615362', '2022-11-07 03:56:50.615362', 1, 39000, NULL, NULL, 0, '39000.00', 0, NULL, NULL, 6, 1, 19, 396, 35, 44, NULL, 0, NULL),
(1412, '2022-11-07 04:00:24.329638', '2022-11-07 04:00:24.329638', 1, 39000, NULL, NULL, 0, '39000.00', 0, NULL, NULL, 6, 1, 19, 397, 37, 44, NULL, 0, NULL),
(1413, '2022-11-07 04:00:24.488647', '2022-11-07 04:00:24.488647', 1, 49000, NULL, NULL, 0, '49000.00', 0, NULL, NULL, 6, 1, 19, 397, 36, 44, NULL, 0, NULL),
(1414, '2022-11-07 04:00:24.504247', '2022-11-07 04:00:24.504247', 1, 49000, NULL, NULL, 0, '49000.00', 0, NULL, NULL, 6, 1, 19, 397, 32, 44, NULL, 0, NULL),
(1415, '2022-11-07 04:00:24.504247', '2022-11-07 04:00:24.504247', 1, 59000, NULL, NULL, 0, '59000.00', 0, NULL, NULL, 6, 1, 19, 397, 33, 44, NULL, 0, NULL),
(1416, '2022-11-07 04:00:24.632853', '2022-11-07 04:00:24.632853', 1, 59000, NULL, NULL, 0, '59000.00', 0, NULL, NULL, 6, 1, 19, 397, 31, 44, NULL, 0, NULL),
(1417, '2022-11-07 04:00:24.785862', '2022-11-07 04:00:24.785862', 1, 39000, NULL, NULL, 0, '39000.00', 0, NULL, NULL, 6, 1, 19, 397, 35, 44, NULL, 0, NULL),
(1418, '2022-11-07 04:00:49.735624', '2022-11-07 04:00:49.735624', 1, 49000, NULL, NULL, 0, '49000.00', 0, NULL, NULL, 6, 1, 19, 398, 36, 44, NULL, 0, NULL),
(1419, '2022-11-07 04:00:49.904633', '2022-11-07 04:00:49.904633', 1, 39000, NULL, NULL, 0, '39000.00', 0, NULL, NULL, 6, 1, 19, 398, 35, 44, NULL, 0, NULL),
(1420, '2022-11-07 04:00:49.972637', '2022-11-07 04:00:49.972637', 1, 49000, NULL, NULL, 0, '49000.00', 0, NULL, NULL, 6, 1, 19, 398, 32, 44, NULL, 0, NULL),
(1421, '2022-11-07 04:00:49.985638', '2022-11-07 04:00:49.986638', 1, 59000, NULL, NULL, 0, '59000.00', 0, NULL, NULL, 6, 1, 19, 398, 34, 44, NULL, 0, NULL),
(1422, '2022-11-07 04:00:50.025640', '2022-11-07 04:00:50.025640', 1, 59000, NULL, NULL, 0, '59000.00', 0, NULL, NULL, 6, 1, 19, 398, 31, 44, NULL, 0, NULL),
(1423, '2022-11-07 04:00:50.044641', '2022-11-07 04:00:50.044641', 1, 49000, NULL, NULL, 0, '49000.00', 0, NULL, NULL, 6, 1, 19, 398, 38, 44, NULL, 0, NULL),
(1424, '2022-11-07 04:00:50.125646', '2022-11-07 04:00:50.125646', 1, 49000, NULL, NULL, 0, '49000.00', 0, NULL, NULL, 6, 1, 19, 398, 30, 44, NULL, 0, NULL),
(1425, '2022-11-07 04:08:30.262410', '2022-11-07 04:08:30.262410', 2, 27800, NULL, NULL, 0, '27800.00', 0, NULL, NULL, 11, 1, 19, 359, 44, 44, NULL, 0, NULL),
(1426, '2022-11-07 04:08:30.270411', '2022-11-07 04:08:30.271411', 2, 49800, NULL, NULL, 0, '49800.00', 0, NULL, NULL, 11, 1, 19, 359, 45, 44, NULL, 0, NULL),
(1427, '2022-11-07 04:08:30.277411', '2022-11-07 04:08:30.278411', 1, 12900, NULL, NULL, 0, '12900.00', 0, NULL, NULL, 11, 1, 19, 359, 48, 44, NULL, 0, NULL),
(1428, '2022-11-07 04:12:59.526348', '2022-11-07 04:12:59.526348', 1, 22900, NULL, NULL, 0, '22900.00', 0, NULL, NULL, 3, 1, 19, 358, 69, 44, NULL, 0, NULL),
(1429, '2022-11-07 04:12:59.603352', '2022-11-07 04:12:59.603352', 1, 22900, NULL, NULL, 0, '22900.00', 0, NULL, NULL, 3, 1, 19, 358, 70, 44, NULL, 0, NULL),
(1430, '2022-11-07 04:13:00.214387', '2022-11-07 04:13:00.214387', 1, 22900, NULL, NULL, 0, '22900.00', 0, NULL, NULL, 3, 1, 19, 358, 67, 44, NULL, 0, NULL),
(1431, '2022-11-07 04:13:00.223388', '2022-11-07 04:13:00.223388', 1, 22900, NULL, NULL, 0, '22900.00', 0, NULL, NULL, 3, 1, 19, 358, 68, 44, NULL, 0, NULL),
(1432, '2022-11-07 04:21:12.167458', '2022-11-07 04:21:12.167458', 1, 22900, NULL, NULL, 0, '22900.00', 0, NULL, NULL, 3, 1, 19, 358, 68, 44, NULL, 0, NULL),
(1433, '2022-11-07 04:21:12.175459', '2022-11-07 04:21:12.175459', 1, 22900, NULL, NULL, 0, '22900.00', 0, NULL, NULL, 3, 1, 19, 358, 70, 44, NULL, 0, NULL),
(1434, '2022-11-07 04:21:12.181459', '2022-11-07 04:21:12.181459', 1, 22900, NULL, NULL, 0, '22900.00', 0, NULL, NULL, 3, 1, 19, 358, 67, 44, NULL, 0, NULL),
(1435, '2022-11-07 04:21:12.182459', '2022-11-07 04:21:12.182459', 1, 22900, NULL, NULL, 0, '22900.00', 0, NULL, NULL, 3, 1, 19, 358, 69, 44, NULL, 0, NULL),
(1436, '2022-11-07 04:22:56.533002', '2022-11-07 04:22:56.533002', 1, 22900, NULL, NULL, 0, '22900.00', 0, NULL, NULL, 3, 1, 19, 358, 67, 44, NULL, 0, NULL),
(1437, '2022-11-07 04:26:11.849366', '2022-11-07 04:26:11.849366', 1, 49000, NULL, NULL, 0, '49000.00', 0, NULL, NULL, 3, 1, 19, 357, 30, 44, NULL, 0, NULL),
(1438, '2022-11-07 04:26:11.961373', '2022-11-07 04:26:11.962373', 1, 59000, NULL, NULL, 0, '59000.00', 0, NULL, NULL, 3, 1, 19, 357, 31, 44, NULL, 0, NULL),
(1439, '2022-11-07 04:26:12.209387', '2022-11-07 04:26:12.209387', 1, 49000, NULL, NULL, 0, '49000.00', 0, NULL, NULL, 3, 1, 19, 357, 32, 44, NULL, 0, NULL),
(1440, '2022-11-07 04:26:58.488034', '2022-11-07 04:26:58.488034', 1, 49000, NULL, NULL, 0, '49000.00', 0, NULL, NULL, 3, 1, 19, 357, 30, 44, NULL, 0, NULL),
(1441, '2022-11-07 04:26:58.507035', '2022-11-07 04:26:58.507035', 1, 59000, NULL, NULL, 0, '59000.00', 0, NULL, NULL, 3, 1, 19, 357, 31, 44, NULL, 0, NULL),
(1442, '2022-11-07 04:27:51.997095', '2022-11-07 04:27:51.997095', 1, 59000, NULL, NULL, 0, '59000.00', 0, NULL, NULL, 30, 1, 19, 399, 34, 44, NULL, 0, NULL),
(1443, '2022-11-07 04:28:18.385604', '2022-11-07 04:28:18.385604', 1, 49000, NULL, NULL, 0, '49000.00', 0, NULL, NULL, 30, 1, 19, 399, 30, 44, NULL, 0, NULL),
(1444, '2022-11-07 04:29:59.865408', '2022-11-07 04:29:59.865408', 1, 59000, NULL, NULL, 0, '59000.00', 0, NULL, NULL, 30, 1, 19, 361, 31, 44, NULL, 0, NULL),
(1445, '2022-11-07 04:29:59.894410', '2022-11-07 04:29:59.894410', 1, 49000, NULL, NULL, 0, '49000.00', 0, NULL, NULL, 30, 1, 19, 361, 30, 44, NULL, 0, NULL),
(1446, '2022-11-07 04:29:59.972414', '2022-11-07 04:29:59.972414', 1, 49000, NULL, NULL, 0, '49000.00', 0, NULL, NULL, 30, 1, 19, 361, 32, 44, NULL, 0, NULL),
(1447, '2022-11-07 04:30:31.708230', '2022-11-07 04:30:31.708230', 1, 49000, NULL, NULL, 0, '49000.00', 0, NULL, NULL, 30, 1, 19, 361, 30, 44, NULL, 0, NULL),
(1448, '2022-11-07 04:30:53.051450', '2022-11-07 04:30:53.051450', 1, 49000, NULL, NULL, 0, '49000.00', 0, NULL, NULL, 30, 1, 19, 361, 30, 44, NULL, 0, NULL),
(1449, '2022-11-07 04:32:27.482333', '2022-11-07 04:32:27.482333', 1, 59000, NULL, NULL, 0, '59000.00', 0, NULL, NULL, 30, 1, 19, 361, 31, 44, NULL, 0, NULL),
(1450, '2022-11-07 04:33:08.518027', '2022-11-07 04:33:08.518027', 1, 49000, NULL, NULL, 0, '49000.00', 0, NULL, NULL, 29, 1, 19, 355, 32, 44, NULL, 0, NULL),
(1451, '2022-11-07 04:35:38.249207', '2022-11-07 04:35:38.249207', 1, 49000, NULL, NULL, 0, '49000.00', 0, NULL, NULL, 29, 1, 19, 355, 30, 44, NULL, 0, NULL),
(1452, '2022-11-07 04:36:08.928166', '2022-11-07 04:36:08.928166', 1, 49000, NULL, NULL, 0, '49000.00', 0, NULL, NULL, 29, 1, 19, 355, 30, 44, NULL, 0, NULL),
(1453, '2022-11-07 04:37:39.554393', '2022-11-07 04:37:39.554393', 1, 39000, NULL, NULL, 0, '39000.00', 0, NULL, NULL, 29, 1, 19, 355, 37, 44, NULL, 0, NULL),
(1454, '2022-11-07 04:44:41.664944', '2022-11-07 04:44:41.664944', 1, 49000, NULL, NULL, 0, '49000.00', 0, NULL, NULL, 29, 1, 19, 355, 30, 44, NULL, 0, NULL),
(1455, '2022-11-07 04:47:08.941259', '2022-11-07 04:47:08.941259', 1, 49000, NULL, NULL, 0, '49000.00', 0, NULL, NULL, 29, 1, 19, 355, 30, 44, NULL, 0, NULL),
(1456, '2022-11-07 04:47:47.847895', '2022-11-07 04:47:47.847895', 1, 39000, NULL, NULL, 0, '39000.00', 0, NULL, NULL, 29, 1, 19, 355, 35, 44, NULL, 0, NULL),
(1457, '2022-11-07 04:50:33.347363', '2022-11-07 04:50:33.347363', 1, 49000, NULL, NULL, 0, '49000.00', 0, NULL, NULL, 29, 1, 19, 355, 30, 44, NULL, 0, NULL),
(1458, '2022-11-07 04:52:12.104837', '2022-11-07 04:52:12.104837', 1, 49000, NULL, NULL, 0, '49000.00', 0, NULL, NULL, 29, 1, 19, 355, 32, 44, NULL, 0, NULL),
(1459, '2022-11-07 04:52:12.204843', '2022-11-07 04:52:12.204843', 1, 59000, NULL, NULL, 0, '59000.00', 0, NULL, NULL, 29, 1, 19, 355, 33, 44, NULL, 0, NULL),
(1460, '2022-11-07 04:52:12.264847', '2022-11-07 04:52:12.264847', 1, 39000, NULL, NULL, 0, '39000.00', 0, NULL, NULL, 29, 1, 19, 355, 37, 44, NULL, 0, NULL),
(1461, '2022-11-07 04:52:12.275847', '2022-11-07 04:52:12.275847', 1, 39000, NULL, NULL, 0, '39000.00', 0, NULL, NULL, 29, 1, 19, 355, 35, 44, NULL, 0, NULL),
(1462, '2022-11-07 04:52:12.435856', '2022-11-07 04:52:12.435856', 1, 49000, NULL, NULL, 0, '49000.00', 0, NULL, NULL, 29, 1, 19, 355, 36, 44, NULL, 0, NULL),
(1463, '2022-11-07 04:52:12.506860', '2022-11-07 04:52:12.506860', 1, 59000, NULL, NULL, 0, '59000.00', 0, NULL, NULL, 29, 1, 19, 355, 31, 44, NULL, 0, NULL),
(1464, '2022-11-07 04:56:35.972014', '2022-11-07 04:56:35.972014', 1, 59000, NULL, NULL, 0, '59000.00', 0, NULL, NULL, 29, 1, 19, 355, 33, 44, NULL, 0, NULL),
(1465, '2022-11-07 04:56:36.009215', '2022-11-07 04:56:36.009215', 1, 59000, NULL, NULL, 0, '59000.00', 0, NULL, NULL, 29, 1, 19, 355, 31, 44, NULL, 0, NULL),
(1466, '2022-11-07 04:56:36.163219', '2022-11-07 04:56:36.163219', 1, 49000, NULL, NULL, 0, '49000.00', 0, NULL, NULL, 29, 1, 19, 355, 32, 44, NULL, 0, NULL),
(1467, '2022-11-07 04:57:46.041616', '2022-11-07 04:57:46.041616', 1, 59000, NULL, NULL, 0, '59000.00', 0, NULL, NULL, 29, 1, 19, 355, 34, 44, NULL, 0, NULL),
(1468, '2022-11-07 04:57:46.130418', '2022-11-07 04:57:46.130418', 1, 49000, NULL, NULL, 0, '49000.00', 0, NULL, NULL, 29, 1, 19, 355, 30, 44, NULL, 0, NULL),
(1469, '2022-11-07 04:57:46.158420', '2022-11-07 04:57:46.158420', 1, 59000, NULL, NULL, 0, '59000.00', 0, NULL, NULL, 29, 1, 19, 355, 31, 44, NULL, 0, NULL),
(1470, '2022-11-07 04:58:19.363300', '2022-11-07 04:58:19.363300', 1, 59000, NULL, NULL, 0, '59000.00', 0, NULL, NULL, 29, 1, 19, 355, 34, 44, NULL, 0, NULL),
(1471, '2022-11-07 04:58:19.394302', '2022-11-07 04:58:19.394302', 1, 49000, NULL, NULL, 0, '49000.00', 0, NULL, NULL, 29, 1, 19, 355, 30, 44, NULL, 0, NULL),
(1472, '2022-11-07 04:58:19.401302', '2022-11-07 04:58:19.401302', 1, 39000, NULL, NULL, 0, '39000.00', 0, NULL, NULL, 29, 1, 19, 355, 35, 44, NULL, 0, NULL),
(1473, '2022-11-07 04:58:19.421303', '2022-11-07 04:58:19.421303', 1, 59000, NULL, NULL, 0, '59000.00', 0, NULL, NULL, 29, 1, 19, 355, 31, 44, NULL, 0, NULL),
(1474, '2022-11-07 04:58:56.863071', '2022-11-07 04:58:56.863071', 1, 49000, NULL, NULL, 0, '49000.00', 0, NULL, NULL, 29, 1, 19, 355, 30, 44, NULL, 0, NULL),
(1475, '2022-11-07 04:59:44.577486', '2022-11-07 04:59:44.577486', 1, 49000, NULL, NULL, 0, '49000.00', 0, NULL, NULL, 29, 1, 19, 355, 30, 44, NULL, 0, NULL),
(1476, '2022-11-07 05:00:04.367789', '2022-11-07 05:00:04.367789', 1, 49000, NULL, NULL, 0, '49000.00', 0, NULL, NULL, 29, 1, 19, 355, 30, 44, NULL, 0, NULL),
(1477, '2022-11-07 05:05:02.373036', '2022-11-07 05:05:02.373036', 1, 59000, NULL, NULL, 0, '59000.00', 0, NULL, NULL, 29, 1, 19, 355, 31, 44, NULL, 0, NULL),
(1478, '2022-11-07 05:05:02.385037', '2022-11-07 05:05:02.385037', 1, 59000, NULL, NULL, 0, '59000.00', 0, NULL, NULL, 29, 1, 19, 355, 33, 44, NULL, 0, NULL),
(1479, '2022-11-07 05:05:02.448040', '2022-11-07 05:05:02.448040', 1, 49000, NULL, NULL, 0, '49000.00', 0, NULL, NULL, 29, 1, 19, 355, 30, 44, NULL, 0, NULL),
(1480, '2022-11-07 05:05:02.453041', '2022-11-07 05:05:02.453041', 1, 49000, NULL, NULL, 0, '49000.00', 0, NULL, NULL, 29, 1, 19, 355, 32, 44, NULL, 0, NULL),
(1481, '2022-11-07 05:05:02.743057', '2022-11-07 05:05:02.743057', 1, 39000, NULL, NULL, 0, '39000.00', 0, NULL, NULL, 29, 1, 19, 355, 37, 44, NULL, 0, NULL),
(1482, '2022-11-07 05:05:19.880274', '2022-11-07 05:05:19.880274', 1, 59000, NULL, NULL, 0, '59000.00', 0, NULL, NULL, 29, 1, 19, 355, 31, 44, NULL, 0, NULL),
(1483, '2022-11-07 05:05:19.895275', '2022-11-07 05:05:19.895275', 1, 49000, NULL, NULL, 0, '49000.00', 0, NULL, NULL, 29, 1, 19, 355, 30, 44, NULL, 0, NULL),
(1484, '2022-11-07 05:05:20.349301', '2022-11-07 05:05:20.349301', 1, 39000, NULL, NULL, 0, '39000.00', 0, NULL, NULL, 29, 1, 19, 355, 35, 44, NULL, 0, NULL),
(1485, '2022-11-07 05:05:51.484890', '2022-11-07 05:05:51.484890', 1, 49000, NULL, NULL, 0, '49000.00', 0, NULL, NULL, 29, 1, 19, 355, 30, 44, NULL, 0, NULL),
(1486, '2022-11-07 05:05:51.516090', '2022-11-07 05:05:51.516090', 1, 59000, NULL, NULL, 0, '59000.00', 0, NULL, NULL, 29, 1, 19, 355, 31, 44, NULL, 0, NULL),
(1487, '2022-11-07 05:05:51.578490', '2022-11-07 05:05:51.578490', 1, 49000, NULL, NULL, 0, '49000.00', 0, NULL, NULL, 29, 1, 19, 355, 32, 44, NULL, 0, NULL),
(1488, '2022-11-07 05:25:02.556926', '2022-11-07 05:25:02.556926', 1, 49000, NULL, NULL, 0, '49000.00', 0, NULL, NULL, 29, 1, 19, 355, 32, 44, NULL, 0, NULL),
(1489, '2022-11-07 05:25:02.672126', '2022-11-07 05:25:02.672126', 1, 59000, NULL, NULL, 0, '59000.00', 0, NULL, NULL, 29, 1, 19, 355, 31, 44, NULL, 0, NULL),
(1490, '2022-11-07 05:25:02.751928', '2022-11-07 05:25:02.751928', 1, 49000, NULL, NULL, 0, '49000.00', 0, NULL, NULL, 29, 1, 19, 355, 30, 44, NULL, 0, NULL),
(1491, '2022-11-07 05:25:02.861934', '2022-11-07 05:25:02.861934', 1, 59000, NULL, NULL, 0, '59000.00', 0, NULL, NULL, 29, 1, 19, 355, 33, 44, NULL, 0, NULL),
(1492, '2022-11-07 05:25:02.919938', '2022-11-07 05:25:02.919938', 1, 59000, NULL, NULL, 0, '59000.00', 0, NULL, NULL, 29, 1, 19, 355, 34, 44, NULL, 0, NULL),
(1493, '2022-11-07 05:25:03.151951', '2022-11-07 05:25:03.151951', 1, 39000, NULL, NULL, 0, '39000.00', 0, NULL, NULL, 29, 1, 19, 355, 35, 44, NULL, 0, NULL),
(1494, '2022-11-07 05:35:53.849936', '2022-11-07 05:35:53.849936', 1, 59000, NULL, NULL, 0, '59000.00', 0, NULL, NULL, 29, 1, 19, 355, 31, 44, NULL, 0, NULL),
(1495, '2022-11-07 05:35:53.924941', '2022-11-07 05:35:53.924941', 1, 49000, NULL, NULL, 0, '49000.00', 0, NULL, NULL, 29, 1, 19, 355, 32, 44, NULL, 0, NULL),
(1496, '2022-11-07 05:35:54.169955', '2022-11-07 05:35:54.169955', 1, 49000, NULL, NULL, 0, '49000.00', 0, NULL, NULL, 29, 1, 19, 355, 30, 44, NULL, 0, NULL),
(1497, '2022-11-07 05:35:54.224958', '2022-11-07 05:35:54.224958', 1, 59000, NULL, NULL, 0, '59000.00', 0, NULL, NULL, 29, 1, 19, 355, 34, 44, NULL, 0, NULL),
(1498, '2022-11-07 05:35:54.414969', '2022-11-07 05:35:54.414969', 1, 3000, NULL, NULL, 0, '3000.00', 0, NULL, NULL, 29, 1, 19, 355, 88, 44, NULL, 0, NULL),
(1499, '2022-11-07 05:37:17.501913', '2022-11-07 05:37:17.501913', 1, 22900, NULL, NULL, 0, '22900.00', 0, NULL, NULL, 29, 1, 19, 355, 67, 44, NULL, 0, NULL),
(1500, '2022-11-07 05:37:17.509914', '2022-11-07 05:37:17.509914', 1, 10900, NULL, NULL, 0, '10900.00', 0, NULL, NULL, 29, 1, 19, 355, 72, 44, NULL, 0, NULL),
(1501, '2022-11-07 05:37:17.511914', '2022-11-07 05:37:17.511914', 1, 28900, NULL, NULL, 0, '28900.00', 0, NULL, NULL, 29, 1, 19, 355, 71, 44, NULL, 0, NULL),
(1502, '2022-11-07 05:40:04.563899', '2022-11-07 05:40:04.563899', 1, 15900, NULL, NULL, 0, '15900.00', 0, NULL, NULL, 29, 1, 19, 355, 75, 44, NULL, 0, NULL),
(1503, '2022-11-07 05:40:04.583900', '2022-11-07 05:40:04.583900', 1, 4900, NULL, NULL, 0, '4900.00', 0, NULL, NULL, 29, 1, 19, 355, 79, 44, NULL, 0, NULL),
(1504, '2022-11-07 05:40:04.615901', '2022-11-07 05:40:04.615901', 1, 1900, NULL, NULL, 0, '1900.00', 0, NULL, NULL, 29, 1, 19, 355, 80, 44, NULL, 0, NULL),
(1505, '2022-11-07 05:40:04.616902', '2022-11-07 05:40:04.616902', 1, 16900, NULL, NULL, 0, '16900.00', 0, NULL, NULL, 29, 1, 19, 355, 76, 44, NULL, 0, NULL),
(1506, '2022-11-07 05:41:28.071466', '2022-11-07 05:41:28.071466', 1, 4900, NULL, NULL, 0, '4900.00', 0, NULL, NULL, 29, 1, 19, 355, 79, 44, NULL, 0, NULL),
(1507, '2022-11-07 05:41:28.071466', '2022-11-07 05:41:28.071466', 1, 15900, NULL, NULL, 0, '15900.00', 0, NULL, NULL, 29, 1, 19, 355, 75, 44, NULL, 0, NULL),
(1508, '2022-11-07 05:41:28.087066', '2022-11-07 05:41:28.087066', 1, 1900, NULL, NULL, 0, '1900.00', 0, NULL, NULL, 29, 1, 19, 355, 80, 44, NULL, 0, NULL),
(1509, '2022-11-07 05:41:28.102666', '2022-11-07 05:41:28.102666', 1, 16900, NULL, NULL, 0, '16900.00', 0, NULL, NULL, 29, 1, 19, 355, 76, 44, NULL, 0, NULL),
(1510, '2022-11-07 05:42:25.498801', '2022-11-07 05:42:25.498801', 1, 16900, NULL, NULL, 0, '16900.00', 0, NULL, NULL, 29, 1, 19, 355, 76, 44, NULL, 0, NULL),
(1511, '2022-11-07 05:42:25.503802', '2022-11-07 05:42:25.503802', 1, 15900, NULL, NULL, 0, '15900.00', 0, NULL, NULL, 29, 1, 19, 355, 75, 44, NULL, 0, NULL),
(1512, '2022-11-07 05:42:25.543804', '2022-11-07 05:42:25.543804', 1, 16900, NULL, NULL, 0, '16900.00', 0, NULL, NULL, 29, 1, 19, 355, 77, 44, NULL, 0, NULL),
(1513, '2022-11-07 05:43:06.699358', '2022-11-07 05:43:06.699358', 1, 15900, NULL, NULL, 0, '15900.00', 0, NULL, NULL, 29, 1, 19, 355, 75, 44, NULL, 0, NULL),
(1514, '2022-11-07 05:43:06.798364', '2022-11-07 05:43:06.799364', 1, 16900, NULL, NULL, 0, '16900.00', 0, NULL, NULL, 29, 1, 19, 355, 76, 44, NULL, 0, NULL),
(1515, '2022-11-07 05:43:06.989375', '2022-11-07 05:43:06.989375', 1, 1900, NULL, NULL, 0, '1900.00', 0, NULL, NULL, 29, 1, 19, 355, 80, 44, NULL, 0, NULL),
(1516, '2022-11-07 05:43:07.028377', '2022-11-07 05:43:07.028377', 1, 1900, NULL, NULL, 0, '1900.00', 0, NULL, NULL, 29, 1, 19, 355, 81, 44, NULL, 0, NULL),
(1517, '2022-11-07 05:43:41.495407', '2022-11-07 05:43:41.495407', 1, 7900, NULL, NULL, 0, '7900.00', 0, NULL, NULL, 29, 1, 19, 355, 59, 44, NULL, 0, NULL),
(1518, '2022-11-07 05:43:41.566411', '2022-11-07 05:43:41.566411', 1, 7900, NULL, NULL, 0, '7900.00', 0, NULL, NULL, 29, 1, 19, 355, 60, 44, NULL, 0, NULL),
(1519, '2022-11-07 05:43:41.569412', '2022-11-07 05:43:41.569412', 1, 1900, NULL, NULL, 0, '1900.00', 0, NULL, NULL, 29, 1, 19, 355, 81, 44, NULL, 0, NULL),
(1520, '2022-11-07 05:43:41.570412', '2022-11-07 05:43:41.570412', 1, 1900, NULL, NULL, 0, '1900.00', 0, NULL, NULL, 29, 1, 19, 355, 80, 44, NULL, 0, NULL),
(1521, '2022-11-07 05:43:56.001361', '2022-11-07 05:43:56.002361', 1, 16900, NULL, NULL, 0, '16900.00', 0, NULL, NULL, 29, 1, 19, 355, 64, 44, NULL, 0, NULL),
(1522, '2022-11-07 05:43:56.042364', '2022-11-07 05:43:56.042364', 1, 16900, NULL, NULL, 0, '16900.00', 0, NULL, NULL, 29, 1, 19, 355, 66, 44, NULL, 0, NULL),
(1523, '2022-11-07 05:43:56.081366', '2022-11-07 05:43:56.081366', 1, 8900, NULL, NULL, 0, '8900.00', 0, NULL, NULL, 29, 1, 19, 355, 63, 44, NULL, 0, NULL),
(1524, '2022-11-07 05:43:56.102367', '2022-11-07 05:43:56.102367', 1, 15900, NULL, NULL, 0, '15900.00', 0, NULL, NULL, 29, 1, 19, 355, 65, 44, NULL, 0, NULL);

-- --------------------------------------------------------

--
-- Table structure for table `payment_app_order_payments`
--

CREATE TABLE `payment_app_order_payments` (
  `id` int(11) NOT NULL,
  `created_at` datetime(6) DEFAULT NULL,
  `updated_at` datetime(6) DEFAULT NULL,
  `created_by_id` int(11) DEFAULT NULL,
  `order_id` int(11) NOT NULL,
  `payment_id` int(11) NOT NULL,
  `updated_by_id` int(11) DEFAULT NULL
) ENGINE=InnoDB DEFAULT CHARSET=utf8 COLLATE=utf8_unicode_ci;

--
-- Dumping data for table `payment_app_order_payments`
--

INSERT INTO `payment_app_order_payments` (`id`, `created_at`, `updated_at`, `created_by_id`, `order_id`, `payment_id`, `updated_by_id`) VALUES
(55, '2021-07-24 14:01:51.169432', '2021-07-24 14:01:51.169432', NULL, 76, 99, NULL),
(56, '2021-07-24 14:05:50.539530', '2021-07-24 14:05:50.539530', NULL, 77, 100, NULL),
(57, '2021-07-24 14:09:05.284285', '2021-07-24 14:09:05.284285', NULL, 78, 101, NULL),
(58, '2021-07-24 14:09:48.133190', '2021-07-24 14:09:48.133190', NULL, 79, 102, NULL),
(59, '2021-07-24 14:11:20.140475', '2021-07-24 14:11:20.140475', NULL, 80, 103, NULL),
(60, '2021-07-24 14:14:39.606193', '2021-07-24 14:14:39.606193', NULL, 81, 104, NULL),
(61, '2021-07-24 14:31:32.859602', '2021-07-24 14:31:32.859602', NULL, 82, 105, NULL),
(62, '2021-07-26 13:06:32.842769', '2021-07-26 13:06:32.842769', NULL, 88, 106, NULL),
(63, '2021-07-26 13:14:47.191438', '2021-07-26 13:14:47.191438', NULL, 90, 107, NULL),
(64, '2021-07-26 13:15:03.914668', '2021-07-26 13:15:03.914668', NULL, 90, 108, NULL),
(65, '2021-07-26 13:15:35.395523', '2021-07-26 13:15:35.395523', NULL, 89, 109, NULL),
(66, '2021-07-26 13:17:49.527559', '2021-07-26 13:17:49.527559', NULL, 91, 110, NULL),
(67, '2021-07-26 13:19:19.742517', '2021-07-26 13:19:19.742517', NULL, 92, 111, NULL),
(68, '2021-07-26 13:20:07.868602', '2021-07-26 13:20:07.868602', NULL, 93, 112, NULL),
(69, '2021-07-26 13:20:48.974674', '2021-07-26 13:20:48.974674', NULL, 94, 113, NULL),
(70, '2021-07-26 13:21:36.071157', '2021-07-26 13:21:36.071157', NULL, 95, 114, NULL),
(71, '2021-07-26 13:22:59.063302', '2021-07-26 13:22:59.063302', NULL, 96, 115, NULL),
(72, '2021-07-26 13:30:18.370088', '2021-07-26 13:30:18.370088', NULL, 97, 116, NULL),
(73, '2021-07-26 13:50:04.500373', '2021-07-26 13:50:04.500373', NULL, 98, 117, NULL),
(74, '2021-07-26 13:51:29.099321', '2021-07-26 13:51:29.099321', NULL, 99, 118, NULL),
(75, '2021-07-26 14:12:49.621231', '2021-07-26 14:12:49.621231', NULL, 100, 119, NULL),
(76, '2021-07-26 14:13:32.308658', '2021-07-26 14:13:32.308658', NULL, 101, 120, NULL),
(77, '2021-07-26 14:17:51.751114', '2021-07-26 14:17:51.751114', NULL, 102, 121, NULL),
(78, '2021-07-26 14:20:32.518613', '2021-07-26 14:20:32.518613', NULL, 103, 122, NULL),
(79, '2021-07-26 14:21:31.286974', '2021-07-26 14:21:31.286974', NULL, 104, 123, NULL),
(80, '2021-07-26 14:22:35.968674', '2021-07-26 14:22:35.968674', NULL, 105, 124, NULL),
(81, '2021-07-26 14:23:02.970218', '2021-07-26 14:23:02.970218', NULL, 106, 125, NULL),
(82, '2021-07-26 14:24:16.781144', '2021-07-26 14:24:16.781144', NULL, 107, 126, NULL),
(83, '2021-07-26 14:28:50.049825', '2021-07-26 14:28:50.049825', NULL, 108, 127, NULL),
(84, '2021-07-27 05:27:51.791838', '2021-07-27 05:27:51.791838', NULL, 109, 128, NULL),
(85, '2021-07-27 06:00:55.017272', '2021-07-27 06:00:55.017272', NULL, 110, 129, NULL),
(86, '2021-07-27 06:01:57.709858', '2021-07-27 06:01:57.709858', NULL, 111, 130, NULL),
(87, '2021-07-27 06:17:55.942665', '2021-07-27 06:17:55.942665', NULL, 114, 131, NULL),
(88, '2021-07-27 06:24:10.444086', '2021-07-27 06:24:10.445086', NULL, 112, 132, NULL),
(89, '2021-07-27 06:32:11.713613', '2021-07-27 06:32:11.713613', NULL, 113, 133, NULL),
(90, '2021-07-27 06:32:12.249643', '2021-07-27 06:32:12.249643', NULL, 113, 134, NULL),
(91, '2021-07-27 07:14:46.870759', '2021-07-27 07:14:46.870759', NULL, 116, 135, NULL),
(92, '2021-07-27 08:47:41.868773', '2021-07-27 08:47:41.868773', NULL, 117, 136, NULL),
(93, '2021-07-27 08:53:03.375138', '2021-07-27 08:53:03.375138', NULL, 118, 137, NULL),
(94, '2021-07-27 08:54:59.454942', '2021-07-27 08:54:59.454942', NULL, 115, 138, NULL),
(95, '2021-07-27 09:45:07.454494', '2021-07-27 09:45:07.454494', NULL, 121, 139, NULL),
(96, '2021-07-27 13:49:02.632464', '2021-07-27 13:49:02.632464', NULL, 122, 140, NULL),
(97, '2021-07-27 13:51:19.446704', '2021-07-27 13:51:19.446704', NULL, 123, 141, NULL),
(98, '2021-07-27 13:54:15.869414', '2021-07-27 13:54:15.869414', NULL, 124, 142, NULL),
(99, '2021-07-27 13:55:30.047544', '2021-07-27 13:55:30.047544', NULL, 125, 143, NULL),
(100, '2021-07-27 13:56:50.122485', '2021-07-27 13:56:50.122485', NULL, 126, 144, NULL),
(101, '2021-07-27 13:57:39.496572', '2021-07-27 13:57:39.496572', NULL, 127, 145, NULL),
(102, '2021-07-27 13:58:53.503102', '2021-07-27 13:58:53.503102', NULL, 128, 146, NULL),
(103, '2021-07-27 13:59:44.561991', '2021-07-27 13:59:44.561991', NULL, 129, 147, NULL),
(104, '2021-07-27 14:00:43.077694', '2021-07-27 14:00:43.077694', NULL, 130, 148, NULL),
(105, '2021-07-27 14:10:26.689126', '2021-07-27 14:10:26.689126', NULL, 110, 149, NULL),
(106, '2021-07-28 05:51:57.891980', '2021-07-28 05:51:57.891980', NULL, 133, 150, NULL),
(107, '2021-07-28 05:59:49.640809', '2021-07-28 05:59:49.640809', NULL, 134, 151, NULL),
(108, '2021-07-28 06:19:51.988122', '2021-07-28 06:19:51.988122', NULL, 132, 152, NULL),
(109, '2021-07-28 08:26:46.507627', '2021-07-28 08:26:46.507627', NULL, 135, 153, NULL),
(110, '2021-07-28 08:28:13.323780', '2021-07-28 08:28:13.323780', NULL, 136, 154, NULL),
(111, '2021-07-28 09:05:55.812962', '2021-07-28 09:05:55.812962', NULL, 137, 155, NULL),
(112, '2021-07-28 10:22:16.461025', '2021-07-28 10:22:16.461025', NULL, 138, 156, NULL),
(113, '2021-07-28 10:22:34.152456', '2021-07-28 10:22:34.152456', NULL, 139, 157, NULL),
(114, '2021-07-28 10:36:26.170318', '2021-07-28 10:36:26.170318', NULL, 140, 158, NULL),
(115, '2021-07-28 13:54:55.937676', '2021-07-28 13:54:55.937676', NULL, 143, 159, NULL),
(116, '2021-07-28 13:55:50.756172', '2021-07-28 13:55:50.756172', NULL, 144, 160, NULL),
(117, '2021-07-28 13:56:19.897024', '2021-07-28 13:56:19.897024', NULL, 145, 161, NULL),
(118, '2021-07-28 13:57:24.075536', '2021-07-28 13:57:24.075536', NULL, 146, 162, NULL),
(119, '2021-07-28 13:58:43.152075', '2021-07-28 13:58:43.152075', NULL, 147, 163, NULL),
(120, '2021-07-28 14:05:04.061345', '2021-07-28 14:05:04.061345', NULL, 148, 164, NULL),
(121, '2021-07-28 14:08:20.730891', '2021-07-28 14:08:20.730891', NULL, 149, 165, NULL),
(122, '2021-07-28 14:13:42.070256', '2021-07-28 14:13:42.070256', NULL, 151, 166, NULL),
(123, '2021-07-28 14:23:48.342121', '2021-07-28 14:23:48.342121', NULL, 153, 167, NULL),
(124, '2021-07-28 14:25:10.429465', '2021-07-28 14:25:10.429465', NULL, 154, 168, NULL),
(125, '2021-07-28 14:28:30.375016', '2021-07-28 14:28:30.375016', NULL, 142, 169, NULL),
(126, '2021-07-28 14:29:00.327069', '2021-07-28 14:29:00.327069', NULL, 155, 170, NULL),
(127, '2021-07-28 14:29:47.049151', '2021-07-28 14:29:47.049151', NULL, 156, 171, NULL),
(128, '2021-07-28 14:51:00.561760', '2021-07-28 14:51:00.561760', NULL, 142, 172, NULL),
(129, '2021-07-28 14:53:29.011621', '2021-07-28 14:53:29.011621', NULL, 159, 173, NULL),
(130, '2021-07-29 06:26:15.755735', '2021-07-29 06:26:15.755735', NULL, 160, 174, NULL),
(131, '2021-07-29 06:30:43.921073', '2021-07-29 06:30:43.921073', NULL, 162, 175, NULL),
(132, '2021-07-29 06:31:23.769352', '2021-07-29 06:31:23.770353', NULL, 163, 176, NULL),
(133, '2021-07-29 07:05:09.330208', '2021-07-29 07:05:09.330208', NULL, 164, 177, NULL),
(134, '2021-07-29 07:05:18.724745', '2021-07-29 07:05:18.724745', NULL, 164, 178, NULL),
(135, '2021-07-29 07:29:23.617388', '2021-07-29 07:29:23.617388', NULL, 166, 179, NULL),
(136, '2021-07-29 07:32:28.484642', '2021-07-29 07:32:28.484642', NULL, 161, 180, NULL),
(137, '2021-07-29 07:46:33.489727', '2021-07-29 07:46:33.489727', NULL, 165, 181, NULL),
(138, '2021-07-29 08:15:59.955557', '2021-07-29 08:15:59.955557', NULL, 167, 182, NULL),
(139, '2021-07-29 08:46:39.891796', '2021-07-29 08:46:39.891796', NULL, 168, 183, NULL),
(140, '2021-07-29 09:34:40.393474', '2021-07-29 09:34:40.393474', NULL, 169, 184, NULL),
(141, '2021-07-29 10:12:45.217503', '2021-07-29 10:12:45.217503', NULL, 170, 185, NULL),
(142, '2021-07-29 10:13:15.356755', '2021-07-29 10:13:15.356755', NULL, 171, 186, NULL),
(143, '2021-07-29 11:28:41.481727', '2021-07-29 11:28:41.481727', NULL, 173, 187, NULL),
(144, '2021-07-29 13:51:54.135859', '2021-07-29 13:51:54.135859', NULL, 175, 188, NULL),
(145, '2021-07-29 13:58:59.611006', '2021-07-29 13:58:59.611006', NULL, 176, 189, NULL),
(146, '2021-07-29 14:07:13.235280', '2021-07-29 14:07:13.235280', NULL, 174, 190, NULL),
(147, '2021-07-29 14:08:27.163810', '2021-07-29 14:08:27.163810', NULL, 172, 191, NULL),
(148, '2021-07-29 14:09:35.382730', '2021-07-29 14:09:35.382730', NULL, 177, 192, NULL),
(149, '2021-07-29 14:10:31.964029', '2021-07-29 14:10:31.964029', NULL, 178, 193, NULL),
(150, '2021-07-29 14:10:39.698044', '2021-07-29 14:10:39.698044', NULL, 178, 194, NULL),
(151, '2021-07-29 14:17:26.165758', '2021-07-29 14:17:26.165758', NULL, 179, 195, NULL),
(152, '2021-07-29 14:23:58.100847', '2021-07-29 14:23:58.100847', NULL, 180, 196, NULL),
(153, '2021-07-29 14:24:04.980459', '2021-07-29 14:24:04.980459', NULL, 180, 197, NULL),
(154, '2021-08-07 07:32:33.946822', '2021-08-07 07:32:33.946822', NULL, 183, 198, NULL),
(155, '2021-08-07 07:32:47.518845', '2021-08-07 07:32:47.518845', NULL, 183, 199, NULL),
(156, '2021-08-07 07:33:00.295268', '2021-08-07 07:33:00.295268', NULL, 183, 200, NULL),
(157, '2021-08-07 08:16:31.494817', '2021-08-07 08:16:31.494817', NULL, 182, 201, NULL),
(158, '2021-08-07 08:17:38.528135', '2021-08-07 08:17:38.528135', NULL, 184, 202, NULL),
(159, '2021-08-07 08:19:37.665544', '2021-08-07 08:19:37.665544', NULL, 185, 203, NULL),
(160, '2021-08-07 08:20:12.282005', '2021-08-07 08:20:12.282005', NULL, 186, 204, NULL),
(161, '2021-08-07 08:21:18.285721', '2021-08-07 08:21:18.285721', NULL, 187, 205, NULL),
(162, '2021-08-07 08:22:20.046229', '2021-08-07 08:22:20.046229', NULL, 188, 206, NULL),
(163, '2021-08-07 08:28:14.728452', '2021-08-07 08:28:14.728452', NULL, 190, 207, NULL),
(164, '2021-08-07 08:30:02.641842', '2021-08-07 08:30:02.641842', NULL, 191, 208, NULL),
(165, '2021-08-07 08:31:10.455161', '2021-08-07 08:31:10.455161', NULL, 192, 209, NULL),
(166, '2021-08-07 08:31:23.387584', '2021-08-07 08:31:23.387584', NULL, 192, 210, NULL),
(167, '2021-08-07 08:32:20.748885', '2021-08-07 08:32:20.748885', NULL, 193, 211, NULL),
(168, '2021-08-07 08:33:13.644282', '2021-08-07 08:33:13.644282', NULL, 194, 212, NULL),
(169, '2021-08-07 08:34:16.729890', '2021-08-07 08:34:16.729890', NULL, 195, 213, NULL),
(170, '2021-08-07 08:35:53.857446', '2021-08-07 08:35:53.857446', NULL, 196, 214, NULL),
(171, '2021-08-07 08:44:06.705022', '2021-08-07 08:44:06.705022', NULL, 189, 215, NULL),
(172, '2021-08-07 09:04:15.166518', '2021-08-07 09:04:15.166518', NULL, 197, 216, NULL),
(173, '2021-08-07 09:17:42.129819', '2021-08-07 09:17:42.129819', NULL, 198, 217, NULL),
(174, '2021-08-07 09:20:47.328046', '2021-08-07 09:20:47.328046', NULL, 199, 218, NULL),
(175, '2021-08-07 11:19:27.631822', '2021-08-07 11:19:27.631822', NULL, 200, 219, NULL),
(176, '2021-08-07 11:24:13.622286', '2021-08-07 11:24:13.622286', NULL, 201, 220, NULL),
(177, '2021-08-07 13:24:34.855754', '2021-08-07 13:24:34.855754', NULL, 202, 221, NULL),
(178, '2021-08-07 13:42:47.895288', '2021-08-07 13:42:47.895288', NULL, 205, 222, NULL),
(179, '2021-08-07 13:42:54.150899', '2021-08-07 13:42:54.150899', NULL, 205, 223, NULL),
(180, '2021-08-07 13:42:59.751309', '2021-08-07 13:42:59.751309', NULL, 205, 224, NULL),
(181, '2021-08-07 13:49:36.260258', '2021-08-07 13:49:36.260258', NULL, 207, 225, NULL),
(182, '2021-08-07 13:51:39.393274', '2021-08-07 13:51:39.393274', NULL, 208, 226, NULL),
(183, '2021-08-07 13:52:54.148606', '2021-08-07 13:52:54.148606', NULL, 209, 227, NULL),
(184, '2021-08-07 14:01:33.889279', '2021-08-07 14:01:33.889279', NULL, 203, 228, NULL),
(185, '2021-08-07 14:01:59.911125', '2021-08-07 14:01:59.911125', NULL, 211, 229, NULL),
(186, '2021-08-07 14:02:09.567542', '2021-08-07 14:02:09.567542', NULL, 211, 230, NULL),
(187, '2021-08-07 14:03:37.810878', '2021-08-07 14:03:37.810878', NULL, 204, 231, NULL),
(189, '2021-08-08 14:00:04.664906', '2021-08-08 14:00:04.664906', NULL, 213, 233, NULL),
(190, '2021-08-08 14:00:10.374516', '2021-08-08 14:00:10.374516', NULL, 213, 234, NULL),
(191, '2021-08-08 14:00:54.056593', '2021-08-08 14:00:54.056593', NULL, 214, 235, NULL),
(192, '2021-08-08 14:02:28.398959', '2021-08-08 14:02:28.398959', NULL, 215, 236, NULL),
(193, '2021-08-08 14:03:16.930644', '2021-08-08 14:03:16.930644', NULL, 216, 237, NULL),
(194, '2021-08-08 14:13:18.628626', '2021-08-08 14:13:18.628626', NULL, 218, 238, NULL),
(195, '2021-08-08 14:13:51.806523', '2021-08-08 14:13:51.806523', NULL, 219, 239, NULL),
(196, '2021-08-08 14:15:01.546512', '2021-08-08 14:15:01.547512', NULL, 220, 240, NULL),
(197, '2021-08-08 14:16:06.017200', '2021-08-08 14:16:06.017200', NULL, 221, 241, NULL),
(198, '2021-08-08 14:16:08.834361', '2021-08-08 14:16:08.834361', NULL, 221, 242, NULL),
(199, '2021-08-08 14:18:11.327367', '2021-08-08 14:18:11.327367', NULL, 222, 243, NULL),
(200, '2021-08-08 14:18:20.834911', '2021-08-08 14:18:20.834911', NULL, 222, 244, NULL),
(201, '2021-08-08 14:19:30.114873', '2021-08-08 14:19:30.114873', NULL, 223, 245, NULL),
(202, '2021-08-08 14:21:03.839234', '2021-08-08 14:21:03.839234', NULL, 224, 246, NULL),
(203, '2021-08-08 14:23:24.924304', '2021-08-08 14:23:24.924304', NULL, 225, 247, NULL),
(204, '2021-08-08 14:24:06.445679', '2021-08-08 14:24:06.445679', NULL, 217, 248, NULL),
(205, '2021-08-08 14:24:16.067229', '2021-08-08 14:24:16.067229', NULL, 217, 249, NULL),
(206, '2021-08-08 14:25:27.818333', '2021-08-08 14:25:27.818333', NULL, 226, 250, NULL),
(207, '2021-08-08 14:34:05.455876', '2021-08-08 14:34:05.456876', NULL, 228, 251, NULL),
(208, '2021-08-08 14:38:31.974120', '2021-08-08 14:38:31.974120', NULL, 229, 252, NULL),
(209, '2021-08-08 14:39:53.922807', '2021-08-08 14:39:53.922807', NULL, 230, 253, NULL),
(210, '2021-08-08 14:48:09.625159', '2021-08-08 14:48:09.625159', NULL, 227, 254, NULL),
(211, '2021-08-08 15:07:07.738738', '2021-08-08 15:07:07.738738', NULL, 229, 255, NULL),
(212, '2021-08-09 04:12:10.773306', '2021-08-09 04:12:10.773306', NULL, 235, 256, NULL),
(213, '2021-08-09 04:13:30.349046', '2021-08-09 04:13:30.349046', NULL, 236, 257, NULL),
(214, '2021-08-09 05:14:58.324373', '2021-08-09 05:14:58.324373', NULL, 237, 258, NULL),
(215, '2021-08-09 11:33:22.417129', '2021-08-09 11:33:22.417129', NULL, 238, 259, NULL),
(216, '2021-08-09 12:14:01.606507', '2021-08-09 12:14:01.606507', NULL, 239, 260, NULL),
(217, '2021-08-09 12:14:50.465792', '2021-08-09 12:14:50.465792', NULL, 240, 261, NULL),
(218, '2021-08-09 12:40:32.902302', '2021-08-09 12:40:32.902302', NULL, 241, 262, NULL),
(219, '2021-08-09 12:45:42.891447', '2021-08-09 12:45:42.891447', NULL, 242, 263, NULL),
(220, '2021-08-09 12:46:33.809936', '2021-08-09 12:46:33.809936', NULL, 243, 264, NULL),
(221, '2021-08-09 12:51:29.945256', '2021-08-09 12:51:29.945256', NULL, 244, 265, NULL),
(222, '2021-08-09 12:53:54.245510', '2021-08-09 12:53:54.245510', NULL, 245, 266, NULL),
(223, '2021-08-09 12:54:35.929783', '2021-08-09 12:54:35.929783', NULL, 246, 267, NULL),
(224, '2021-08-09 12:57:34.658301', '2021-08-09 12:57:34.658301', NULL, 247, 268, NULL),
(225, '2021-08-09 13:01:10.938081', '2021-08-09 13:01:10.938081', NULL, 248, 269, NULL),
(226, '2021-08-09 13:08:18.879033', '2021-08-09 13:08:18.879033', NULL, 250, 270, NULL),
(227, '2021-08-09 13:09:57.834007', '2021-08-09 13:09:57.834007', NULL, 251, 271, NULL),
(228, '2021-08-09 13:35:01.504850', '2021-08-09 13:35:01.504850', NULL, 252, 272, NULL),
(229, '2021-08-09 13:41:26.470560', '2021-08-09 13:41:26.470560', NULL, 253, 273, NULL),
(230, '2021-08-09 13:51:51.521106', '2021-08-09 13:51:51.521106', NULL, 254, 274, NULL),
(231, '2021-08-09 13:54:51.358221', '2021-08-09 13:54:51.358221', NULL, 255, 275, NULL),
(232, '2021-08-09 13:56:53.366036', '2021-08-09 13:56:53.366036', NULL, 256, 276, NULL),
(233, '2021-08-09 13:58:20.882189', '2021-08-09 13:58:20.882189', NULL, 257, 277, NULL),
(234, '2021-08-09 14:03:10.013097', '2021-08-09 14:03:10.013097', NULL, 258, 278, NULL),
(235, '2021-08-09 14:03:54.317175', '2021-08-09 14:03:54.317175', NULL, 259, 279, NULL),
(236, '2021-08-09 14:05:20.039326', '2021-08-09 14:05:20.039326', NULL, 260, 280, NULL),
(237, '2021-08-09 14:26:13.949050', '2021-08-09 14:26:13.950050', NULL, 261, 281, NULL),
(238, '2021-08-10 06:50:22.989065', '2021-08-10 06:50:22.989065', NULL, 263, 282, NULL),
(239, '2021-08-10 06:51:34.500591', '2021-08-10 06:51:34.500591', NULL, 264, 283, NULL),
(240, '2021-08-10 07:08:38.948993', '2021-08-10 07:08:38.948993', NULL, 265, 284, NULL),
(241, '2021-08-10 07:44:24.724563', '2021-08-10 07:44:24.724563', NULL, 266, 285, NULL),
(242, '2021-08-10 07:45:23.349466', '2021-08-10 07:45:23.349466', NULL, 267, 286, NULL),
(243, '2021-08-10 07:52:41.617636', '2021-08-10 07:52:41.617636', NULL, 265, 287, NULL),
(244, '2021-08-10 07:53:30.227321', '2021-08-10 07:53:30.227321', NULL, 268, 288, NULL),
(245, '2021-08-10 07:54:55.200671', '2021-08-10 07:54:55.200671', NULL, 269, 289, NULL),
(246, '2021-08-10 07:55:35.947942', '2021-08-10 07:55:35.947942', NULL, 270, 290, NULL),
(247, '2021-08-10 07:56:19.050818', '2021-08-10 07:56:19.050818', NULL, 271, 291, NULL),
(248, '2021-08-10 07:57:19.578924', '2021-08-10 07:57:19.578924', NULL, 272, 292, NULL),
(249, '2021-08-10 08:37:39.818191', '2021-08-10 08:37:39.818191', NULL, 273, 293, NULL),
(250, '2021-08-10 14:09:14.362931', '2021-08-10 14:09:14.362931', NULL, 275, 294, NULL),
(251, '2021-08-10 14:15:45.444299', '2021-08-10 14:15:45.445299', NULL, 276, 295, NULL),
(252, '2021-08-10 14:15:56.385925', '2021-08-10 14:15:56.385925', NULL, 276, 296, NULL),
(253, '2021-08-10 14:16:25.047565', '2021-08-10 14:16:25.047565', NULL, 274, 297, NULL),
(254, '2021-08-10 14:18:28.171607', '2021-08-10 14:18:28.171607', NULL, 277, 298, NULL),
(255, '2021-08-10 14:19:33.560347', '2021-08-10 14:19:33.560347', NULL, 278, 299, NULL),
(256, '2021-08-10 14:21:57.515581', '2021-08-10 14:21:57.515581', NULL, 279, 300, NULL),
(257, '2021-08-10 14:22:38.724938', '2021-08-10 14:22:38.724938', NULL, 280, 301, NULL),
(258, '2021-08-10 14:35:17.793964', '2021-08-10 14:35:17.793964', NULL, 281, 302, NULL),
(259, '2021-08-10 14:36:15.642146', '2021-08-10 14:36:15.642146', NULL, 282, 303, NULL),
(260, '2021-08-10 14:36:48.942130', '2021-08-10 14:36:48.942130', NULL, 283, 304, NULL),
(261, '2021-08-10 14:37:31.408567', '2021-08-10 14:37:31.409567', NULL, 284, 305, NULL),
(262, '2021-08-10 14:38:07.525632', '2021-08-10 14:38:07.525632', NULL, 285, 306, NULL),
(263, '2021-08-10 14:39:11.290287', '2021-08-10 14:39:11.290287', NULL, 286, 307, NULL),
(264, '2021-08-10 14:40:34.513638', '2021-08-10 14:40:34.513638', NULL, 287, 308, NULL),
(265, '2021-08-10 14:42:05.828117', '2021-08-10 14:42:05.829117', NULL, 288, 309, NULL),
(266, '2021-08-10 14:43:26.284471', '2021-08-10 14:43:26.284471', NULL, 289, 310, NULL),
(267, '2021-08-10 14:47:15.818054', '2021-08-10 14:47:15.818054', NULL, 290, 311, NULL),
(268, '2021-08-10 14:49:01.872229', '2021-08-10 14:49:01.872229', NULL, 291, 312, NULL),
(269, '2021-08-10 14:51:02.669464', '2021-08-10 14:51:02.669464', NULL, 292, 313, NULL),
(270, '2021-08-11 14:28:15.429386', '2021-08-11 14:28:15.429386', NULL, 296, 314, NULL),
(271, '2021-08-12 04:29:19.969943', '2021-08-12 04:29:19.969943', NULL, 298, 315, NULL),
(272, '2021-08-12 05:00:11.933985', '2021-08-12 05:00:11.933985', NULL, 297, 316, NULL),
(273, '2021-08-12 08:04:23.193289', '2021-08-12 08:04:23.193289', NULL, 301, 317, NULL),
(274, '2021-08-12 08:05:09.477792', '2021-08-12 08:05:09.478792', NULL, 302, 318, NULL),
(275, '2021-08-12 08:13:51.209633', '2021-08-12 08:13:51.209633', NULL, 303, 319, NULL),
(276, '2021-08-12 08:18:05.480177', '2021-08-12 08:18:05.480177', NULL, 304, 320, NULL),
(277, '2021-08-12 08:20:26.373235', '2021-08-12 08:20:26.373235', NULL, 305, 321, NULL),
(278, '2021-08-12 08:22:31.251378', '2021-08-12 08:22:31.251378', NULL, 306, 322, NULL),
(279, '2021-08-12 08:23:29.884732', '2021-08-12 08:23:29.884732', NULL, 307, 323, NULL),
(280, '2021-08-12 08:24:19.005541', '2021-08-12 08:24:19.005541', NULL, 308, 324, NULL),
(281, '2021-08-12 08:25:12.833620', '2021-08-12 08:25:12.833620', NULL, 309, 325, NULL),
(282, '2021-08-12 08:25:20.426054', '2021-08-12 08:25:20.426054', NULL, 309, 326, NULL),
(283, '2021-08-12 08:26:01.544406', '2021-08-12 08:26:01.544406', NULL, 310, 327, NULL),
(284, '2021-08-12 08:27:22.555040', '2021-08-12 08:27:22.555040', NULL, 311, 328, NULL),
(285, '2021-08-12 08:28:25.570644', '2021-08-12 08:28:25.570644', NULL, 312, 329, NULL),
(286, '2021-08-12 08:29:26.461127', '2021-08-12 08:29:26.461127', NULL, 313, 330, NULL),
(287, '2021-08-12 08:30:32.424900', '2021-08-12 08:30:32.424900', NULL, 314, 331, NULL),
(288, '2021-08-12 08:32:01.774010', '2021-08-12 08:32:01.775010', NULL, 315, 332, NULL),
(289, '2021-08-12 08:32:39.488167', '2021-08-12 08:32:39.488167', NULL, 316, 333, NULL),
(290, '2021-08-12 08:33:23.375677', '2021-08-12 08:33:23.375677', NULL, 317, 334, NULL),
(291, '2021-08-12 08:34:17.091750', '2021-08-12 08:34:17.091750', NULL, 318, 335, NULL),
(292, '2021-08-12 08:35:14.586038', '2021-08-12 08:35:14.586038', NULL, 319, 336, NULL),
(293, '2021-08-12 08:36:05.805968', '2021-08-12 08:36:05.806968', NULL, 320, 337, NULL),
(294, '2021-08-12 08:36:34.935634', '2021-08-12 08:36:34.935634', NULL, 321, 338, NULL),
(295, '2021-08-12 08:37:16.896034', '2021-08-12 08:37:16.896034', NULL, 322, 339, NULL),
(296, '2021-08-12 08:38:03.180681', '2021-08-12 08:38:03.180681', NULL, 323, 340, NULL),
(297, '2021-08-12 08:38:49.800348', '2021-08-12 08:38:49.800348', NULL, 324, 341, NULL),
(298, '2021-08-12 08:39:31.874754', '2021-08-12 08:39:31.874754', NULL, 325, 342, NULL),
(299, '2021-08-12 08:40:36.975478', '2021-08-12 08:40:36.975478', NULL, 326, 343, NULL),
(300, '2021-08-12 08:41:30.986567', '2021-08-12 08:41:30.986567', NULL, 327, 344, NULL),
(301, '2021-08-12 08:42:02.634377', '2021-08-12 08:42:02.634377', NULL, 328, 345, NULL),
(302, '2021-08-12 08:42:51.071148', '2021-08-12 08:42:51.071148', NULL, 329, 346, NULL),
(303, '2021-08-13 02:21:06.524728', '2021-08-13 02:21:06.524728', NULL, 330, 347, NULL),
(304, '2021-08-13 02:23:30.294581', '2021-08-13 02:23:30.294581', NULL, 331, 348, NULL),
(305, '2021-08-13 02:27:49.239436', '2021-08-13 02:27:49.239436', NULL, 332, 349, NULL),
(306, '2021-08-13 02:27:59.769454', '2021-08-13 02:27:59.769454', NULL, 332, 350, NULL),
(307, '2021-08-13 02:32:59.040380', '2021-08-13 02:32:59.040380', NULL, 333, 351, NULL),
(308, '2021-08-13 02:34:31.408142', '2021-08-13 02:34:31.408142', NULL, 334, 352, NULL),
(309, '2021-08-13 02:36:05.039507', '2021-08-13 02:36:05.039507', NULL, 335, 353, NULL),
(310, '2021-08-13 03:49:02.734796', '2021-08-13 03:49:02.734796', NULL, 336, 354, NULL),
(311, '2021-08-13 03:53:02.632017', '2021-08-13 03:53:02.632017', NULL, 337, 355, NULL),
(312, '2021-08-13 04:31:13.964042', '2021-08-13 04:31:13.964042', NULL, 338, 356, NULL),
(313, '2021-08-13 04:31:54.914113', '2021-08-13 04:31:54.914113', NULL, 339, 357, NULL),
(314, '2021-08-13 04:32:25.287367', '2021-08-13 04:32:25.287367', NULL, 340, 358, NULL),
(315, '2021-08-13 04:33:20.480264', '2021-08-13 04:33:20.480264', NULL, 341, 359, NULL),
(316, '2021-08-13 04:34:25.298378', '2021-08-13 04:34:25.298378', NULL, 342, 360, NULL),
(317, '2021-08-13 04:37:50.579138', '2021-08-13 04:37:50.579138', NULL, 343, 361, NULL),
(318, '2021-08-13 04:38:49.906042', '2021-08-13 04:38:49.906042', NULL, 344, 362, NULL),
(319, '2021-08-13 04:39:34.412921', '2021-08-13 04:39:34.412921', NULL, 345, 363, NULL),
(320, '2021-08-13 04:40:18.233397', '2021-08-13 04:40:18.233397', NULL, 346, 364, NULL),
(321, '2021-08-13 04:41:04.503079', '2021-08-13 04:41:04.503079', NULL, 347, 365, NULL),
(322, '2021-08-13 04:41:54.079966', '2021-08-13 04:41:54.079966', NULL, 348, 366, NULL),
(323, '2021-08-13 04:42:27.651225', '2021-08-13 04:42:27.651225', NULL, 349, 367, NULL),
(324, '2021-08-13 04:44:12.249409', '2021-08-13 04:44:12.249409', NULL, 350, 368, NULL),
(325, '2021-08-13 04:44:50.266675', '2021-08-13 04:44:50.266675', NULL, 351, 369, NULL),
(326, '2021-08-13 04:46:03.118803', '2021-08-13 04:46:03.118803', NULL, 352, 370, NULL),
(327, '2021-08-13 04:47:02.508108', '2021-08-13 04:47:02.508108', NULL, 353, 371, NULL);

-- --------------------------------------------------------

--
-- Table structure for table `payment_app_payment`
--

CREATE TABLE `payment_app_payment` (
  `id` int(11) NOT NULL,
  `created_at` datetime(6) DEFAULT NULL,
  `updated_at` datetime(6) DEFAULT NULL,
  `amount` decimal(14,2) DEFAULT NULL,
  `confirmed_by_id` int(11) NOT NULL,
  `created_by_id` int(11) DEFAULT NULL,
  `shift_work_id` int(11) DEFAULT NULL,
  `updated_by_id` int(11) DEFAULT NULL,
  `wallet_id` int(11) NOT NULL,
  `division_id` int(11) DEFAULT NULL
) ENGINE=InnoDB DEFAULT CHARSET=utf8 COLLATE=utf8_unicode_ci;

--
-- Dumping data for table `payment_app_payment`
--

INSERT INTO `payment_app_payment` (`id`, `created_at`, `updated_at`, `amount`, `confirmed_by_id`, `created_by_id`, `shift_work_id`, `updated_by_id`, `wallet_id`, `division_id`) VALUES
(99, '2021-07-24 14:01:50.951032', '2021-07-24 14:01:50.951032', '71900.00', 2, 2, 29, NULL, 6, 5),
(100, '2021-07-24 14:05:50.171729', '2021-07-24 14:05:50.171729', '136600.00', 2, 2, 29, NULL, 5, 5),
(101, '2021-07-24 14:09:05.221885', '2021-07-24 14:09:05.221885', '37700.00', 2, 2, 29, NULL, 5, 5),
(102, '2021-07-24 14:09:47.655787', '2021-07-24 14:09:47.655787', '13500.00', 2, 2, 29, NULL, 5, 5),
(103, '2021-07-24 14:11:20.031275', '2021-07-24 14:11:20.031275', '49000.00', 2, 2, 29, NULL, 5, 5),
(104, '2021-07-24 14:14:39.372193', '2021-07-24 14:14:39.372193', '62100.00', 2, 2, 29, NULL, 6, 5),
(105, '2021-07-24 14:31:32.734802', '2021-07-24 14:31:32.734802', '27000.00', 1, 1, 30, NULL, 3, 5),
(106, '2021-07-26 13:06:32.577569', '2021-07-26 13:06:32.577569', '17800.00', 2, 2, 32, NULL, 5, 5),
(107, '2021-07-26 13:14:47.035438', '2021-07-26 13:14:47.035438', '43000.00', 2, 2, 32, NULL, 5, 5),
(108, '2021-07-26 13:15:03.867868', '2021-07-26 13:15:03.867868', '17900.00', 2, 2, 32, NULL, 6, 5),
(109, '2021-07-26 13:15:35.223923', '2021-07-26 13:15:35.223923', '17900.00', 2, 2, 32, NULL, 1, 5),
(110, '2021-07-26 13:17:49.465159', '2021-07-26 13:17:49.465159', '51700.00', 2, 2, 32, NULL, 5, 5),
(111, '2021-07-26 13:19:19.680117', '2021-07-26 13:19:19.680117', '42900.00', 2, 2, 32, NULL, 1, 5),
(112, '2021-07-26 13:20:07.681401', '2021-07-26 13:20:07.681401', '15800.00', 2, 2, 32, NULL, 1, 5),
(113, '2021-07-26 13:20:48.912274', '2021-07-26 13:20:48.912274', '49000.00', 2, 2, 32, NULL, 5, 5),
(114, '2021-07-26 13:21:36.024357', '2021-07-26 13:21:36.024357', '54800.00', 2, 2, 32, NULL, 1, 5),
(115, '2021-07-26 13:22:58.876102', '2021-07-26 13:22:58.876102', '52800.00', 2, 2, 32, NULL, 5, 5),
(116, '2021-07-26 13:30:18.276487', '2021-07-26 13:30:18.276487', '68600.00', 2, 2, 32, NULL, 1, 5),
(117, '2021-07-26 13:50:04.391172', '2021-07-26 13:50:04.391172', '76600.00', 2, 2, 32, NULL, 1, 5),
(118, '2021-07-26 13:51:28.990121', '2021-07-26 13:51:28.990121', '64600.00', 2, 2, 32, NULL, 6, 5),
(119, '2021-07-26 14:12:49.371217', '2021-07-26 14:12:49.371217', '256700.00', 2, 2, 32, NULL, 5, 5),
(120, '2021-07-26 14:13:32.246257', '2021-07-26 14:13:32.246257', '8000.00', 2, 2, 32, NULL, 6, 5),
(121, '2021-07-26 14:17:51.626314', '2021-07-26 14:17:51.626314', '86500.00', 2, 2, 32, NULL, 5, 5),
(122, '2021-07-26 14:20:32.461610', '2021-07-26 14:20:32.461610', '29000.00', 2, 2, 32, NULL, 5, 5),
(123, '2021-07-26 14:21:31.013959', '2021-07-26 14:21:31.013959', '27700.00', 2, 2, 32, NULL, 1, 5),
(124, '2021-07-26 14:22:35.827666', '2021-07-26 14:22:35.827666', '30200.00', 2, 2, 32, NULL, 5, 5),
(125, '2021-07-26 14:23:02.907215', '2021-07-26 14:23:02.907215', '13800.00', 2, 2, 32, NULL, 5, 5),
(126, '2021-07-26 14:24:16.718744', '2021-07-26 14:24:16.718744', '20700.00', 2, 2, 32, NULL, 5, 5),
(127, '2021-07-26 14:28:49.815824', '2021-07-26 14:28:49.815824', '9000.00', 2, 2, 32, NULL, 6, 5),
(128, '2021-07-27 05:27:51.693832', '2021-07-27 05:27:51.693832', '21800.00', 6, 6, 33, NULL, 1, 5),
(129, '2021-07-27 06:00:54.901265', '2021-07-27 06:00:54.901265', '71800.00', 6, 6, 33, NULL, 5, 5),
(130, '2021-07-27 06:01:57.534848', '2021-07-27 06:01:57.534848', '34900.00', 6, 6, 33, NULL, 5, 5),
(131, '2021-07-27 06:17:55.798657', '2021-07-27 06:17:55.798657', '95200.00', 6, 6, 33, NULL, 6, 5),
(132, '2021-07-27 06:24:10.363081', '2021-07-27 06:24:10.363081', '59000.00', 6, 6, 33, NULL, 5, 5),
(133, '2021-07-27 06:32:11.662610', '2021-07-27 06:32:11.662610', '36900.00', 6, 6, 33, NULL, 1, 5),
(134, '2021-07-27 06:32:12.165638', '2021-07-27 06:32:12.165638', '0.00', 6, 6, 33, NULL, 1, 5),
(135, '2021-07-27 07:14:46.527559', '2021-07-27 07:14:46.527559', '23800.00', 8, 8, 33, NULL, 5, 5),
(136, '2021-07-27 08:47:41.743972', '2021-07-27 08:47:41.743972', '25800.00', 6, 6, 33, NULL, 1, 5),
(137, '2021-07-27 08:53:03.297138', '2021-07-27 08:53:03.297138', '67700.00', 6, 6, 33, NULL, 5, 5),
(138, '2021-07-27 08:54:59.376942', '2021-07-27 08:54:59.376942', '57700.00', 6, 6, 33, NULL, 1, 5),
(139, '2021-07-27 09:45:07.345294', '2021-07-27 09:45:07.345294', '63900.00', 6, 6, 33, NULL, 1, 5),
(140, '2021-07-27 13:49:02.429663', '2021-07-27 13:49:02.429663', '76600.00', 2, 2, 33, NULL, 1, 5),
(141, '2021-07-27 13:51:19.337504', '2021-07-27 13:51:19.337504', '120300.00', 2, 2, 33, NULL, 5, 5),
(142, '2021-07-27 13:54:15.744614', '2021-07-27 13:54:15.744614', '13900.00', 2, 2, 33, NULL, 1, 5),
(143, '2021-07-27 13:55:29.953944', '2021-07-27 13:55:29.953944', '42700.00', 2, 2, 33, NULL, 5, 5),
(144, '2021-07-27 13:56:50.028885', '2021-07-27 13:56:50.028885', '110400.00', 2, 2, 33, NULL, 5, 5),
(145, '2021-07-27 13:57:39.402971', '2021-07-27 13:57:39.402971', '33800.00', 2, 2, 33, NULL, 5, 5),
(146, '2021-07-27 13:58:53.284701', '2021-07-27 13:58:53.284701', '78600.00', 2, 2, 33, NULL, 5, 5),
(147, '2021-07-27 13:59:44.515191', '2021-07-27 13:59:44.515191', '31900.00', 2, 2, 33, NULL, 6, 5),
(148, '2021-07-27 14:00:42.952894', '2021-07-27 14:00:42.952894', '22800.00', 2, 2, 33, NULL, 5, 5),
(149, '2021-07-27 14:10:26.603121', '2021-07-27 14:10:26.604121', '3800.00', 2, 2, 33, NULL, 1, 5),
(150, '2021-07-28 05:51:57.767180', '2021-07-28 05:51:57.767180', '75700.00', 7, 7, 34, NULL, 5, 5),
(151, '2021-07-28 05:59:49.500408', '2021-07-28 05:59:49.500408', '85500.00', 7, 7, 34, NULL, 5, 5),
(152, '2021-07-28 06:19:51.800921', '2021-07-28 06:19:51.800921', '86700.00', 7, 7, 34, NULL, 5, 5),
(153, '2021-07-28 08:26:46.289227', '2021-07-28 08:26:46.289227', '18900.00', 6, 6, 34, NULL, 5, 5),
(154, '2021-07-28 08:28:13.261380', '2021-07-28 08:28:13.261380', '91700.00', 6, 6, 34, NULL, 5, 5),
(155, '2021-07-28 09:05:55.672561', '2021-07-28 09:05:55.672561', '33800.00', 6, 6, 34, NULL, 5, 5),
(156, '2021-07-28 10:22:16.367425', '2021-07-28 10:22:16.367425', '44800.00', 6, 6, 34, NULL, 5, 5),
(157, '2021-07-28 10:22:34.090056', '2021-07-28 10:22:34.090056', '29000.00', 6, 6, 34, NULL, 5, 5),
(158, '2021-07-28 10:36:26.107918', '2021-07-28 10:36:26.107918', '13000.00', 6, 6, 34, NULL, 1, 5),
(159, '2021-07-28 13:54:55.828476', '2021-07-28 13:54:55.828476', '77600.00', 2, 2, 34, NULL, 5, 5),
(160, '2021-07-28 13:55:50.646972', '2021-07-28 13:55:50.646972', '1900.00', 2, 2, 34, NULL, 5, 5),
(161, '2021-07-28 13:56:19.694223', '2021-07-28 13:56:19.694223', '17800.00', 2, 2, 34, NULL, 5, 5),
(162, '2021-07-28 13:57:24.028736', '2021-07-28 13:57:24.028736', '40800.00', 2, 2, 34, NULL, 5, 5),
(163, '2021-07-28 13:58:42.918075', '2021-07-28 13:58:42.918075', '78700.00', 2, 2, 34, NULL, 5, 5),
(164, '2021-07-28 14:05:03.920945', '2021-07-28 14:05:03.920945', '77400.00', 2, 2, 34, NULL, 5, 5),
(165, '2021-07-28 14:08:20.372090', '2021-07-28 14:08:20.372090', '66500.00', 2, 2, 34, NULL, 5, 5),
(166, '2021-07-28 14:13:41.929856', '2021-07-28 14:13:41.929856', '100000.00', 2, 2, 34, NULL, 5, 5),
(167, '2021-07-28 14:23:48.232921', '2021-07-28 14:23:48.232921', '76800.00', 2, 2, 34, NULL, 5, 5),
(168, '2021-07-28 14:25:10.351465', '2021-07-28 14:25:10.351465', '91400.00', 2, 2, 34, NULL, 5, 5),
(169, '2021-07-28 14:28:30.297016', '2021-07-28 14:28:30.297016', '224800.00', 2, 2, 34, NULL, 5, 5),
(170, '2021-07-28 14:29:00.124269', '2021-07-28 14:29:00.124269', '9000.00', 2, 2, 34, NULL, 5, 5),
(171, '2021-07-28 14:29:46.986751', '2021-07-28 14:29:46.986751', '65700.00', 2, 2, 34, NULL, 5, 5),
(172, '2021-07-28 14:51:00.468160', '2021-07-28 14:51:00.468160', '21800.00', 2, 2, 34, NULL, 5, 5),
(173, '2021-07-28 14:53:28.902420', '2021-07-28 14:53:28.902420', '143900.00', 2, 2, 34, NULL, 1, 5),
(174, '2021-07-29 06:26:15.625728', '2021-07-29 06:26:15.625728', '92100.00', 8, 8, 35, NULL, 5, 5),
(175, '2021-07-29 06:30:43.876071', '2021-07-29 06:30:43.876071', '19800.00', 8, 8, 35, NULL, 5, 5),
(176, '2021-07-29 06:31:23.709349', '2021-07-29 06:31:23.709349', '35000.00', 8, 8, 35, NULL, 5, 5),
(177, '2021-07-29 07:05:09.159198', '2021-07-29 07:05:09.159198', '10000.00', 8, 8, 35, NULL, 5, 5),
(178, '2021-07-29 07:05:18.659742', '2021-07-29 07:05:18.659742', '20800.00', 8, 8, 35, NULL, 6, 5),
(179, '2021-07-29 07:29:23.405376', '2021-07-29 07:29:23.405376', '9000.00', 8, 8, 35, NULL, 6, 5),
(180, '2021-07-29 07:32:28.219442', '2021-07-29 07:32:28.219442', '73600.00', 2, 2, 35, NULL, 6, 5),
(181, '2021-07-29 07:46:33.364927', '2021-07-29 07:46:33.364927', '20700.00', 8, 8, 35, NULL, 1, 5),
(182, '2021-07-29 08:15:59.830756', '2021-07-29 08:15:59.830756', '12800.00', 8, 8, 35, NULL, 1, 5),
(183, '2021-07-29 08:46:39.532996', '2021-07-29 08:46:39.532996', '104500.00', 8, 8, 35, NULL, 1, 5),
(184, '2021-07-29 09:34:40.299874', '2021-07-29 09:34:40.299874', '13900.00', 8, 8, 35, NULL, 5, 5),
(185, '2021-07-29 10:12:45.092702', '2021-07-29 10:12:45.092702', '96400.00', 8, 8, 35, NULL, 5, 5),
(186, '2021-07-29 10:13:15.294355', '2021-07-29 10:13:15.294355', '3000.00', 8, 8, 35, NULL, 5, 5),
(187, '2021-07-29 11:28:41.388127', '2021-07-29 11:28:41.388127', '46900.00', 6, 6, 35, NULL, 6, 5),
(188, '2021-07-29 13:51:54.011059', '2021-07-29 13:51:54.011059', '36500.00', 2, 2, 35, NULL, 5, 5),
(189, '2021-07-29 13:58:59.533006', '2021-07-29 13:58:59.533006', '31000.00', 2, 2, 35, NULL, 1, 5),
(190, '2021-07-29 14:07:13.110480', '2021-07-29 14:07:13.110480', '326500.00', 2, 2, 35, NULL, 5, 5),
(191, '2021-07-29 14:08:26.929810', '2021-07-29 14:08:26.929810', '129400.00', 2, 2, 35, NULL, 5, 5),
(192, '2021-07-29 14:09:35.257930', '2021-07-29 14:09:35.257930', '41900.00', 2, 2, 35, NULL, 5, 5),
(193, '2021-07-29 14:10:31.823629', '2021-07-29 14:10:31.823629', '20000.00', 2, 2, 35, NULL, 5, 5),
(194, '2021-07-29 14:10:39.557643', '2021-07-29 14:10:39.557643', '45800.00', 2, 2, 35, NULL, 1, 5),
(195, '2021-07-29 14:17:26.040958', '2021-07-29 14:17:26.040958', '77600.00', 2, 2, 35, NULL, 5, 5),
(196, '2021-07-29 14:23:57.976046', '2021-07-29 14:23:57.976046', '187450.00', 2, 2, 35, NULL, 5, 5),
(197, '2021-07-29 14:24:04.933659', '2021-07-29 14:24:04.933659', '187450.00', 2, 2, 35, NULL, 1, 5),
(198, '2021-08-07 07:32:33.822021', '2021-08-07 07:32:33.822021', '29800.00', 6, 6, 37, NULL, 6, 5),
(199, '2021-08-07 07:32:47.456445', '2021-08-07 07:32:47.456445', '19900.00', 6, 6, 37, NULL, 5, 5),
(200, '2021-08-07 07:33:00.248468', '2021-08-07 07:33:00.248468', '153900.00', 6, 6, 37, NULL, 1, 5),
(201, '2021-08-07 08:16:31.401217', '2021-08-07 08:16:31.401217', '55000.00', 2, 2, 37, NULL, 1, 5),
(202, '2021-08-07 08:17:38.356535', '2021-08-07 08:17:38.356535', '13800.00', 2, 2, 37, NULL, 1, 5),
(203, '2021-08-07 08:19:37.603144', '2021-08-07 08:19:37.603144', '111300.00', 2, 2, 37, NULL, 6, 5),
(204, '2021-08-07 08:20:12.188405', '2021-08-07 08:20:12.188405', '49800.00', 2, 2, 37, NULL, 1, 5),
(205, '2021-08-07 08:21:18.238921', '2021-08-07 08:21:18.238921', '57900.00', 2, 2, 37, NULL, 5, 5),
(206, '2021-08-07 08:22:19.968229', '2021-08-07 08:22:19.968229', '56500.00', 2, 2, 37, NULL, 5, 5),
(207, '2021-08-07 08:28:14.603652', '2021-08-07 08:28:14.603652', '39000.00', 2, 2, 37, NULL, 1, 5),
(208, '2021-08-07 08:30:02.595042', '2021-08-07 08:30:02.595042', '17300.00', 2, 2, 37, NULL, 6, 5),
(209, '2021-08-07 08:31:10.283561', '2021-08-07 08:31:10.283561', '40000.00', 2, 2, 37, NULL, 6, 5),
(210, '2021-08-07 08:31:23.309584', '2021-08-07 08:31:23.309584', '22800.00', 2, 2, 37, NULL, 5, 5),
(211, '2021-08-07 08:32:20.624085', '2021-08-07 08:32:20.624085', '23900.00', 2, 2, 37, NULL, 5, 5),
(212, '2021-08-07 08:33:13.309263', '2021-08-07 08:33:13.309263', '51800.00', 2, 2, 37, NULL, 1, 5),
(213, '2021-08-07 08:34:16.345868', '2021-08-07 08:34:16.345868', '99900.00', 2, 2, 37, NULL, 5, 5),
(214, '2021-08-07 08:35:53.798442', '2021-08-07 08:35:53.798442', '42800.00', 2, 2, 37, NULL, 6, 5),
(215, '2021-08-07 08:44:06.611422', '2021-08-07 08:44:06.611422', '119200.00', 2, 2, 37, NULL, 5, 5),
(216, '2021-08-07 09:04:15.072918', '2021-08-07 09:04:15.072918', '16900.00', 2, 2, 37, NULL, 6, 5),
(217, '2021-08-07 09:17:41.942619', '2021-08-07 09:17:41.942619', '69900.00', 2, 2, 37, NULL, 5, 5),
(218, '2021-08-07 09:20:47.265646', '2021-08-07 09:20:47.265646', '73400.00', 2, 2, 37, NULL, 6, 5),
(219, '2021-08-07 11:19:27.522622', '2021-08-07 11:19:27.522622', '147900.00', 2, 2, 37, NULL, 5, 5),
(220, '2021-08-07 11:24:13.497486', '2021-08-07 11:24:13.497486', '36800.00', 2, 2, 37, NULL, 5, 5),
(221, '2021-08-07 13:24:34.793354', '2021-08-07 13:24:34.793354', '65000.00', 8, 8, 37, NULL, 6, 5),
(222, '2021-08-07 13:42:47.770488', '2021-08-07 13:42:47.770488', '21700.00', 8, 8, 37, NULL, 5, 5),
(223, '2021-08-07 13:42:53.963698', '2021-08-07 13:42:53.963698', '22000.00', 8, 8, 37, NULL, 5, 5),
(224, '2021-08-07 13:42:59.720109', '2021-08-07 13:42:59.720109', '22000.00', 8, 8, 37, NULL, 5, 5),
(225, '2021-08-07 13:49:36.166658', '2021-08-07 13:49:36.166658', '170900.00', 8, 8, 37, NULL, 5, 5),
(226, '2021-08-07 13:51:39.284074', '2021-08-07 13:51:39.284074', '66300.00', 8, 8, 37, NULL, 5, 5),
(227, '2021-08-07 13:52:54.039406', '2021-08-07 13:52:54.039406', '78500.00', 8, 8, 37, NULL, 5, 5),
(228, '2021-08-07 14:01:33.780079', '2021-08-07 14:01:33.780079', '69800.00', 8, 8, 37, NULL, 5, 5),
(229, '2021-08-07 14:01:59.833125', '2021-08-07 14:01:59.833125', '31.00', 8, 8, 37, NULL, 5, 5),
(230, '2021-08-07 14:02:09.505142', '2021-08-07 14:02:09.505142', '31469.00', 8, 8, 37, NULL, 5, 5),
(231, '2021-08-07 14:03:37.748478', '2021-08-07 14:03:37.748478', '92700.00', 6, 6, 37, NULL, 1, 5),
(233, '2021-08-08 14:00:04.571306', '2021-08-08 14:00:04.571306', '60000.00', 6, 6, 38, NULL, 6, 5),
(234, '2021-08-08 14:00:10.312116', '2021-08-08 14:00:10.312116', '51300.00', 6, 6, 38, NULL, 5, 5),
(235, '2021-08-08 14:00:53.978593', '2021-08-08 14:00:53.978593', '25800.00', 6, 6, 38, NULL, 5, 5),
(236, '2021-08-08 14:02:28.258559', '2021-08-08 14:02:28.258559', '66900.00', 6, 6, 38, NULL, 5, 5),
(237, '2021-08-08 14:03:16.712244', '2021-08-08 14:03:16.712244', '11700.00', 6, 6, 38, NULL, 1, 5),
(238, '2021-08-08 14:13:18.503618', '2021-08-08 14:13:18.504618', '106300.00', 6, 6, 38, NULL, 1, 5),
(239, '2021-08-08 14:13:51.738519', '2021-08-08 14:13:51.738519', '15900.00', 6, 6, 38, NULL, 1, 5),
(240, '2021-08-08 14:15:01.503510', '2021-08-08 14:15:01.504510', '78800.00', 6, 6, 38, NULL, 5, 5),
(241, '2021-08-08 14:16:05.907193', '2021-08-08 14:16:05.907193', '82800.00', 6, 6, 38, NULL, 5, 5),
(242, '2021-08-08 14:16:08.772357', '2021-08-08 14:16:08.772357', '2000.00', 6, 6, 38, NULL, 5, 5),
(243, '2021-08-08 14:18:11.203360', '2021-08-08 14:18:11.203360', '50000.00', 6, 6, 38, NULL, 1, 5),
(244, '2021-08-08 14:18:20.751906', '2021-08-08 14:18:20.751906', '190200.00', 6, 6, 38, NULL, 5, 5),
(245, '2021-08-08 14:19:30.002867', '2021-08-08 14:19:30.002867', '92700.00', 6, 6, 38, NULL, 5, 5),
(246, '2021-08-08 14:21:03.777230', '2021-08-08 14:21:03.777230', '34200.00', 6, 6, 38, NULL, 6, 5),
(247, '2021-08-08 14:23:24.805297', '2021-08-08 14:23:24.805297', '60700.00', 6, 6, 38, NULL, 5, 5),
(248, '2021-08-08 14:24:06.402676', '2021-08-08 14:24:06.402676', '26200.00', 6, 6, 38, NULL, 5, 5),
(249, '2021-08-08 14:24:16.022226', '2021-08-08 14:24:16.022226', '236000.00', 6, 6, 38, NULL, 5, 5),
(250, '2021-08-08 14:25:27.775330', '2021-08-08 14:25:27.775330', '36500.00', 6, 6, 38, NULL, 5, 5),
(251, '2021-08-08 14:34:05.333869', '2021-08-08 14:34:05.333869', '49000.00', 6, 6, 38, NULL, 6, 5),
(252, '2021-08-08 14:38:31.625100', '2021-08-08 14:38:31.625100', '185400.00', 6, 6, 38, NULL, 5, 5),
(253, '2021-08-08 14:39:53.733796', '2021-08-08 14:39:53.733796', '66500.00', 6, 6, 38, NULL, 5, 5),
(254, '2021-08-08 14:48:09.521153', '2021-08-08 14:48:09.521153', '34200.00', 6, 6, 38, NULL, 5, 5),
(255, '2021-08-08 15:07:07.645138', '2021-08-08 15:07:07.645138', '9000.00', 6, 6, 38, NULL, 5, 5),
(256, '2021-08-09 04:12:10.617306', '2021-08-09 04:12:10.617306', '5200.00', 9, 9, 39, NULL, 5, 5),
(257, '2021-08-09 04:13:30.286646', '2021-08-09 04:13:30.286646', '29000.00', 9, 9, 39, NULL, 1, 5),
(258, '2021-08-09 05:14:58.212173', '2021-08-09 05:14:58.212173', '12000.00', 2, 2, 39, NULL, 6, 5),
(259, '2021-08-09 11:33:22.292329', '2021-08-09 11:33:22.292329', '87700.00', 9, 9, 39, NULL, 5, 5),
(260, '2021-08-09 12:14:01.528506', '2021-08-09 12:14:01.528506', '64700.00', 2, 2, 39, NULL, 6, 5),
(261, '2021-08-09 12:14:50.418992', '2021-08-09 12:14:50.418992', '51700.00', 2, 2, 39, NULL, 6, 5),
(262, '2021-08-09 12:40:32.808702', '2021-08-09 12:40:32.808702', '46400.00', 2, 2, 39, NULL, 6, 5),
(263, '2021-08-09 12:45:42.751047', '2021-08-09 12:45:42.751047', '39900.00', 2, 2, 39, NULL, 1, 5),
(264, '2021-08-09 12:46:33.716336', '2021-08-09 12:46:33.716336', '67800.00', 2, 2, 39, NULL, 5, 5),
(265, '2021-08-09 12:51:29.898456', '2021-08-09 12:51:29.898456', '47700.00', 2, 2, 39, NULL, 5, 5),
(266, '2021-08-09 12:53:54.073910', '2021-08-09 12:53:54.073910', '73400.00', 2, 2, 39, NULL, 5, 5),
(267, '2021-08-09 12:54:35.882983', '2021-08-09 12:54:35.882983', '35000.00', 2, 2, 39, NULL, 1, 5),
(268, '2021-08-09 12:57:34.595901', '2021-08-09 12:57:34.595901', '15900.00', 2, 2, 39, NULL, 1, 5),
(269, '2021-08-09 13:01:10.906881', '2021-08-09 13:01:10.906881', '46200.00', 2, 2, 39, NULL, 5, 5),
(270, '2021-08-09 13:08:18.801033', '2021-08-09 13:08:18.801033', '27700.00', 2, 2, 39, NULL, 5, 5),
(271, '2021-08-09 13:09:57.646807', '2021-08-09 13:09:57.646807', '37900.00', 2, 2, 39, NULL, 5, 5),
(272, '2021-08-09 13:35:01.411250', '2021-08-09 13:35:01.411250', '16900.00', 2, 2, 39, NULL, 6, 5),
(273, '2021-08-09 13:41:26.369554', '2021-08-09 13:41:26.369554', '72800.00', 2, 2, 39, NULL, 6, 5),
(274, '2021-08-09 13:51:51.396305', '2021-08-09 13:51:51.396305', '252400.00', 2, 2, 39, NULL, 1, 5),
(275, '2021-08-09 13:54:51.217821', '2021-08-09 13:54:51.217821', '86600.00', 2, 2, 39, NULL, 1, 5),
(276, '2021-08-09 13:56:53.225635', '2021-08-09 13:56:53.225635', '42700.00', 2, 2, 39, NULL, 5, 5),
(277, '2021-08-09 13:58:20.804189', '2021-08-09 13:58:20.804189', '68000.00', 2, 2, 39, NULL, 5, 5),
(278, '2021-08-09 14:03:09.950697', '2021-08-09 14:03:09.950697', '112100.00', 2, 2, 39, NULL, 5, 5),
(279, '2021-08-09 14:03:54.239175', '2021-08-09 14:03:54.239175', '49400.00', 2, 2, 39, NULL, 5, 5),
(280, '2021-08-09 14:05:19.945725', '2021-08-09 14:05:19.945725', '76000.00', 2, 2, 39, NULL, 1, 5),
(281, '2021-08-09 14:26:13.834043', '2021-08-09 14:26:13.834043', '227200.00', 2, 2, 39, NULL, 1, 5),
(282, '2021-08-10 06:50:22.864265', '2021-08-10 06:50:22.864265', '13900.00', 8, 8, 41, NULL, 5, 5),
(283, '2021-08-10 06:51:34.422590', '2021-08-10 06:51:34.422590', '30900.00', 8, 8, 41, NULL, 5, 5),
(284, '2021-08-10 07:08:38.839793', '2021-08-10 07:08:38.839793', '50000.00', 8, 8, 41, NULL, 6, 5),
(285, '2021-08-10 07:44:24.568563', '2021-08-10 07:44:24.568563', '145400.00', 8, 8, 41, NULL, 5, 5),
(286, '2021-08-10 07:45:23.271466', '2021-08-10 07:45:23.271466', '46600.00', 8, 8, 41, NULL, 5, 5),
(287, '2021-08-10 07:52:41.555236', '2021-08-10 07:52:41.555236', '5000.00', 8, 8, 41, NULL, 1, 5),
(288, '2021-08-10 07:53:30.149321', '2021-08-10 07:53:30.149321', '31000.00', 8, 8, 41, NULL, 5, 5),
(289, '2021-08-10 07:54:55.138270', '2021-08-10 07:54:55.138270', '29000.00', 8, 8, 41, NULL, 5, 5),
(290, '2021-08-10 07:55:35.776342', '2021-08-10 07:55:35.776342', '38700.00', 8, 8, 41, NULL, 5, 5),
(291, '2021-08-10 07:56:19.004018', '2021-08-10 07:56:19.004018', '28700.00', 8, 8, 41, NULL, 5, 5),
(292, '2021-08-10 07:57:19.422924', '2021-08-10 07:57:19.422924', '115700.00', 8, 8, 41, NULL, 5, 5),
(293, '2021-08-10 08:37:39.677791', '2021-08-10 08:37:39.677791', '76800.00', 8, 8, 41, NULL, 1, 5),
(294, '2021-08-10 14:09:14.236924', '2021-08-10 14:09:14.236924', '133800.00', 2, 2, 41, NULL, 5, 5),
(295, '2021-08-10 14:15:45.344294', '2021-08-10 14:15:45.344294', '101000.00', 2, 2, 41, NULL, 5, 5),
(296, '2021-08-10 14:15:56.322922', '2021-08-10 14:15:56.322922', '20500.00', 2, 2, 41, NULL, 5, 5),
(297, '2021-08-10 14:16:25.001562', '2021-08-10 14:16:25.001562', '116200.00', 2, 2, 41, NULL, 5, 5),
(298, '2021-08-10 14:18:28.114604', '2021-08-10 14:18:28.114604', '49000.00', 2, 2, 41, NULL, 5, 5),
(299, '2021-08-10 14:19:33.501343', '2021-08-10 14:19:33.501343', '19800.00', 2, 2, 41, NULL, 5, 5),
(300, '2021-08-10 14:21:57.471578', '2021-08-10 14:21:57.471578', '88900.00', 2, 2, 41, NULL, 5, 5),
(301, '2021-08-10 14:22:38.619932', '2021-08-10 14:22:38.619932', '41400.00', 2, 2, 41, NULL, 5, 5),
(302, '2021-08-10 14:35:17.746961', '2021-08-10 14:35:17.746961', '34700.00', 2, 2, 41, NULL, 5, 5),
(303, '2021-08-10 14:36:15.564146', '2021-08-10 14:36:15.564146', '61000.00', 2, 2, 41, NULL, 5, 5),
(304, '2021-08-10 14:36:48.711117', '2021-08-10 14:36:48.711117', '61000.00', 2, 2, 41, NULL, 5, 5),
(305, '2021-08-10 14:37:31.363564', '2021-08-10 14:37:31.364564', '55900.00', 2, 2, 41, NULL, 5, 5),
(306, '2021-08-10 14:38:07.484630', '2021-08-10 14:38:07.484630', '20800.00', 2, 2, 41, NULL, 5, 5),
(307, '2021-08-10 14:39:11.237284', '2021-08-10 14:39:11.237284', '19700.00', 2, 2, 41, NULL, 5, 5),
(308, '2021-08-10 14:40:34.422633', '2021-08-10 14:40:34.422633', '64200.00', 2, 2, 41, NULL, 1, 5),
(309, '2021-08-10 14:42:05.626105', '2021-08-10 14:42:05.626105', '147300.00', 2, 2, 41, NULL, 5, 5),
(310, '2021-08-10 14:43:26.159671', '2021-08-10 14:43:26.159671', '20800.00', 2, 2, 41, NULL, 5, 5),
(311, '2021-08-10 14:47:15.708854', '2021-08-10 14:47:15.708854', '96100.00', 2, 2, 41, NULL, 5, 5),
(312, '2021-08-10 14:49:01.685218', '2021-08-10 14:49:01.685218', '81300.00', 2, 2, 41, NULL, 5, 5),
(313, '2021-08-10 14:51:02.544664', '2021-08-10 14:51:02.544664', '435300.00', 2, 2, 41, NULL, 6, 5),
(314, '2021-08-11 14:28:15.331785', '2021-08-11 14:28:15.331785', '17900.00', 8, 8, 42, NULL, 5, 5),
(315, '2021-08-12 04:29:19.845143', '2021-08-12 04:29:19.845143', '20000.00', 2, 2, 42, NULL, 5, 5),
(316, '2021-08-12 05:00:11.887185', '2021-08-12 05:00:11.887185', '296400.00', 2, 2, 42, NULL, 1, 5),
(317, '2021-08-12 08:04:22.974888', '2021-08-12 08:04:22.974888', '136000.00', 2, 2, 42, NULL, 5, 5),
(318, '2021-08-12 08:05:09.425789', '2021-08-12 08:05:09.426789', '41300.00', 2, 2, 42, NULL, 5, 5),
(319, '2021-08-12 08:13:51.109628', '2021-08-12 08:13:51.109628', '300900.00', 2, 2, 42, NULL, 5, 5),
(320, '2021-08-12 08:18:05.380171', '2021-08-12 08:18:05.380171', '22500.00', 2, 2, 42, NULL, 6, 5),
(321, '2021-08-12 08:20:26.263229', '2021-08-12 08:20:26.263229', '81900.00', 2, 2, 42, NULL, 6, 5),
(322, '2021-08-12 08:22:31.196375', '2021-08-12 08:22:31.196375', '271600.00', 2, 2, 42, NULL, 5, 5),
(323, '2021-08-12 08:23:29.765725', '2021-08-12 08:23:29.765725', '54300.00', 2, 2, 42, NULL, 1, 5),
(324, '2021-08-12 08:24:18.925537', '2021-08-12 08:24:18.925537', '56000.00', 2, 2, 42, NULL, 5, 5),
(325, '2021-08-12 08:25:12.745615', '2021-08-12 08:25:12.745615', '30000.00', 2, 2, 42, NULL, 6, 5),
(326, '2021-08-12 08:25:20.366051', '2021-08-12 08:25:20.366051', '16700.00', 2, 2, 42, NULL, 5, 5),
(327, '2021-08-12 08:26:01.455401', '2021-08-12 08:26:01.455401', '26800.00', 2, 2, 42, NULL, 5, 5),
(328, '2021-08-12 08:27:22.474035', '2021-08-12 08:27:22.474035', '93600.00', 2, 2, 42, NULL, 5, 5),
(329, '2021-08-12 08:28:25.512641', '2021-08-12 08:28:25.512641', '25800.00', 2, 2, 42, NULL, 5, 5),
(330, '2021-08-12 08:29:26.384122', '2021-08-12 08:29:26.384122', '96900.00', 2, 2, 42, NULL, 5, 5),
(331, '2021-08-12 08:30:32.370897', '2021-08-12 08:30:32.370897', '72700.00', 2, 2, 42, NULL, 5, 5),
(332, '2021-08-12 08:32:01.519996', '2021-08-12 08:32:01.519996', '65000.00', 2, 2, 42, NULL, 1, 5),
(333, '2021-08-12 08:32:39.422163', '2021-08-12 08:32:39.422163', '61900.00', 2, 2, 42, NULL, 6, 5),
(334, '2021-08-12 08:33:23.320674', '2021-08-12 08:33:23.320674', '74700.00', 2, 2, 42, NULL, 5, 5),
(335, '2021-08-12 08:34:17.038747', '2021-08-12 08:34:17.038747', '64800.00', 2, 2, 42, NULL, 5, 5),
(336, '2021-08-12 08:35:14.481032', '2021-08-12 08:35:14.481032', '24800.00', 2, 2, 42, NULL, 6, 5),
(337, '2021-08-12 08:36:05.572955', '2021-08-12 08:36:05.572955', '45800.00', 2, 2, 42, NULL, 5, 5),
(338, '2021-08-12 08:36:34.883631', '2021-08-12 08:36:34.883631', '8900.00', 2, 2, 42, NULL, 5, 5),
(339, '2021-08-12 08:37:16.834031', '2021-08-12 08:37:16.834031', '61900.00', 2, 2, 42, NULL, 1, 5),
(340, '2021-08-12 08:38:03.105677', '2021-08-12 08:38:03.105677', '40900.00', 2, 2, 42, NULL, 5, 5),
(341, '2021-08-12 08:38:49.720343', '2021-08-12 08:38:49.720343', '50900.00', 2, 2, 42, NULL, 6, 5),
(342, '2021-08-12 08:39:31.814751', '2021-08-12 08:39:31.814751', '35900.00', 2, 2, 42, NULL, 5, 5),
(343, '2021-08-12 08:40:36.933476', '2021-08-12 08:40:36.933476', '91500.00', 2, 2, 42, NULL, 5, 5),
(344, '2021-08-12 08:41:30.849559', '2021-08-12 08:41:30.849559', '115600.00', 2, 2, 42, NULL, 5, 5),
(345, '2021-08-12 08:42:02.589375', '2021-08-12 08:42:02.589375', '8900.00', 2, 2, 42, NULL, 5, 5),
(346, '2021-08-12 08:42:51.010144', '2021-08-12 08:42:51.010144', '48400.00', 2, 2, 42, NULL, 5, 5),
(347, '2021-08-13 02:21:06.181528', '2021-08-13 02:21:06.181528', '16900.00', 2, 2, 43, NULL, 1, 5),
(348, '2021-08-13 02:23:30.169781', '2021-08-13 02:23:30.169781', '58100.00', 2, 2, 43, NULL, 1, 5),
(349, '2021-08-13 02:27:49.130236', '2021-08-13 02:27:49.130236', '116900.00', 2, 2, 43, NULL, 1, 5),
(350, '2021-08-13 02:27:59.691454', '2021-08-13 02:27:59.691454', '130000.00', 2, 2, 43, NULL, 6, 5),
(351, '2021-08-13 02:32:58.899980', '2021-08-13 02:32:58.899980', '115600.00', 2, 2, 43, NULL, 5, 5),
(352, '2021-08-13 02:34:31.361342', '2021-08-13 02:34:31.361342', '96300.00', 2, 2, 43, NULL, 1, 5),
(353, '2021-08-13 02:36:04.914706', '2021-08-13 02:36:04.914706', '143900.00', 2, 2, 43, NULL, 5, 5),
(354, '2021-08-13 03:49:02.672396', '2021-08-13 03:49:02.672396', '64900.00', 2, 2, 43, NULL, 5, 5),
(355, '2021-08-13 03:53:02.600817', '2021-08-13 03:53:02.600817', '32800.00', 2, 2, 43, NULL, 5, 5),
(356, '2021-08-13 04:31:13.886041', '2021-08-13 04:31:13.886041', '166200.00', 2, 2, 43, NULL, 5, 5),
(357, '2021-08-13 04:31:54.789313', '2021-08-13 04:31:54.789313', '21800.00', 2, 2, 43, NULL, 6, 5),
(358, '2021-08-13 04:32:25.209367', '2021-08-13 04:32:25.209367', '8900.00', 2, 2, 43, NULL, 5, 5),
(359, '2021-08-13 04:33:20.339864', '2021-08-13 04:33:20.339864', '75900.00', 2, 2, 43, NULL, 5, 5),
(360, '2021-08-13 04:34:25.142377', '2021-08-13 04:34:25.142377', '46700.00', 2, 2, 43, NULL, 1, 5),
(361, '2021-08-13 04:37:50.485538', '2021-08-13 04:37:50.485538', '57900.00', 2, 2, 43, NULL, 1, 5),
(362, '2021-08-13 04:38:49.781242', '2021-08-13 04:38:49.781242', '39000.00', 2, 2, 43, NULL, 1, 5),
(363, '2021-08-13 04:39:34.334920', '2021-08-13 04:39:34.334920', '60800.00', 2, 2, 43, NULL, 5, 5),
(364, '2021-08-13 04:40:18.139797', '2021-08-13 04:40:18.139797', '66900.00', 2, 2, 43, NULL, 1, 5),
(365, '2021-08-13 04:41:04.393879', '2021-08-13 04:41:04.393879', '65700.00', 2, 2, 43, NULL, 1, 5),
(366, '2021-08-13 04:41:54.017566', '2021-08-13 04:41:54.017566', '33700.00', 2, 2, 43, NULL, 5, 5),
(367, '2021-08-13 04:42:27.588825', '2021-08-13 04:42:27.588825', '11900.00', 2, 2, 43, NULL, 1, 5),
(368, '2021-08-13 04:44:12.155808', '2021-08-13 04:44:12.155808', '49000.00', 2, 2, 43, NULL, 6, 5),
(369, '2021-08-13 04:44:50.173075', '2021-08-13 04:44:50.173075', '63000.00', 2, 2, 43, NULL, 1, 5),
(370, '2021-08-13 04:46:03.025203', '2021-08-13 04:46:03.025203', '24700.00', 2, 2, 43, NULL, 6, 5),
(371, '2021-08-13 04:47:02.445707', '2021-08-13 04:47:02.445707', '17800.00', 2, 2, 43, NULL, 1, 5);

-- --------------------------------------------------------

--
-- Table structure for table `payment_app_payment_bills`
--

CREATE TABLE `payment_app_payment_bills` (
  `id` int(11) NOT NULL,
  `created_at` datetime(6) DEFAULT NULL,
  `updated_at` datetime(6) DEFAULT NULL,
  `bill_id` int(11) NOT NULL,
  `created_by_id` int(11) DEFAULT NULL,
  `payment_id` int(11) NOT NULL,
  `updated_by_id` int(11) DEFAULT NULL
) ENGINE=InnoDB DEFAULT CHARSET=utf8 COLLATE=utf8_unicode_ci;

-- --------------------------------------------------------

--
-- Table structure for table `payment_app_pos_account_consolidation`
--

CREATE TABLE `payment_app_pos_account_consolidation` (
  `id` int(11) NOT NULL,
  `created_at` datetime(6) DEFAULT NULL,
  `updated_at` datetime(6) DEFAULT NULL,
  `fr_date` datetime(6) NOT NULL,
  `to_date` datetime(6) NOT NULL,
  `amount` decimal(14,2) DEFAULT NULL,
  `account_id` int(11) NOT NULL,
  `confirmed_by_id` int(11) NOT NULL,
  `created_by_id` int(11) DEFAULT NULL,
  `division_id` int(11) NOT NULL,
  `person_of_charge_id` int(11) NOT NULL,
  `shift_work_id` int(11) DEFAULT NULL,
  `updated_by_id` int(11) DEFAULT NULL
) ENGINE=InnoDB DEFAULT CHARSET=utf8 COLLATE=utf8_unicode_ci;

-- --------------------------------------------------------

--
-- Table structure for table `product_app_basic_asset`
--

CREATE TABLE `product_app_basic_asset` (
  `id` int(11) NOT NULL,
  `created_at` datetime(6) DEFAULT NULL,
  `updated_at` datetime(6) DEFAULT NULL,
  `name` varchar(30) COLLATE utf8_unicode_ci NOT NULL,
  `description` longtext COLLATE utf8_unicode_ci DEFAULT NULL,
  `real_price` decimal(14,2) NOT NULL,
  `rised_price` decimal(14,2) NOT NULL,
  `code` varchar(30) COLLATE utf8_unicode_ci NOT NULL,
  `photo` varchar(100) COLLATE utf8_unicode_ci NOT NULL,
  `created_by_id` int(11) DEFAULT NULL,
  `division_id` int(11) DEFAULT NULL,
  `updated_by_id` int(11) DEFAULT NULL
) ENGINE=InnoDB DEFAULT CHARSET=utf8 COLLATE=utf8_unicode_ci;

--
-- Dumping data for table `product_app_basic_asset`
--

INSERT INTO `product_app_basic_asset` (`id`, `created_at`, `updated_at`, `name`, `description`, `real_price`, `rised_price`, `code`, `photo`, `created_by_id`, `division_id`, `updated_by_id`) VALUES
(1, '2020-06-20 07:47:55.212647', '2020-06-20 07:47:55.212647', 'Дөрвөлжин пял таваг 30х30', 'Цагаан шаазан иржгэртэй таваг', '0.00', '0.00', '129', 'asset_images\\/image_fyAS3Xd.jpg', 2, 2, 2),
(3, '2020-06-20 07:47:53.804695', '2020-06-20 07:47:53.804695', 'Толин грилл', 'Газан грил', '0.00', '0.00', '1', 'asset_images\\/image_ybFsVV5.jpg', 2, 2, 2),
(4, '2020-06-20 07:47:53.817743', '2020-06-20 07:47:53.817743', 'Газан плитка 8 ширэмтэй', 'Жижиг 6 том 2', '0.00', '0.00', '2', 'asset_images\\/image_BpyPKfL.jpg', 2, 2, 2),
(5, '2020-06-20 07:47:53.831044', '2020-06-20 07:47:53.831044', 'Хөлдөөгч 53кг', 'Цагаан 1.2х0.8', '0.00', '0.00', '3', 'asset_images\\/image_GtrVGB8.jpg', 2, 2, 2),
(6, '2020-06-20 07:47:53.841441', '2020-06-20 07:47:53.841441', '4 ширэмтэй цахилгаан плитка', 'Доороо дуковктой', '0.00', '0.00', '4', 'asset_images\\/image_tbQiKBl.jpg', 2, 2, 2),
(7, '2020-06-20 07:47:53.852193', '2020-06-20 07:47:53.852193', 'Шилэн хаалгатай хөргөгч', 'Дээжний хөргөгч', '0.00', '0.00', '5', 'asset_images\\/image_V26CztV.jpg', 2, 2, 2),
(8, '2020-06-20 07:47:53.862775', '2020-06-20 07:47:53.862775', 'Хөргүүртэй бандан ширээ', 'Доороо хөргүүртэй ширээ', '0.00', '0.00', '6', 'asset_images\\/image_Re1SE0R.jpg', 2, 2, 2),
(9, '2020-06-20 07:47:53.875147', '2020-06-20 07:47:53.875147', 'Бэлтгэлийн ширээ', 'Гүүдэг хаалгатай бэлтгэлийн ширээ', '0.00', '0.00', '7', 'asset_images\\/image_HEnAdJU.jpg', 2, 2, 2),
(10, '2020-06-20 07:47:53.886512', '2020-06-20 07:47:53.886512', 'Ус буцалгагч', '40л', '0.00', '0.00', '8', 'asset_images\\/image_MiDY6pH.jpg', 2, 2, 2),
(11, '2020-06-20 07:47:53.897523', '2020-06-20 07:47:53.898523', 'Гурил будааны сав', 'Цагаан 30 кг', '0.00', '0.00', '9', 'asset_images\\/image_xWoJGrL.jpg', 2, 2, 2),
(12, '2020-06-20 07:47:53.908533', '2020-06-20 07:47:53.908533', 'Угаалтуур 1 тэй', 'Никель', '0.00', '0.00', '10', 'asset_images\\/image_RflTk9e.jpg', 2, 2, 2),
(13, '2020-06-20 07:47:53.919153', '2020-06-20 07:47:53.919153', 'Богино долгионы зуух', 'Цагаан жижиг', '0.00', '0.00', '11', 'asset_images\\/image_qVKxtEA.jpg', 2, 2, 2),
(14, '2020-06-20 07:47:53.929163', '2020-06-20 07:47:53.929163', 'Угаалтуур 3 тай', 'Никель', '0.00', '0.00', '12', 'Default', 2, 2, 2),
(15, '2020-06-20 07:47:53.940173', '2020-06-20 07:47:53.940173', 'Аяга таваг ариутгагч 2 хаалгат', 'Том 2 хаалгатай', '0.00', '0.00', '13', 'asset_images\\/image_t0EGsBt.jpg', 2, 2, 2),
(16, '2020-06-20 07:47:53.950609', '2020-06-20 07:47:53.950609', 'Аяга таваг ариутгагч жижиг', 'Жижиг дээр доороо хаалгатай', '0.00', '0.00', '14', 'asset_images\\/image_mFzYwQu.jpg', 2, 2, 2),
(17, '2020-06-20 07:47:53.960619', '2020-06-20 07:47:53.960619', 'Жигнүүр 12 давхар', 'Никель 12 давхар', '0.00', '0.00', '15', 'asset_images\\/image_5D3pN2h.jpg', 2, 2, 2),
(18, '2020-06-20 07:47:53.971832', '2020-06-20 07:47:53.971832', 'Шарх шүүгээ 3 давхартай чулуут', 'Чулуутай шарх шүүгээ', '0.00', '0.00', '16', 'asset_images\\/image_fRlXZxy.jpg', 2, 2, 2),
(19, '2020-06-20 07:47:53.981869', '2020-06-20 07:47:53.981869', 'Махны хөрөө', 'Том', '0.00', '0.00', '17', 'asset_images\\/image_5rGnVZl.jpg', 2, 2, 2),
(20, '2020-06-20 07:47:53.992880', '2020-06-20 07:47:53.992880', 'Махны машин', 'Никель', '0.00', '0.00', '18', 'asset_images\\/image_3VPan6g.jpg', 2, 2, 2),
(21, '2020-06-20 07:47:54.002763', '2020-06-20 07:47:54.002763', 'Холигч', 'Саарал жижиг', '0.00', '0.00', '19', 'asset_images\\/image_Lbfmd6d.jpg', 2, 2, 2),
(22, '2020-06-20 07:47:54.012920', '2020-06-20 07:47:54.012920', 'Угаалтуур 2 той', 'Никель', '0.00', '0.00', '20', 'asset_images\\/image_IFwJuef.jpg', 2, 2, 2),
(23, '2020-06-20 07:47:54.023929', '2020-06-20 07:47:54.023929', 'Модон бандан ширээ', 'Модон бандан', '0.00', '0.00', '21', 'asset_images\\/image_gfAxNPm.jpg', 2, 2, 2),
(24, '2020-06-20 07:47:54.034205', '2020-06-20 07:47:54.034205', 'Халуун тогоо', '5 л', '0.00', '0.00', '22', 'asset_images\\/image_oPxfdoB.jpg', 2, 2, 2),
(25, '2020-06-20 07:47:54.045216', '2020-06-20 07:47:54.045216', 'Костроль 48см', 'Хөнгөн цагаан', '0.00', '0.00', '23', 'asset_images\\/image_TkQ7VlO.jpg', 2, 2, 2),
(26, '2020-06-20 07:47:54.055226', '2020-06-20 07:47:54.055226', 'Костроль 5 төрөл', 'Хөнгөн цагаан 48см, 42см, 33см, 30см, 24см', '0.00', '0.00', '24', 'asset_images\\/image_DbFUlQG.jpg', 2, 2, 2),
(27, '2020-06-20 07:47:54.064700', '2020-06-20 07:47:54.064700', 'Битүү чанагч 3ш', 'Никель 3 ш', '0.00', '0.00', '25', 'asset_images\\/image_l7S4maR.jpg', 2, 2, 2),
(28, '2020-06-20 07:47:54.074766', '2020-06-20 07:47:54.074766', 'Хар лист', 'Овенд', '0.00', '0.00', '26', 'asset_images\\/image_CNzbSkc.jpg', 2, 2, 2),
(29, '2020-06-20 07:47:54.084465', '2020-06-20 07:47:54.085466', 'Хөнгөн цагаан лист', 'Өндөр 6ш , нам 6ш нийт 12 ш', '0.00', '0.00', '27', 'asset_images\\/image_QQdRd20.jpg', 2, 2, 2),
(30, '2020-06-20 07:47:54.094791', '2020-06-20 07:47:54.094791', 'Жижиг лист овен', 'Овенгийн лист', '0.00', '0.00', '28', 'asset_images\\/image_VKjO5c9.jpg', 2, 2, 2),
(31, '2020-06-20 07:47:54.104537', '2020-06-20 07:47:54.105540', 'Жигнүүрийн лист битүү', 'Никель', '0.00', '0.00', '29', 'asset_images\\/image_OD7Sl4d.jpg', 2, 2, 2),
(32, '2020-06-20 07:47:54.115441', '2020-06-20 07:47:54.115441', 'Жигнүүрийн нүхтэй лист', 'Никель', '0.00', '0.00', '30', 'asset_images\\/image_9tM7r8j.jpg', 2, 2, 2),
(33, '2020-06-20 07:47:54.126452', '2020-06-20 07:47:54.126452', 'Босоо том лист', 'Никель', '0.00', '0.00', '31', 'asset_images\\/image_DNrRkeD.jpg', 2, 2, 2),
(34, '2020-06-20 07:47:54.136461', '2020-06-20 07:47:54.136461', 'Жүүсний сав', 'Буфет', '0.00', '0.00', '32', 'asset_images\\/image_LxKXTMK.jpg', 2, 2, 2),
(35, '2020-06-20 07:47:54.146472', '2020-06-20 07:47:54.146472', 'Шөлний тогоо', 'Буфет', '0.00', '0.00', '33', 'asset_images\\/image_v3e7gIm.jpg', 2, 2, 2),
(36, '2020-06-20 07:47:54.156481', '2020-06-20 07:47:54.156481', 'Цайны сав', 'Буфет хоолонд гарна', '0.00', '0.00', '34', 'asset_images\\/image_BhQX3L2.jpg', 2, 2, 2),
(37, '2020-06-20 07:47:54.166490', '2020-06-20 07:47:54.166490', 'Халуун сав', 'Цайны халуун сав том', '0.00', '0.00', '35', 'asset_images\\/image_kUy4CDy.jpg', 2, 2, 2),
(38, '2020-06-20 07:47:54.176563', '2020-06-20 07:47:54.176563', 'Гоёлын лист', 'Шармал бариултай никель лиет', '0.00', '0.00', '36', 'asset_images\\/image_SavE6Gw.jpg', 2, 2, 2),
(39, '2020-06-20 07:47:54.186364', '2020-06-20 07:47:54.186364', '2-р хоолны буфет', 'Буфет хоолонд гарна', '0.00', '0.00', '37', 'asset_images\\/image_FmMGAtM.jpg', 2, 2, 2),
(40, '2020-06-20 07:47:54.195950', '2020-06-20 07:47:54.195950', 'Обши хоолны никель тогоо  24см', 'Никель Жижиг', '0.00', '0.00', '38', 'asset_images\\/image_hqOQrNe.jpg', 2, 2, 2),
(41, '2020-06-20 07:47:54.204551', '2020-06-20 07:47:54.204551', 'Жин', 'Электрон жин', '0.00', '0.00', '39', 'asset_images\\/image_MifeNrd.jpg', 2, 2, 2),
(42, '2020-06-20 07:47:54.218228', '2020-06-20 07:47:54.218228', 'Ганбанз', '2 төрөл', '0.00', '0.00', '40', 'asset_images\\/image_NI1xM8Z.jpg', 2, 2, 2),
(43, '2020-06-20 07:47:54.248257', '2020-06-20 07:47:54.248257', 'Ганбанзны суурь', 'Никель суурь', '0.00', '0.00', '41', 'asset_images\\/image_NwZSFVl.jpg', 2, 2, 2),
(44, '2020-06-20 07:47:54.258266', '2020-06-20 07:47:54.258266', 'Будаа агшаагч', '10л', '0.00', '0.00', '42', 'asset_images\\/image_OCJvg5b.jpg', 3, 2, 2),
(45, '2020-06-20 07:47:54.271278', '2020-06-20 07:47:54.271278', 'Шарсан төмсний сагс', 'Төмөр', '0.00', '0.00', '43', 'asset_images\\/image_d4l7C0k.jpg', 2, 2, 2),
(46, '2020-06-20 07:47:54.284290', '2020-06-20 07:47:54.284290', 'Модон хусуур', 'Мод', '0.00', '0.00', '44', 'asset_images\\/image_jRRoDEw.jpg', 2, 2, 2),
(47, '2020-06-20 07:47:54.295289', '2020-06-20 07:47:54.295289', 'Шүүрэн шанага', 'Их тосны шүүрэн шанага том жижиг дунд', '0.00', '0.00', '45', 'asset_images\\/image_NnnrrhO.jpg', 2, 2, 2),
(48, '2020-06-20 07:47:54.305426', '2020-06-20 07:47:54.305426', 'Цайны шүүр', 'Никель', '0.00', '0.00', '46', 'asset_images\\/image_5Skpbdn.jpg', 2, 2, 2),
(49, '2020-06-20 07:47:54.317039', '2020-06-20 07:47:54.317039', 'Махны алх', 'Хөнгөн цагаан', '0.00', '0.00', '47', 'asset_images\\/image_uHbwZrS.jpg', 2, 2, 2),
(50, '2020-06-20 07:47:54.327175', '2020-06-20 07:47:54.327175', 'Будааны хусуур', 'Цагаан пиавор', '0.00', '0.00', '48', 'asset_images\\/image_kYDH4qr.jpg', 2, 2, 2),
(51, '2020-06-20 07:47:54.338186', '2020-06-20 07:47:54.338186', 'Гриллны хусуур', 'Никель том 2ш, дунд 1ш,  битүү жижиг 1ш', '0.00', '0.00', '49', 'asset_images\\/image_7jNDx5w.jpg', 2, 2, 2),
(52, '2020-06-20 07:47:54.350076', '2020-06-20 07:47:54.350076', 'Хоолны халбага', 'Нүхтэй халбага 2ш, порцны халбага 4 ш, соусны халбага 4, хусуур 2', '0.00', '0.00', '50', 'asset_images\\/image_2K0FPhw.jpg', 2, 2, 2),
(53, '2020-06-20 07:47:54.360570', '2020-06-20 07:47:54.361572', 'Пиццаны хусуур', 'Жижиг', '0.00', '0.00', '51', 'asset_images\\/image_eW34V0I.jpg', 2, 2, 2),
(54, '2020-06-20 07:47:54.372451', '2020-06-20 07:47:54.372451', 'Зайрмагны халбага', 'Никель', '0.00', '0.00', '52', 'asset_images\\/image_CbmwVv1.jpg', 2, 2, 2),
(55, '2020-06-20 07:47:54.383460', '2020-06-20 07:47:54.383460', 'Гар миксер', 'Никель', '0.00', '0.00', '53', 'Default', 2, 2, 2),
(56, '2020-06-20 07:47:54.393620', '2020-06-20 07:47:54.393620', 'Төмс арилгагч', 'Никель', '0.00', '0.00', '54', 'asset_images\\/image_7UgxfB8.jpg', 2, 2, 2),
(57, '2020-06-20 07:47:54.404584', '2020-06-20 07:47:54.404584', 'Шанага', '3 төрөл том 1.2, дунд 0.8, жижиг 0.6', '0.00', '0.00', '55', 'asset_images\\/image_WyRdXwN.jpg', 2, 2, 2),
(58, '2020-06-20 07:47:54.415603', '2020-06-20 07:47:54.415603', 'Тиорк', '3 төрөл никель, модон, пиавор', '0.00', '0.00', '56', 'asset_images\\/image_xdtQnmW.jpg', 2, 2, 2),
(59, '2020-06-20 07:47:54.425613', '2020-06-20 07:47:54.425613', 'Өндөг хирчэгч', 'Төмөр', '0.00', '0.00', '57', 'asset_images\\/image_PMPh3me.jpg', 2, 2, 2),
(60, '2020-06-20 07:47:54.435116', '2020-06-20 07:47:54.435116', 'Нүхтэй хавчаар', 'Төмөр', '0.00', '0.00', '58', 'asset_images\\/image_dBDzlDl.jpg', 2, 2, 2),
(61, '2020-06-20 07:47:54.445537', '2020-06-20 07:47:54.445537', 'Резинтэй хавчаар', 'Улаан өнгөтэй', '0.00', '0.00', '59', 'asset_images\\/image_vKTY0uf.jpg', 2, 2, 2),
(62, '2020-06-20 07:47:54.455546', '2020-06-20 07:47:54.456548', 'Том төмөр хавчаар', 'Төмөр хавчаар хайчин хэлбэртэй', '0.00', '0.00', '60', 'asset_images\\/image_bBktMXB.jpg', 2, 2, 2),
(63, '2020-06-20 07:47:54.468135', '2020-06-20 07:47:54.468135', 'Сармис бяцлагч', 'Никель', '0.00', '0.00', '61', 'asset_images\\/image_cbzAZnS.jpg', 2, 2, 2),
(64, '2020-06-20 07:47:54.480151', '2020-06-20 07:47:54.480151', 'Никель хүнд хоолны халбага', 'Том', '0.00', '0.00', '62', 'asset_images\\/image_TMC2rPB.jpg', 2, 2, 2),
(65, '2020-06-20 07:47:54.492162', '2020-06-20 07:47:54.492162', 'Төмөр бөөрөнхий хэв', 'Никель', '0.00', '0.00', '63', 'asset_images\\/image_IqYveD2.jpg', 2, 2, 2),
(66, '2020-06-20 07:47:54.502920', '2020-06-20 07:47:54.502920', 'Модон ганбанз', 'Мах нүддэг ганбанз', '0.00', '0.00', '64', 'asset_images\\/image_BRLgYua.jpg', 2, 2, 2),
(67, '2020-06-20 07:47:54.512416', '2020-06-20 07:47:54.512416', 'Никель таг', 'Гоелын таг том 1ш, жижиг 1ш', '0.00', '0.00', '65', 'asset_images\\/image_Mo2eHwW.jpg', 2, 2, 2),
(68, '2020-06-20 07:47:54.522901', '2020-06-20 07:47:54.522901', 'Мензурк', 'Пиавор', '0.00', '0.00', '66', 'asset_images\\/image_MWz6sM9.jpg', 2, 2, 2),
(69, '2020-06-20 07:47:54.533160', '2020-06-20 07:47:54.533160', 'Газны гал', 'Урт', '0.00', '0.00', '67', 'asset_images\\/image_uRHGwyL.jpg', 2, 2, 2),
(70, '2020-06-20 07:47:54.542858', '2020-06-20 07:47:54.542858', 'Хөнгөн цагаан шанага', '4 төрөл', '0.00', '0.00', '68', 'asset_images\\/image_qhUf4Ee.jpg', 2, 2, 2),
(71, '2020-06-20 07:47:54.553175', '2020-06-20 07:47:54.553175', 'Хайруулын таваг нам D34', 'Намхан диаметр', '0.00', '0.00', '69', 'asset_images\\/image_qaBnFfN.jpg', 2, 2, 2),
(72, '2020-06-20 07:47:54.564018', '2020-06-20 07:47:54.564018', 'Хайруулын таваг нам D32', 'Намхан хайруулын таваг', '0.00', '0.00', '70', 'asset_images\\/image_D24e4Ye.jpg', 2, 2, 2),
(73, '2020-06-20 07:47:54.573515', '2020-06-20 07:47:54.573515', 'Хайруулын таваг өндөр D28', 'Undur tomor', '0.00', '0.00', '71', 'asset_images\\/image_yZnD9fT.jpg', 2, 2, 2),
(74, '2020-06-20 07:47:54.584002', '2020-06-20 07:47:54.584002', 'Хайруулын таваг өндөр D32', 'Өндөр хайруулын таваг төмөр', '0.00', '0.00', '72', 'asset_images\\/image_ydu9mib.jpg', 2, 2, 2),
(75, '2020-06-20 07:47:54.594011', '2020-06-20 07:47:54.594011', 'Хайруулын таваг хар d32', 'Өндөр хар хайруулын таваг', '0.00', '0.00', '73', 'asset_images\\/image_iikoN7m.jpg', 2, 2, 2),
(76, '2020-06-20 07:47:54.604017', '2020-06-20 07:47:54.604017', 'Хайруулын таваг нам D20', 'Хайруулын таваг жижиг төмөр', '0.00', '0.00', '74', 'asset_images\\/image_iPgphXc.jpg', 2, 2, 2),
(77, '2020-06-20 07:47:54.614715', '2020-06-20 07:47:54.614715', 'Шүүрэн шанага богино иштэй', 'Их тосны шүүрэн шанага жижиг', '0.00', '0.00', '75', 'asset_images\\/image_7Tj8OKW.jpg', 2, 2, 2),
(78, '2020-06-20 07:47:54.624724', '2020-06-20 07:47:54.624724', 'Хогийн сав', 'Пиавор саарал том', '0.00', '0.00', '76', 'asset_images\\/image_KgLRMzt.jpg', 2, 2, 2),
(79, '2020-06-20 07:47:54.634730', '2020-06-20 07:47:54.634730', 'Зуушны хөргүүртэй ширээ', 'Хөргүүртэй ширээ', '0.00', '0.00', '77', 'asset_images\\/image_xubg6N3.jpg', 2, 2, 2),
(80, '2020-06-20 07:47:54.644869', '2020-06-20 07:47:54.644869', 'Пиавор төмпөн', 'Дунд 4, жижиг 1ш', '0.00', '0.00', '78', 'asset_images\\/image_bCwfUW9.jpg', 2, 2, 2),
(81, '2020-06-20 07:47:54.654879', '2020-06-20 07:47:54.654879', 'Нүхтэй төмөр төмпөн', 'Том 1ш, жижиг 1ш', '0.00', '0.00', '79', 'asset_images\\/image_C6lK14c.jpg', 2, 2, 2),
(82, '2020-06-20 07:47:54.664888', '2020-06-20 07:47:54.664888', 'Төмөр төмпөн ком', 'Жижгээс томруулсан 11 ш', '0.00', '0.00', '80', 'asset_images\\/image_ZMMpHeu.jpg', 2, 2, 2),
(83, '2020-06-20 07:47:54.674905', '2020-06-20 07:47:54.674905', 'Пиццаны мод', 'Бариултай пиццаны мод 28, 22, 20', '0.00', '0.00', '81', 'asset_images\\/image_XF39pAU.jpg', 2, 2, 2),
(84, '2020-06-20 07:47:54.684915', '2020-06-20 07:47:54.684915', 'Пиццаны дугуй төмөр лист', 'Хар пиццаны бөөөний төөр лист', '0.00', '0.00', '82', 'asset_images\\/image_Euzc2A2.jpg', 2, 2, 2),
(85, '2020-06-20 07:47:54.694924', '2020-06-20 07:47:54.694924', 'Пиццаны бариултай лист', 'Хар өнгөтэй', '0.00', '0.00', '83', 'asset_images\\/image_TbhlBCb.jpg', 2, 2, 2),
(86, '2020-06-20 07:47:54.704934', '2020-06-20 07:47:54.704934', 'Будаа угаадаг шүүрэн шанага', 'Никель нүхтэй том шанага', '0.00', '0.00', '84', 'asset_images\\/image_hojRq29.jpg', 2, 2, 2),
(87, '2020-06-20 07:47:54.714603', '2020-06-20 07:47:54.714603', 'Хутганы ком', 'Хар иштэй 9 ш хутга', '0.00', '0.00', '85', 'asset_images\\/image_NYcA5zn.jpg', 2, 2, 2),
(88, '2020-06-20 07:47:54.724612', '2020-06-20 07:47:54.724612', 'Заазуур', 'Том бор иштэй заазуур', '0.00', '0.00', '86', 'asset_images\\/image_4IInieL.jpg', 2, 2, 2),
(89, '2020-06-20 07:47:54.734833', '2020-06-20 07:47:54.734833', 'Амтлагчны сав 5 тай', 'Никель', '0.00', '0.00', '87', 'asset_images\\/image_c2u9Ulb.jpg', 2, 2, 2),
(90, '2020-06-20 07:47:54.744843', '2020-06-20 07:47:54.744843', 'Амтлагчны сав том 6 тай', 'Никель', '0.00', '0.00', '88', 'asset_images\\/image_oI7zEna.jpg', 2, 2, 2),
(91, '2020-06-20 07:47:54.754852', '2020-06-20 07:47:54.754852', 'Тосны багс', '', '0.00', '0.00', '89', 'asset_images\\/image_Vzs94y3.jpg', 2, 2, 2),
(92, '2020-06-20 07:47:54.765928', '2020-06-20 07:47:54.765928', 'Хананы цаг', 'Дугуй', '0.00', '0.00', '90', 'asset_images\\/image_haVoALA.jpg', 2, 2, 2),
(93, '2020-06-20 07:47:54.775938', '2020-06-20 07:47:54.775938', 'Хогийн шүүр', 'Усан цэнхэр', '0.00', '0.00', '91', 'asset_images\\/image_dkxZQVA.jpg', 2, 2, 2),
(94, '2020-06-20 07:47:54.797124', '2020-06-20 07:47:54.797124', 'Илдүүр', 'Модон', '0.00', '0.00', '92', 'asset_images\\/image_Z55ZqBf.jpg', 2, 2, 2),
(95, '2020-06-20 07:47:54.816258', '2020-06-20 07:47:54.816258', 'Обши хоолны хар тогоо', 'Хар цуйвангийн тогоо', '0.00', '0.00', '93', 'asset_images\\/image_ZTRKWVz.jpg', 2, 2, 2),
(96, '2020-06-20 07:47:54.826265', '2020-06-20 07:47:54.826265', 'Цайны данх', 'Никель', '0.00', '0.00', '94', 'asset_images\\/image_ezkb20r.jpg', 2, 2, 2),
(97, '2020-06-20 07:47:54.837247', '2020-06-20 07:47:54.837247', 'Пицца зүсэгч', 'Хар бариултай', '0.00', '0.00', '95', 'asset_images\\/image_0PAINp7.jpg', 3, 2, 2),
(98, '2020-06-20 07:47:54.846356', '2020-06-20 07:47:54.846356', 'Өлгүүр', 'Төмөр өлгүүр', '0.00', '0.00', '96', 'asset_images\\/image_DhG1jgo.jpg', 2, 2, 2),
(99, '2020-06-20 07:47:54.857366', '2020-06-20 07:47:54.857366', 'Агааржуулагч', 'Никель том', '0.00', '0.00', '97', 'asset_images\\/image_WpKqTmv.jpg', 2, 2, 2),
(100, '2020-06-20 07:47:54.868684', '2020-06-20 07:47:54.868684', 'Мензурк том', 'Том жижиг', '0.00', '0.00', '98', 'asset_images\\/image_FKTAGAG.jpg', 3, 2, 2),
(101, '2020-06-20 07:47:54.878880', '2020-06-20 07:47:54.878880', 'Суурь таваг', 'Том шаазан', '0.00', '0.00', '99', 'asset_images\\/image_t7T21m5.jpg', 2, 2, 2),
(102, '2020-06-20 07:47:54.889743', '2020-06-20 07:47:54.889743', 'Ембүүн таваг', 'Шаазан', '0.00', '0.00', '100', 'asset_images\\/image_RdMI798.jpg', 2, 2, 2),
(103, '2020-06-20 07:47:54.899724', '2020-06-20 07:47:54.899724', 'Хуурганы иржгэр таваг', 'Шаазан иржгэр ирмэгтэй', '0.00', '0.00', '101', 'asset_images\\/image_2ZIWuUe.jpg', 2, 2, 2),
(104, '2020-06-20 07:47:54.909960', '2020-06-20 07:47:54.909960', 'Шөлний аяга жижиг', 'Хуургатай тавганд дагалдах шөлний аяга', '0.00', '0.00', '102', 'asset_images\\/image_dXjIhVa.jpg', 2, 2, 2),
(105, '2020-06-20 07:47:54.919969', '2020-06-20 07:47:54.919969', 'Обши хоолны таваг d12', 'Тасалгаатай обши хоолны пиавор таваг', '0.00', '0.00', '103', 'asset_images\\/image_WorHEdc.jpg', 2, 2, 2),
(106, '2020-06-20 07:47:54.931328', '2020-06-20 07:47:54.931328', 'Обши хоолны таваг D14', 'Обши хоолны тасалгаатай пиавор таваг', '0.00', '0.00', '104', 'asset_images\\/image_Oknl970.jpg', 2, 2, 2),
(107, '2020-06-20 07:47:54.941335', '2020-06-20 07:47:54.941335', 'Обши хоолны таваг d16', 'Обши хоолны тасалгаатай пиавор таваг', '0.00', '0.00', '105', 'asset_images\\/image_bMp6uXL.jpg', 2, 2, 2),
(108, '2020-06-20 07:47:54.952362', '2020-06-20 07:47:54.952362', 'Махны цуглуулганы зуйван таваг', 'Цагаан пиавор таваг', '0.00', '0.00', '106', 'asset_images\\/image_Cwy6owA.jpg', 2, 2, 2),
(109, '2020-06-20 07:47:54.961804', '2020-06-20 07:47:54.961804', 'Нүхтэй дугуй хуурганы таваг', 'Пиавор дугуй', '0.00', '0.00', '107', 'asset_images\\/image_4X8YCee.jpg', 2, 2, 2),
(110, '2020-06-20 07:47:54.973124', '2020-06-20 07:47:54.973124', 'Сэт хоолны ширмэн таваг', '3 цагаан жижиг тавагтай дөрвөлжин ширэмтэй', '0.00', '0.00', '108', 'asset_images\\/image_lNDmc0k.jpg', 2, 2, 2),
(111, '2020-06-20 07:47:54.983230', '2020-06-20 07:47:54.983230', 'Жижиг хачирны таваг', 'Цагаан таваг', '0.00', '0.00', '109', 'asset_images\\/image_u6x6NxS.jpg', 2, 2, 2),
(112, '2020-06-20 07:47:54.994240', '2020-06-20 07:47:54.994240', 'Зуйван ширэм суурьтай', 'Доороо модон суурьтай ширмэн таваг', '0.00', '0.00', '110', 'asset_images\\/image_XeLQz4e.jpg', 2, 2, 2),
(113, '2020-06-20 07:47:55.004251', '2020-06-20 07:47:55.005252', 'Обши шөлтэй хоолны халбага', 'Никель', '0.00', '0.00', '111', 'asset_images\\/image_37cLCjg.jpg', 2, 2, 2),
(114, '2020-06-20 07:47:55.014260', '2020-06-20 07:47:55.014260', 'Бариултай зууван том ширэм суу', 'Бариултай зууван том ширэм суурьтай', '0.00', '0.00', '112', 'asset_images\\/image_Hr6elJN.jpg', 2, 2, 2),
(115, '2020-06-20 07:47:55.024270', '2020-06-20 07:47:55.024270', 'Бариултай зууван дундаж ширэм ', 'Бариултай зууван дундаж  ширэм суурьтай', '0.00', '0.00', '113', 'asset_images\\/image_N4R8yE6.jpg', 2, 2, 2),
(116, '2020-06-20 07:47:55.036240', '2020-06-20 07:47:55.036240', 'Хайруулын таваг хэлбэртэй ширэ', 'Хайруулын таваг хэлбэртэй ширэм', '0.00', '0.00', '114', 'asset_images\\/image_A13kFwG.jpg', 2, 2, 2),
(117, '2020-06-20 07:47:55.049325', '2020-06-20 07:47:55.050326', 'Обши хоолны модон таваг 20 см', '', '0.00', '0.00', '115', 'asset_images\\/image_SqwAmqk.jpg', 2, 2, 2),
(118, '2020-06-20 07:47:55.060336', '2020-06-20 07:47:55.060336', 'Обши хоолны модон таваг 30см', '', '0.00', '0.00', '116', 'asset_images\\/image_j5sQObx.jpg', 2, 2, 2),
(119, '2020-06-20 07:47:55.070067', '2020-06-20 07:47:55.070067', 'Обши хоолны модон таваг 50 см', '', '0.00', '0.00', '117', 'asset_images\\/image_i3mLcuN.jpg', 2, 2, 2),
(120, '2020-06-20 07:47:55.081277', '2020-06-20 07:47:55.081277', 'Зураастай модон таваг 70', '', '0.00', '0.00', '118', 'asset_images\\/image_kuIVDVK.jpg', 2, 2, 2),
(121, '2020-06-20 07:47:55.091286', '2020-06-20 07:47:55.091286', 'Хясаан таваг хачирных жижиг', 'Шаазан', '0.00', '0.00', '119', 'asset_images\\/image_IgVPa6x.jpg', 2, 2, 2),
(122, '2020-06-20 07:47:55.100295', '2020-06-20 07:47:55.100295', 'Зутан шөлний чихтэй аяга', 'Шаазан', '0.00', '0.00', '120', 'asset_images\\/image_e9CzMor.jpg', 2, 2, 2),
(123, '2020-06-20 07:47:55.110304', '2020-06-20 07:47:55.110304', 'Цайны сэнжтэй аяга', 'Шаазан сэнжтэй аяга', '0.00', '0.00', '121', 'asset_images\\/image_L9qsbpG.jpg', 2, 2, 2),
(124, '2020-06-20 07:47:55.122317', '2020-06-20 07:47:55.122317', 'Удвал цэцгэн таваг жижиг d10', 'Шаазан иржгэр хээтэй зууш салатны таваг', '0.00', '0.00', '122', 'asset_images\\/image_BceMrBy.jpg', 2, 2, 2),
(125, '2020-06-20 07:47:55.132312', '2020-06-20 07:47:55.132312', 'Удвал цэцгэн таваг d14', 'Цагаан шаазан иржгэр хээтэй хоолны таваг', '0.00', '0.00', '123', 'asset_images\\/image_JsnZzN8.jpg', 2, 2, 2),
(126, '2020-06-20 07:47:55.142923', '2020-06-20 07:47:55.142923', 'Хясаан таваг том хоолны', 'Шаазан зузаан хясаан таваг', '0.00', '0.00', '124', 'asset_images\\/image_JA5MxHx.jpg', 2, 2, 2),
(127, '2020-06-20 07:47:55.153031', '2020-06-20 07:47:55.153031', 'Обши хоолны никель тогоо 26см', 'Никель тогоо', '0.00', '0.00', '125', 'asset_images\\/image_eddx31F.jpg', 2, 2, 2),
(128, '2020-06-20 07:47:55.163042', '2020-06-20 07:47:55.163042', 'Обши хоолны никель тогоо 28см', 'Никель тогоо', '0.00', '0.00', '126', 'asset_images\\/image_i5XC8RF.jpg', 2, 2, 2),
(129, '2020-06-20 07:47:55.173057', '2020-06-20 07:47:55.173057', 'Пиавор сандал', 'Угсардаг сандал', '0.00', '0.00', '127', 'asset_images\\/image_Oa7aUA3.jpg', 2, 2, 2),
(130, '2020-06-20 07:47:55.184138', '2020-06-20 07:47:55.184138', 'Хутга ирлэгч', 'Улаан', '0.00', '0.00', '128', 'asset_images\\/image_IpiY8B8.jpg', 2, 2, 2),
(131, '2020-06-20 07:47:55.193146', '2020-06-20 07:47:55.193146', 'Дөрвөлжин пял таваг 30х30', 'Дөрвөлжин пял таваг 30х30', '0.00', '0.00', '130', 'asset_images\\/image_IpiY8B8.jpg', 2, 2, 2),
(132, '2020-06-20 07:47:55.202811', '2020-06-20 07:47:55.202811', 'Шөлний аяга', 'Шөлний аяга', '0.00', '0.00', '131', 'asset_images\\/image_IpiY8B8.jpg', 2, 2, 2);

-- --------------------------------------------------------

--
-- Table structure for table `product_app_basic_asset_count`
--

CREATE TABLE `product_app_basic_asset_count` (
  `id` int(11) NOT NULL,
  `created_at` datetime(6) DEFAULT NULL,
  `updated_at` datetime(6) DEFAULT NULL,
  `counted_day` date NOT NULL,
  `prev_quantity` int(10) UNSIGNED NOT NULL CHECK (`prev_quantity` >= 0),
  `quantity_balance` int(10) UNSIGNED NOT NULL CHECK (`quantity_balance` >= 0),
  `quantity_increased` int(10) UNSIGNED NOT NULL CHECK (`quantity_increased` >= 0),
  `quantity_deducted` int(10) UNSIGNED NOT NULL CHECK (`quantity_deducted` >= 0),
  `information` longtext COLLATE utf8_unicode_ci DEFAULT NULL,
  `controll_confirmed` tinyint(1) NOT NULL,
  `basic_asset_id` int(11) NOT NULL,
  `controlled_by_id` int(11) DEFAULT NULL,
  `counted_by_id` int(11) NOT NULL,
  `created_by_id` int(11) DEFAULT NULL,
  `updated_by_id` int(11) DEFAULT NULL
) ENGINE=InnoDB DEFAULT CHARSET=utf8 COLLATE=utf8_unicode_ci;

--
-- Dumping data for table `product_app_basic_asset_count`
--

INSERT INTO `product_app_basic_asset_count` (`id`, `created_at`, `updated_at`, `counted_day`, `prev_quantity`, `quantity_balance`, `quantity_increased`, `quantity_deducted`, `information`, `controll_confirmed`, `basic_asset_id`, `controlled_by_id`, `counted_by_id`, `created_by_id`, `updated_by_id`) VALUES
(1, '2020-06-20 07:47:53.808208', '2020-06-20 07:47:53.808208', '2020-01-06', 0, 1, 1, 0, NULL, 0, 3, NULL, 2, 2, 2),
(2, '2020-06-20 07:47:53.821570', '2020-06-20 07:47:53.821570', '2020-01-06', 0, 1, 1, 0, NULL, 0, 4, NULL, 2, 2, 2),
(3, '2020-06-20 07:47:53.833431', '2020-06-20 07:47:53.834435', '2020-01-06', 0, 2, 2, 0, NULL, 0, 5, NULL, 2, 2, 2),
(4, '2020-06-20 07:47:53.843183', '2020-06-20 07:47:53.843183', '2020-01-06', 0, 1, 1, 0, NULL, 0, 6, NULL, 2, 2, 2),
(5, '2020-06-20 07:47:53.855196', '2020-06-20 07:47:53.855196', '2020-01-06', 0, 2, 2, 0, NULL, 0, 7, NULL, 2, 2, 2),
(6, '2020-06-20 07:47:53.866766', '2020-06-20 07:47:53.866766', '2020-01-06', 0, 2, 2, 0, NULL, 0, 8, NULL, 2, 2, 2),
(7, '2020-06-20 07:47:53.878504', '2020-06-20 07:47:53.878504', '2020-01-06', 0, 2, 2, 0, NULL, 0, 9, NULL, 2, 2, 2),
(8, '2020-06-20 07:47:53.889514', '2020-06-20 07:47:53.889514', '2020-01-06', 0, 1, 1, 0, NULL, 0, 10, NULL, 2, 2, 2),
(9, '2020-06-20 07:47:53.900525', '2020-06-20 07:47:53.900525', '2020-01-06', 0, 3, 3, 0, NULL, 0, 11, NULL, 2, 2, 2),
(10, '2020-06-20 07:47:53.910545', '2020-06-20 07:47:53.910545', '2020-01-06', 0, 1, 1, 0, NULL, 0, 12, NULL, 2, 2, 2),
(11, '2020-06-20 07:47:53.921154', '2020-06-20 07:47:53.921154', '2020-01-06', 0, 1, 1, 0, NULL, 0, 13, NULL, 2, 2, 2),
(12, '2020-06-20 07:47:53.933167', '2020-06-20 07:47:53.933167', '2020-01-06', 0, 1, 1, 0, NULL, 0, 14, NULL, 2, 2, 2),
(13, '2020-06-20 07:47:53.942149', '2020-06-20 07:47:53.943154', '2020-01-06', 0, 1, 1, 0, NULL, 0, 15, NULL, 2, 2, 2),
(14, '2020-06-20 07:47:53.953610', '2020-06-20 07:47:53.953610', '2020-01-06', 0, 1, 1, 0, NULL, 0, 16, NULL, 2, 2, 2),
(15, '2020-06-20 07:47:53.963824', '2020-06-20 07:47:53.963824', '2020-01-06', 0, 1, 1, 0, NULL, 0, 17, NULL, 2, 2, 2),
(16, '2020-06-20 07:47:53.973450', '2020-06-20 07:47:53.973450', '2020-01-06', 0, 1, 1, 0, NULL, 0, 18, NULL, 2, 2, 2),
(17, '2020-06-20 07:47:53.984872', '2020-06-20 07:47:53.984872', '2020-01-06', 0, 1, 1, 0, NULL, 0, 19, NULL, 2, 2, 2),
(18, '2020-06-20 07:47:53.994752', '2020-06-20 07:47:53.994752', '2020-01-06', 0, 1, 1, 0, NULL, 0, 20, NULL, 2, 2, 2),
(19, '2020-06-20 07:47:54.005912', '2020-06-20 07:47:54.005912', '2020-01-06', 0, 1, 1, 0, NULL, 0, 21, NULL, 2, 2, 2),
(20, '2020-06-20 07:47:54.015922', '2020-06-20 07:47:54.015922', '2020-01-06', 0, 1, 1, 0, NULL, 0, 22, NULL, 2, 2, 2),
(21, '2020-06-20 07:47:54.025931', '2020-06-20 07:47:54.025931', '2020-01-06', 0, 1, 1, 0, NULL, 0, 23, NULL, 2, 2, 2),
(22, '2020-06-20 07:47:54.037208', '2020-06-20 07:47:54.037208', '2020-01-06', 0, 1, 1, 0, NULL, 0, 24, NULL, 2, 2, 2),
(23, '2020-06-20 07:47:54.048219', '2020-06-20 07:47:54.048219', '2020-01-06', 0, 1, 1, 0, NULL, 0, 25, NULL, 2, 2, 2),
(24, '2020-06-20 07:47:54.058229', '2020-06-20 07:47:54.058229', '2020-01-06', 0, 5, 5, 0, NULL, 0, 26, NULL, 2, 2, 2),
(25, '2020-06-20 07:47:54.067757', '2020-06-20 07:47:54.067757', '2020-01-06', 0, 3, 3, 0, NULL, 0, 27, NULL, 2, 2, 2),
(26, '2020-06-20 07:47:54.077769', '2020-06-20 07:47:54.077769', '2020-01-06', 0, 3, 3, 0, NULL, 0, 28, NULL, 2, 2, 2),
(27, '2020-06-20 07:47:54.087780', '2020-06-20 07:47:54.087780', '2020-01-06', 0, 12, 12, 0, NULL, 0, 29, NULL, 2, 2, 2),
(28, '2020-06-20 07:47:54.097526', '2020-06-20 07:47:54.097526', '2020-01-06', 0, 2, 2, 0, NULL, 0, 30, NULL, 2, 2, 2),
(29, '2020-06-20 07:47:54.106958', '2020-06-20 07:47:54.107928', '2020-01-06', 0, 22, 22, 0, NULL, 0, 31, NULL, 2, 2, 2),
(30, '2020-06-20 07:47:54.118445', '2020-06-20 07:47:54.118445', '2020-01-06', 0, 10, 10, 0, NULL, 0, 32, NULL, 2, 2, 2),
(31, '2020-06-20 07:47:54.128453', '2020-06-20 07:47:54.128453', '2020-01-06', 0, 3, 3, 0, NULL, 0, 33, NULL, 2, 2, 2),
(32, '2020-06-20 07:47:54.139464', '2020-06-20 07:47:54.139464', '2020-01-06', 0, 1, 1, 0, NULL, 0, 34, NULL, 2, 2, 2),
(33, '2020-06-20 07:47:54.149473', '2020-06-20 07:47:54.149473', '2020-01-06', 0, 1, 1, 0, NULL, 0, 35, NULL, 2, 2, 2),
(34, '2020-06-20 07:47:54.158481', '2020-06-20 07:47:54.158481', '2020-01-06', 0, 1, 1, 0, NULL, 0, 36, NULL, 2, 2, 2),
(35, '2020-06-20 07:47:54.168552', '2020-06-20 07:47:54.168552', '2020-01-06', 0, 2, 2, 0, NULL, 0, 37, NULL, 2, 2, 2),
(36, '2020-06-20 07:47:54.178352', '2020-06-20 07:47:54.178352', '2020-01-06', 0, 2, 2, 0, NULL, 0, 38, NULL, 2, 2, 2),
(37, '2020-06-20 07:47:54.187939', '2020-06-20 07:47:54.187939', '2020-01-06', 0, 1, 1, 0, NULL, 0, 39, NULL, 2, 2, 2),
(38, '2020-06-20 07:47:54.198546', '2020-06-20 07:47:54.198546', '2020-01-06', 0, 5, 5, 0, NULL, 0, 40, NULL, 2, 2, 2),
(39, '2020-06-20 07:47:54.206825', '2020-06-20 07:47:54.206825', '2020-01-06', 0, 1, 1, 0, NULL, 0, 41, NULL, 2, 2, 2),
(40, '2020-06-20 07:47:54.223629', '2020-06-20 07:47:54.223629', '2020-01-06', 0, 12, 12, 0, NULL, 0, 42, NULL, 2, 2, 2),
(41, '2020-06-20 07:47:54.250258', '2020-06-20 07:47:54.250258', '2020-01-06', 0, 2, 2, 0, NULL, 0, 43, NULL, 2, 2, 2),
(42, '2020-06-20 07:47:54.262269', '2020-06-20 07:47:54.262269', '2020-01-06', 0, 1, 1, 0, NULL, 0, 44, NULL, 2, 2, 2),
(43, '2020-06-20 07:47:54.276283', '2020-06-20 07:47:54.276283', '2020-01-06', 0, 12, 12, 0, NULL, 0, 45, NULL, 2, 2, 2),
(44, '2020-06-20 07:47:54.287277', '2020-06-20 07:47:54.287277', '2020-01-06', 0, 5, 5, 0, NULL, 0, 46, NULL, 2, 2, 2),
(45, '2020-06-20 07:47:54.298292', '2020-06-20 07:47:54.298292', '2020-01-06', 0, 3, 3, 0, NULL, 0, 47, NULL, 2, 2, 2),
(46, '2020-06-20 07:47:54.308026', '2020-06-20 07:47:54.309031', '2020-01-06', 0, 1, 1, 0, NULL, 0, 48, NULL, 2, 2, 2),
(47, '2020-06-20 07:47:54.319167', '2020-06-20 07:47:54.319167', '2020-01-06', 0, 1, 1, 0, NULL, 0, 49, NULL, 2, 2, 2),
(48, '2020-06-20 07:47:54.329178', '2020-06-20 07:47:54.330179', '2020-01-06', 0, 2, 2, 0, NULL, 0, 50, NULL, 2, 2, 2),
(49, '2020-06-20 07:47:54.341067', '2020-06-20 07:47:54.341067', '2020-01-06', 0, 4, 4, 0, NULL, 0, 51, NULL, 2, 2, 2),
(50, '2020-06-20 07:47:54.353097', '2020-06-20 07:47:54.353097', '2020-01-06', 0, 11, 11, 0, NULL, 0, 52, NULL, 2, 2, 2),
(51, '2020-06-20 07:47:54.364441', '2020-06-20 07:47:54.364441', '2020-01-06', 0, 1, 1, 0, NULL, 0, 53, NULL, 2, 2, 2),
(52, '2020-06-20 07:47:54.375452', '2020-06-20 07:47:54.375452', '2020-01-06', 0, 2, 2, 0, NULL, 0, 54, NULL, 2, 2, 2),
(53, '2020-06-20 07:47:54.385610', '2020-06-20 07:47:54.385610', '2020-01-06', 0, 3, 3, 0, NULL, 0, 55, NULL, 2, 2, 2),
(54, '2020-06-20 07:47:54.396572', '2020-06-20 07:47:54.396572', '2020-01-06', 0, 3, 3, 0, NULL, 0, 56, NULL, 2, 2, 2),
(55, '2020-06-20 07:47:54.407587', '2020-06-20 07:47:54.407587', '2020-01-06', 0, 3, 3, 0, NULL, 0, 57, NULL, 2, 2, 2),
(56, '2020-06-20 07:47:54.417605', '2020-06-20 07:47:54.417605', '2020-01-06', 0, 3, 3, 0, NULL, 0, 58, NULL, 2, 2, 2),
(57, '2020-06-20 07:47:54.427105', '2020-06-20 07:47:54.427105', '2020-01-06', 0, 1, 1, 0, NULL, 0, 59, NULL, 2, 2, 2),
(58, '2020-06-20 07:47:54.438119', '2020-06-20 07:47:54.438119', '2020-01-06', 0, 3, 3, 0, NULL, 0, 60, NULL, 2, 2, 2),
(59, '2020-06-20 07:47:54.448540', '2020-06-20 07:47:54.448540', '2020-01-06', 0, 1, 1, 0, NULL, 0, 61, NULL, 2, 2, 2),
(60, '2020-06-20 07:47:54.458549', '2020-06-20 07:47:54.458549', '2020-01-06', 0, 4, 4, 0, NULL, 0, 62, NULL, 2, 2, 2),
(61, '2020-06-20 07:47:54.470537', '2020-06-20 07:47:54.471542', '2020-01-06', 0, 1, 1, 0, NULL, 0, 63, NULL, 2, 2, 2),
(62, '2020-06-20 07:47:54.483154', '2020-06-20 07:47:54.483154', '2020-01-06', 0, 1, 1, 0, NULL, 0, 64, NULL, 2, 2, 2),
(63, '2020-06-20 07:47:54.494912', '2020-06-20 07:47:54.494912', '2020-01-06', 0, 2, 2, 0, NULL, 0, 65, NULL, 2, 2, 2),
(64, '2020-06-20 07:47:54.504921', '2020-06-20 07:47:54.504921', '2020-01-06', 0, 1, 1, 0, NULL, 0, 66, NULL, 2, 2, 2),
(65, '2020-06-20 07:47:54.515418', '2020-06-20 07:47:54.515418', '2020-01-06', 0, 2, 2, 0, NULL, 0, 67, NULL, 2, 2, 2),
(66, '2020-06-20 07:47:54.524903', '2020-06-20 07:47:54.524903', '2020-01-06', 0, 1, 1, 0, NULL, 0, 68, NULL, 2, 2, 2),
(67, '2020-06-20 07:47:54.535257', '2020-06-20 07:47:54.536262', '2020-01-06', 0, 2, 2, 0, NULL, 0, 69, NULL, 2, 2, 2),
(68, '2020-06-20 07:47:54.544971', '2020-06-20 07:47:54.544971', '2020-01-06', 0, 4, 4, 0, NULL, 0, 70, NULL, 2, 2, 2),
(69, '2020-06-20 07:47:54.556178', '2020-06-20 07:47:54.556178', '2020-01-06', 0, 1, 1, 0, NULL, 0, 71, NULL, 2, 2, 2),
(70, '2020-06-20 07:47:54.567021', '2020-06-20 07:47:54.567021', '2020-01-06', 0, 2, 2, 0, NULL, 0, 72, NULL, 2, 2, 2),
(71, '2020-06-20 07:47:54.575589', '2020-06-20 07:47:54.575589', '2020-01-06', 0, 1, 1, 0, NULL, 0, 73, NULL, 2, 2, 2),
(72, '2020-06-20 07:47:54.586003', '2020-06-20 07:47:54.587005', '2020-01-06', 0, 1, 1, 0, NULL, 0, 74, NULL, 2, 2, 2),
(73, '2020-06-20 07:47:54.596006', '2020-06-20 07:47:54.596006', '2020-01-06', 0, 2, 2, 0, NULL, 0, 75, NULL, 2, 2, 2),
(74, '2020-06-20 07:47:54.606868', '2020-06-20 07:47:54.606868', '2020-01-06', 0, 1, 1, 0, NULL, 0, 76, NULL, 2, 2, 2),
(75, '2020-06-20 07:47:54.616716', '2020-06-20 07:47:54.616716', '2020-01-06', 0, 1, 1, 0, NULL, 0, 77, NULL, 2, 2, 2),
(76, '2020-06-20 07:47:54.626719', '2020-06-20 07:47:54.626719', '2020-01-06', 0, 2, 2, 0, NULL, 0, 78, NULL, 2, 2, 2),
(77, '2020-06-20 07:47:54.636858', '2020-06-20 07:47:54.636858', '2020-01-06', 0, 1, 1, 0, NULL, 0, 79, NULL, 2, 2, 2),
(78, '2020-06-20 07:47:54.647872', '2020-06-20 07:47:54.647872', '2020-01-06', 0, 5, 5, 0, NULL, 0, 80, NULL, 2, 2, 2),
(79, '2020-06-20 07:47:54.656882', '2020-06-20 07:47:54.656882', '2020-01-06', 0, 2, 2, 0, NULL, 0, 81, NULL, 2, 2, 2),
(80, '2020-06-20 07:47:54.667891', '2020-06-20 07:47:54.667891', '2020-01-06', 0, 11, 11, 0, NULL, 0, 82, NULL, 2, 2, 2),
(81, '2020-06-20 07:47:54.676906', '2020-06-20 07:47:54.676906', '2020-01-06', 0, 3, 3, 0, NULL, 0, 83, NULL, 2, 2, 2),
(82, '2020-06-20 07:47:54.686930', '2020-06-20 07:47:54.687918', '2020-01-06', 0, 6, 6, 0, NULL, 0, 84, NULL, 2, 2, 2),
(83, '2020-06-20 07:47:54.696925', '2020-06-20 07:47:54.696925', '2020-01-06', 0, 1, 1, 0, NULL, 0, 85, NULL, 2, 2, 2),
(84, '2020-06-20 07:47:54.707279', '2020-06-20 07:47:54.707279', '2020-01-06', 0, 1, 1, 0, NULL, 0, 86, NULL, 2, 2, 2),
(85, '2020-06-20 07:47:54.717605', '2020-06-20 07:47:54.717605', '2020-01-06', 0, 9, 9, 0, NULL, 0, 87, NULL, 2, 2, 2),
(86, '2020-06-20 07:47:54.727614', '2020-06-20 07:47:54.727614', '2020-01-06', 0, 1, 1, 0, NULL, 0, 88, NULL, 2, 2, 2),
(87, '2020-06-20 07:47:54.737836', '2020-06-20 07:47:54.737836', '2020-01-06', 0, 1, 1, 0, NULL, 0, 89, NULL, 2, 2, 2),
(88, '2020-06-20 07:47:54.748847', '2020-06-20 07:47:54.748847', '2020-01-06', 0, 1, 1, 0, NULL, 0, 90, NULL, 2, 2, 2),
(89, '2020-06-20 07:47:54.758173', '2020-06-20 07:47:54.758173', '2020-01-06', 0, 1, 1, 0, NULL, 0, 91, NULL, 2, 2, 2),
(90, '2020-06-20 07:47:54.768931', '2020-06-20 07:47:54.768931', '2020-01-06', 0, 1, 1, 0, NULL, 0, 92, NULL, 2, 2, 2),
(91, '2020-06-20 07:47:54.777938', '2020-06-20 07:47:54.777938', '2020-01-06', 0, 1, 1, 0, NULL, 0, 93, NULL, 2, 2, 2),
(92, '2020-06-20 07:47:54.806591', '2020-06-20 07:47:54.806591', '2020-01-06', 0, 1, 1, 0, NULL, 0, 94, NULL, 2, 2, 2),
(93, '2020-06-20 07:47:54.819259', '2020-06-20 07:47:54.819259', '2020-01-06', 0, 5, 5, 0, NULL, 0, 95, NULL, 2, 2, 2),
(94, '2020-06-20 07:47:54.829239', '2020-06-20 07:47:54.829239', '2020-01-06', 0, 2, 2, 0, NULL, 0, 96, NULL, 2, 2, 2),
(95, '2020-06-20 07:47:54.839248', '2020-06-20 07:47:54.839248', '2020-01-06', 0, 1, 1, 0, NULL, 0, 97, NULL, 2, 2, 2),
(96, '2020-06-20 07:47:54.850360', '2020-06-20 07:47:54.850360', '2020-01-06', 0, 8, 8, 0, NULL, 0, 98, NULL, 2, 2, 2),
(97, '2020-06-20 07:47:54.859981', '2020-06-20 07:47:54.859981', '2020-01-06', 0, 5, 5, 0, NULL, 0, 99, NULL, 2, 2, 2),
(98, '2020-06-20 07:47:54.871873', '2020-06-20 07:47:54.871873', '2020-01-06', 0, 2, 2, 0, NULL, 0, 100, NULL, 2, 2, 2),
(99, '2020-06-20 07:47:54.881732', '2020-06-20 07:47:54.881732', '2020-01-06', 0, 9, 9, 0, NULL, 0, 101, NULL, 2, 2, 2),
(100, '2020-06-20 07:47:54.891713', '2020-06-20 07:47:54.891713', '2020-01-06', 0, 9, 9, 0, NULL, 0, 102, NULL, 2, 2, 2),
(101, '2020-06-20 07:47:54.902727', '2020-06-20 07:47:54.902727', '2020-01-06', 0, 47, 47, 0, NULL, 0, 103, NULL, 2, 2, 2),
(102, '2020-06-20 07:47:54.912963', '2020-06-20 07:47:54.912963', '2020-01-06', 0, 18, 18, 0, NULL, 0, 104, NULL, 2, 2, 2),
(103, '2020-06-20 07:47:54.923159', '2020-06-20 07:47:54.923159', '2020-01-06', 0, 10, 10, 0, NULL, 0, 105, NULL, 2, 2, 2),
(104, '2020-06-20 07:47:54.934329', '2020-06-20 07:47:54.934329', '2020-01-06', 0, 10, 10, 0, NULL, 0, 106, NULL, 2, 2, 2),
(105, '2020-06-20 07:47:54.943337', '2020-06-20 07:47:54.943337', '2020-01-06', 0, 10, 10, 0, NULL, 0, 107, NULL, 2, 2, 2),
(106, '2020-06-20 07:47:54.954166', '2020-06-20 07:47:54.954166', '2020-01-06', 0, 5, 5, 0, NULL, 0, 108, NULL, 2, 2, 2),
(107, '2020-06-20 07:47:54.965116', '2020-06-20 07:47:54.965116', '2020-01-06', 0, 5, 5, 0, NULL, 0, 109, NULL, 2, 2, 2),
(108, '2020-06-20 07:47:54.974880', '2020-06-20 07:47:54.974880', '2020-01-06', 0, 21, 21, 0, NULL, 0, 110, NULL, 2, 2, 2),
(109, '2020-06-20 07:47:54.985231', '2020-06-20 07:47:54.985231', '2020-01-06', 0, 30, 30, 0, NULL, 0, 111, NULL, 2, 2, 2),
(110, '2020-06-20 07:47:54.997243', '2020-06-20 07:47:54.997243', '2020-01-06', 0, 6, 6, 0, NULL, 0, 112, NULL, 2, 2, 2),
(111, '2020-06-20 07:47:55.007253', '2020-06-20 07:47:55.007253', '2020-01-06', 0, 10, 10, 0, NULL, 0, 113, NULL, 2, 2, 2),
(112, '2020-06-20 07:47:55.016261', '2020-06-20 07:47:55.016261', '2020-01-06', 0, 6, 6, 0, NULL, 0, 114, NULL, 2, 2, 2),
(113, '2020-06-20 07:47:55.027226', '2020-06-20 07:47:55.027226', '2020-01-06', 0, 6, 6, 0, NULL, 0, 115, NULL, 2, 2, 2),
(114, '2020-06-20 07:47:55.039311', '2020-06-20 07:47:55.039311', '2020-01-06', 0, 6, 6, 0, NULL, 0, 116, NULL, 2, 2, 2),
(115, '2020-06-20 07:47:55.052328', '2020-06-20 07:47:55.052328', '2020-01-06', 0, 4, 4, 0, NULL, 0, 117, NULL, 2, 2, 2),
(116, '2020-06-20 07:47:55.062056', '2020-06-20 07:47:55.062056', '2020-01-06', 0, 6, 6, 0, NULL, 0, 118, NULL, 2, 2, 2),
(117, '2020-06-20 07:47:55.072265', '2020-06-20 07:47:55.072265', '2020-01-06', 0, 6, 6, 0, NULL, 0, 119, NULL, 2, 2, 2),
(118, '2020-06-20 07:47:55.083278', '2020-06-20 07:47:55.083278', '2020-01-06', 0, 6, 6, 0, NULL, 0, 120, NULL, 2, 2, 2),
(119, '2020-06-20 07:47:55.093288', '2020-06-20 07:47:55.093288', '2020-01-06', 0, 50, 50, 0, NULL, 0, 121, NULL, 2, 2, 2),
(120, '2020-06-20 07:47:55.103297', '2020-06-20 07:47:55.103297', '2020-01-06', 0, 21, 21, 0, NULL, 0, 122, NULL, 2, 2, 2),
(121, '2020-06-20 07:47:55.113307', '2020-06-20 07:47:55.113307', '2020-01-06', 0, 80, 80, 0, NULL, 0, 123, NULL, 2, 2, 2),
(122, '2020-06-20 07:47:55.124317', '2020-06-20 07:47:55.124317', '2020-01-06', 0, 45, 45, 0, NULL, 0, 124, NULL, 2, 2, 2),
(123, '2020-06-20 07:47:55.135315', '2020-06-20 07:47:55.135315', '2020-01-06', 0, 43, 43, 0, NULL, 0, 125, NULL, 2, 2, 2),
(124, '2020-06-20 07:47:55.145388', '2020-06-20 07:47:55.145388', '2020-01-06', 0, 1, 1, 0, NULL, 0, 126, NULL, 2, 2, 2),
(125, '2020-06-20 07:47:55.156034', '2020-06-20 07:47:55.156034', '2020-01-06', 0, 5, 5, 0, NULL, 0, 127, NULL, 2, 2, 2),
(126, '2020-06-20 07:47:55.165042', '2020-06-20 07:47:55.166044', '2020-01-06', 0, 5, 5, 0, NULL, 0, 128, NULL, 2, 2, 2),
(127, '2020-06-20 07:47:55.176130', '2020-06-20 07:47:55.176130', '2020-01-06', 0, 2, 2, 0, NULL, 0, 129, NULL, 2, 2, 2),
(128, '2020-06-20 07:47:55.186140', '2020-06-20 07:47:55.186140', '2020-01-06', 0, 1, 1, 0, NULL, 0, 130, NULL, 2, 2, 2),
(129, '2020-06-20 07:47:55.195800', '2020-06-20 07:47:55.195800', '2020-01-06', 0, 50, 50, 0, NULL, 0, 131, NULL, 2, 2, 2),
(130, '2020-06-20 07:47:55.205167', '2020-06-20 07:47:55.205167', '2020-01-06', 0, 100, 100, 0, NULL, 0, 132, NULL, 2, 2, 2),
(131, '2020-06-20 07:47:55.215218', '2020-06-20 07:47:55.215218', '2020-01-06', 0, 24, 24, 0, NULL, 0, 1, NULL, 2, 2, 2);

-- --------------------------------------------------------

--
-- Table structure for table `product_app_broken_item`
--

CREATE TABLE `product_app_broken_item` (
  `id` int(11) NOT NULL,
  `created_at` datetime(6) DEFAULT NULL,
  `updated_at` datetime(6) DEFAULT NULL,
  `size` int(10) UNSIGNED NOT NULL CHECK (`size` >= 0),
  `description` longtext COLLATE utf8_unicode_ci DEFAULT NULL,
  `damage_paid` tinyint(1) NOT NULL,
  `money_transfer_status` varchar(30) COLLATE utf8_unicode_ci NOT NULL,
  `basic_asset_id` int(11) NOT NULL,
  `commodity_id` int(11) NOT NULL,
  `created_by_id` int(11) DEFAULT NULL,
  `money_transfer_id` int(11) NOT NULL,
  `product_id` int(11) NOT NULL,
  `size_type_id` int(11) DEFAULT NULL,
  `updated_by_id` int(11) DEFAULT NULL
) ENGINE=InnoDB DEFAULT CHARSET=utf8 COLLATE=utf8_unicode_ci;

-- --------------------------------------------------------

--
-- Table structure for table `product_app_commodity`
--

CREATE TABLE `product_app_commodity` (
  `id` int(11) NOT NULL,
  `created_at` datetime(6) DEFAULT NULL,
  `name` varchar(255) COLLATE utf8_unicode_ci NOT NULL,
  `description` longtext COLLATE utf8_unicode_ci DEFAULT NULL,
  `unit_size` int(10) UNSIGNED NOT NULL,
  `created_by_id` int(11) DEFAULT NULL,
  `size_type_id` int(11) DEFAULT NULL,
  `image` varchar(100) COLLATE utf8_unicode_ci DEFAULT NULL
) ENGINE=InnoDB DEFAULT CHARSET=utf8 COLLATE=utf8_unicode_ci;

--
-- Dumping data for table `product_app_commodity`
--

INSERT INTO `product_app_commodity` (`id`, `created_at`, `name`, `description`, `unit_size`, `created_by_id`, `size_type_id`, `image`) VALUES
(1, '2021-07-03 01:53:44.971841', 'Eden 1000ml', 'Eden 1000ml', 1000, NULL, 2, 'commodity-images/eden-0.75l-7.5.png'),
(2, '2021-07-03 01:54:04.306093', 'Velvet 1000ml', 'Velvet 1000ml', 1000, NULL, 2, 'commodity-images/velvet-1l-8.5_l.png'),
(3, '2021-07-03 01:54:33.868432', 'Evok 750ml', 'Evok 750ml', 750, NULL, 2, 'commodity-images/download.jpg'),
(4, '2021-07-03 01:55:04.261965', 'Smirnoff red 1000ml', 'Smirnoff red 1000ml', 1000, NULL, 2, 'commodity-images/70778-smirnoff-red-label-vodka-375-prozent-vol.jpg'),
(5, '2021-07-03 01:55:22.169642', 'Finlandia 1000ml', 'Finlandia 1000ml', 1000, NULL, 2, 'commodity-images/vodka-of-finland-400-2_1.jpg'),
(6, '2021-07-03 01:56:18.315318', 'Beluga 1000ml', 'Beluga 1000ml', 1000, NULL, 2, 'commodity-images/download_1.jpg'),
(7, '2021-07-03 01:57:22.210733', 'Belvedere 700ml', 'Belvedere 700ml', 700, NULL, 2, 'commodity-images/belvedere-vodka-688155_e.jpg'),
(8, '2021-07-03 01:58:07.065170', 'Ciroc 750ml', 'Ciroc 750ml', 750, NULL, 2, 'commodity-images/download_2.jpg'),
(9, '2021-07-03 01:59:01.529232', 'Hennessy V.S 700ml', 'Hennessy V.S 700ml', 700, NULL, 2, 'commodity-images/18291_Hennessy-VS-07L-40-Vol_4.jpg'),
(10, '2021-07-03 01:59:32.615001', 'Hennessy V.S.O.P 700ml', 'Hennessy V.S.O.P 700ml', 700, NULL, 2, 'commodity-images/download_3.jpg'),
(11, '2021-07-03 02:00:15.797894', 'Wild Turkey 1000ml', 'Wild Turkey 1000ml', 1000, NULL, 2, 'commodity-images/ci-wild-turkey-bourbon-fe554d942f449305.jpeg'),
(12, '2021-07-03 02:01:44.745254', 'Jameson 1000ml', 'Jameson 1000ml', 1000, NULL, 2, 'commodity-images/4006-jameson.png'),
(13, '2021-07-03 02:02:24.069881', 'Jack Daniel\'s 1000ml', 'Jack Daniel\'s 1000ml', 1000, NULL, 2, 'commodity-images/jack-daniels-old-no7-400_2.jpg'),
(14, '2021-07-03 02:03:26.453739', 'Jack Daniel\'s Honey 700ml', 'Jack Daniel\'s Honey 700ml', 700, NULL, 2, 'commodity-images/2087207030007_1_default_default.jpg'),
(15, '2021-07-03 02:04:34.303892', 'Jack Daniel\'s Fire 750ml', 'Jack Daniel\'s Fire 750ml', 750, NULL, 2, 'commodity-images/100430_jack_daniels_tennesee_fire_700.jpg'),
(16, '2021-07-03 02:06:15.097965', 'Glenmorangie Original 700ml', 'Glenmorangie Original 700ml', 700, NULL, 2, 'commodity-images/99800_glenmorangie_original_700_ohne_gp.jpg'),
(17, '2021-07-03 02:06:58.118774', 'Ballantine\'s Finest 1000ml', 'Ballantine\'s Finest 1000ml', 1000, NULL, 2, 'commodity-images/ballantines-finest_1.jpg'),
(18, '2021-07-03 02:09:51.222963', 'Johnnie Walker Red 1000ml', 'Johnnie Walker Red 1000ml', 1000, NULL, 2, 'commodity-images/Johnnie-Walker-Red-Label.png'),
(19, '2021-07-03 02:11:07.183659', 'Bacardi Superior 1000ml', 'Bacardi Superior 1000ml', 1000, NULL, 2, 'commodity-images/00-02-111-01_1.jpg'),
(20, '2021-07-03 02:13:04.416762', 'Captain Morgan Spiced Gold 1000ml', 'Captain Morgan Spiced Gold 1000ml', 1000, NULL, 2, 'commodity-images/cpt-morgan-spiced-gold-2450-750ml.jpg'),
(21, '2021-07-03 02:14:42.956826', 'Sierra Silver 700ml', 'Sierra Silver 700ml', 1000, NULL, 2, 'commodity-images/sierra-tequila-silver-700ml.jpg'),
(22, '2021-07-03 02:14:59.739584', 'Sierra Gold 700ml', 'Sierra Gold 700ml', 1000, NULL, 2, 'commodity-images/SIERRA-TEQUILA-GOLD-1L.jpg'),
(23, '2021-07-03 02:17:24.378656', 'Pepe Lopez Gold 1000ml', 'Pepe Lopez Gold 1000ml', 1000, NULL, 2, 'commodity-images/0000428.jpeg'),
(24, '2021-07-03 02:18:16.811055', 'Kahlua 1000ml', 'Kahlua 1000ml', 1000, NULL, 2, 'commodity-images/download_6.jpg'),
(25, '2021-07-03 02:18:49.970792', 'Bailey\'s 1000ml', 'Bailey\'s 1000ml', 1000, NULL, 2, 'commodity-images/baileys-original-irish-cream-700ml.jpg'),
(26, '2021-07-03 02:19:41.586443', 'Jagermaister 1000ml', 'Jagermaister 1000ml', 1000, NULL, 2, 'commodity-images/jagermeister-100-cl-m.jpg'),
(27, '2021-07-03 02:22:53.500601', 'Sambuca 1000ml', 'Sambuca 1000ml', 1000, NULL, 2, ''),
(28, '2021-07-03 02:23:45.060597', 'AbsenthXenta 1000ml', 'AbsenthXenta 1000ml', 1000, NULL, 2, 'commodity-images/10414581.jpg'),
(29, '2021-07-03 02:24:35.626812', 'Gordon\'s 1000ml', 'Gordon\'s 1000ml', 1000, NULL, 2, 'commodity-images/gordons-london-dry-gin-3750-1l_1.jpg'),
(30, '2021-07-03 02:26:22.474264', 'Campari 700ml', 'Campari 700ml', 700, NULL, 2, 'commodity-images/00-02-111-01_1_led7RKz.jpg'),
(31, '2021-07-03 02:26:53.146232', 'Aperol 700ml', 'Aperol 700ml', 700, NULL, 2, 'commodity-images/aperol-aperitivo-700ml_grande.jpg'),
(32, '2021-07-03 02:29:35.114738', 'Martini Bianco 1000ml', 'Martini Bianco 1000ml', 1000, NULL, 2, 'commodity-images/cq5dam.web.1280.1280.jpeg'),
(33, '2021-07-03 02:31:09.730731', 'Martini Rosso 1000ml', 'Martini Rosso 1000ml', 1000, NULL, 2, 'commodity-images/ME089.png'),
(34, '2021-07-03 02:32:29.017285', 'Martini Extra Dry 1000ml', 'Martini Extra Dry 1000ml', 1000, NULL, 2, 'commodity-images/martini-extra-dry-vermouth-75cl-15-abv_temp.jpg'),
(35, '2021-07-03 04:22:09.972264', 'Altos del Plata Red 750ml', 'Altos del Plata Red 750ml', 750, NULL, 2, 'commodity-images/terrazas-de-los-andes-altos-del-plata-malbec.jpg'),
(36, '2021-07-03 04:22:50.490597', 'Domaine La Baume Red 750ml', 'Domaine La Baume Red 750ml', 750, NULL, 2, 'commodity-images/8127_la_baume_cabsauv_2019_1.png'),
(37, '2021-07-03 04:39:08.967630', 'Silver Gold 700ml', 'Silver Gold 700ml', 700, NULL, 2, ''),
(38, '2021-07-06 07:27:10.182237', 'Cointreau 1000ml', 'Cointreau 1000ml', 1000, NULL, 2, ''),
(40, '2021-07-06 08:27:46.576989', 'Coca cola', 'cocktails commodity', 1, NULL, 1, ''),
(41, '2021-07-06 08:28:08.749107', 'Sprite', 'cocktails commodity', 1, NULL, 1, ''),
(42, '2021-07-06 08:35:28.305595', 'Lemon Juice 750ml', 'Lemon Juice 750ml', 750, NULL, 2, ''),
(43, '2021-07-06 08:48:28.913984', 'Triple sec Syrop 700ml', 'Cocktails commodity', 700, NULL, 2, ''),
(44, '2021-07-06 08:49:26.726087', 'Cucumber Syrop 700ml', 'Cocktails commodity', 700, NULL, 2, ''),
(45, '2021-07-06 08:56:00.803379', 'Cane sugar 700ml', 'Cocktails commodity', 700, NULL, 2, ''),
(46, '2021-07-06 08:57:14.623709', 'Blue Curacao syrop 700ml', 'Cocktails commodity', 700, NULL, 2, ''),
(47, '2021-07-06 10:49:14.416565', 'Soda', 'Cocktails commodity', 1, NULL, 1, ''),
(48, '2021-07-24 12:39:35.472964', 'Altos del Plata White 750ml', 'Altos del Plata White 750ml', 750, NULL, 2, 'commodity-images/product988.jpg'),
(49, '2021-07-24 12:41:14.240800', 'Domaine La Baume White 750ml', 'Domaine La Baume White 750ml', 750, NULL, 2, 'commodity-images/8126_la_baume_sauv_blanc_2019.png'),
(50, '2021-07-24 12:43:14.519335', 'Louis Eschenauer Red 750ml', 'Louis Eschenauer Red 750ml', 750, NULL, 2, 'commodity-images/8036_bordeaux_louis_eschenauer_075.png'),
(51, '2021-07-24 12:44:52.738295', 'Louis Eschenauer White 750ml', 'Louis Eschenauer White 750ml', 750, NULL, 2, 'commodity-images/Louis_Eschenauer_Bordeaux_white.png'),
(52, '2021-07-27 05:40:10.602095', 'Juice apple 1000ml', 'Juice apple 1000ml', 1000, NULL, 2, ''),
(53, '2021-07-27 05:40:37.429630', 'Juice mango 1500ml', 'Juice mango 1500ml', 1500, NULL, 2, ''),
(54, '2021-07-27 05:40:58.574839', 'Juice cranberry 1000ml', 'Juice cranberry 1000ml', 1000, NULL, 2, ''),
(55, '2021-07-27 05:41:26.491436', 'Juice orange 1500ml', 'Juice orange 1500ml', 1500, NULL, 2, ''),
(56, '2021-07-27 05:45:41.520023', 'Juice Моя Семья 950ml', 'Juice Моя Семья 250ml', 950, NULL, 2, '');

-- --------------------------------------------------------

--
-- Table structure for table `product_app_commodity_categories`
--

CREATE TABLE `product_app_commodity_categories` (
  `id` int(11) NOT NULL,
  `commodity_id` int(11) NOT NULL,
  `commodity_category_id` int(11) NOT NULL
) ENGINE=InnoDB DEFAULT CHARSET=utf8 COLLATE=utf8_unicode_ci;

--
-- Dumping data for table `product_app_commodity_categories`
--

INSERT INTO `product_app_commodity_categories` (`id`, `commodity_id`, `commodity_category_id`) VALUES
(1, 1, 1),
(2, 2, 1),
(3, 3, 1),
(4, 4, 1),
(5, 5, 1),
(6, 6, 1),
(7, 7, 1),
(8, 8, 1),
(9, 9, 1),
(10, 10, 1),
(11, 11, 1),
(12, 12, 1),
(13, 13, 1),
(14, 14, 1),
(15, 15, 1),
(16, 16, 1),
(17, 17, 1),
(18, 18, 1),
(19, 19, 1),
(20, 20, 1),
(21, 21, 1),
(22, 22, 1),
(23, 23, 1),
(24, 24, 1),
(25, 25, 1),
(26, 26, 1),
(27, 27, 1),
(28, 28, 1),
(29, 29, 1),
(30, 30, 1),
(31, 31, 1),
(32, 32, 1),
(33, 33, 1),
(34, 34, 1),
(35, 35, 1),
(36, 36, 1),
(37, 37, 1),
(38, 38, 1),
(40, 40, 6),
(41, 41, 6),
(42, 42, 6),
(43, 43, 6),
(44, 44, 6),
(45, 45, 6),
(46, 46, 6),
(47, 47, 6),
(48, 48, 1),
(49, 49, 1),
(50, 50, 1),
(51, 51, 1),
(52, 52, 6),
(53, 53, 6),
(54, 54, 6),
(55, 55, 6),
(56, 56, 6);

-- --------------------------------------------------------

--
-- Table structure for table `product_app_commodity_category`
--

CREATE TABLE `product_app_commodity_category` (
  `id` int(11) NOT NULL,
  `created_at` datetime(6) DEFAULT NULL,
  `name` varchar(255) COLLATE utf8_unicode_ci NOT NULL,
  `description` longtext COLLATE utf8_unicode_ci NOT NULL,
  `created_by_id` int(11) DEFAULT NULL,
  `parent_id` int(11) DEFAULT NULL
) ENGINE=InnoDB DEFAULT CHARSET=utf8 COLLATE=utf8_unicode_ci;

--
-- Dumping data for table `product_app_commodity_category`
--

INSERT INTO `product_app_commodity_category` (`id`, `created_at`, `name`, `description`, `created_by_id`, `parent_id`) VALUES
(1, '2021-07-03 01:41:12.257919', 'Alcohol gramm', 'Граммаар гарч буй архинууд', 1, NULL),
(6, '2021-07-06 08:27:10.620398', 'Cocktails commodity', 'Cocktails commodity', NULL, NULL);

-- --------------------------------------------------------

--
-- Table structure for table `product_app_division_commodity_categories`
--

CREATE TABLE `product_app_division_commodity_categories` (
  `id` int(11) NOT NULL,
  `commodity_category_id` int(11) NOT NULL,
  `division_id` int(11) NOT NULL
) ENGINE=InnoDB DEFAULT CHARSET=utf8 COLLATE=utf8_unicode_ci;

--
-- Dumping data for table `product_app_division_commodity_categories`
--

INSERT INTO `product_app_division_commodity_categories` (`id`, `commodity_category_id`, `division_id`) VALUES
(1, 1, 5),
(6, 6, 5);

-- --------------------------------------------------------

--
-- Table structure for table `product_app_ingredient`
--

CREATE TABLE `product_app_ingredient` (
  `id` int(11) NOT NULL,
  `created_at` datetime(6) DEFAULT NULL,
  `size` int(10) UNSIGNED NOT NULL CHECK (`size` >= 0),
  `commodity_id` int(11) NOT NULL,
  `created_by_id` int(11) DEFAULT NULL,
  `product_id` int(11) NOT NULL,
  `size_type_id` int(11) NOT NULL
) ENGINE=InnoDB DEFAULT CHARSET=utf8 COLLATE=utf8_unicode_ci;

--
-- Dumping data for table `product_app_ingredient`
--

INSERT INTO `product_app_ingredient` (`id`, `created_at`, `size`, `commodity_id`, `created_by_id`, `product_id`, `size_type_id`) VALUES
(1, '2021-07-03 04:25:45.121161', 50, 1, NULL, 109, 2),
(2, '2021-07-03 04:26:11.837847', 50, 2, NULL, 111, 2),
(3, '2021-07-03 04:26:28.629522', 50, 3, NULL, 113, 2),
(4, '2021-07-03 04:27:03.154991', 50, 4, NULL, 115, 2),
(5, '2021-07-03 04:27:20.175942', 50, 5, NULL, 117, 2),
(6, '2021-07-03 04:27:58.073096', 50, 6, NULL, 119, 2),
(7, '2021-07-03 04:28:19.590388', 50, 7, NULL, 121, 2),
(8, '2021-07-03 04:28:32.344332', 50, 8, NULL, 123, 2),
(9, '2021-07-03 04:28:48.366503', 50, 9, NULL, 125, 2),
(10, '2021-07-03 04:29:10.791875', 50, 10, NULL, 127, 2),
(11, '2021-07-03 04:29:27.667903', 50, 11, NULL, 130, 2),
(12, '2021-07-03 04:29:42.062220', 50, 12, NULL, 132, 2),
(13, '2021-07-03 04:30:10.298978', 50, 13, NULL, 134, 2),
(14, '2021-07-03 04:30:57.371292', 50, 14, NULL, 136, 2),
(15, '2021-07-03 04:31:20.939133', 50, 15, NULL, 138, 2),
(16, '2021-07-03 04:32:06.467575', 50, 16, NULL, 142, 2),
(17, '2021-07-03 04:32:30.623301', 50, 17, NULL, 144, 2),
(18, '2021-07-03 04:33:05.025966', 50, 18, NULL, 150, 2),
(19, '2021-07-03 04:34:17.869557', 50, 19, NULL, 153, 2),
(20, '2021-07-03 04:34:40.399876', 50, 20, NULL, 155, 2),
(21, '2021-07-03 04:35:28.359606', 50, 21, NULL, 159, 2),
(22, '2021-07-03 04:39:39.810090', 50, 22, NULL, 161, 2),
(23, '2021-07-03 04:39:57.110079', 50, 23, NULL, 163, 2),
(24, '2021-07-03 04:40:18.131948', 50, 24, NULL, 165, 2),
(25, '2021-07-03 04:40:40.191904', 50, 25, NULL, 167, 2),
(26, '2021-07-03 04:41:20.788542', 50, 26, NULL, 169, 2),
(27, '2021-07-03 04:41:51.042846', 50, 27, NULL, 171, 2),
(28, '2021-07-03 04:43:09.575259', 50, 28, NULL, 173, 2),
(29, '2021-07-03 04:43:30.296517', 50, 29, NULL, 175, 2),
(30, '2021-07-03 04:44:00.947347', 50, 30, NULL, 177, 2),
(31, '2021-07-03 04:44:21.704112', 50, 31, NULL, 179, 2),
(32, '2021-07-03 04:44:57.004384', 50, 32, NULL, 181, 2),
(33, '2021-07-03 04:47:56.425997', 50, 33, NULL, 198, 2),
(34, '2021-07-03 04:48:21.124131', 50, 34, NULL, 199, 2),
(35, '2021-07-06 08:18:53.855627', 20, 4, NULL, 201, 2),
(36, '2021-07-06 08:19:48.393323', 20, 19, NULL, 201, 2),
(37, '2021-07-06 08:21:59.904554', 20, 22, NULL, 201, 2),
(38, '2021-07-06 08:22:52.024246', 20, 29, NULL, 201, 2),
(40, '2021-07-06 08:29:32.013454', 20, 13, NULL, 201, 2),
(41, '2021-07-06 08:36:17.048674', 15, 42, NULL, 201, 2),
(42, '2021-07-06 09:24:11.347302', 20, 4, NULL, 202, 2),
(43, '2021-07-06 09:28:37.670813', 20, 19, NULL, 202, 2),
(44, '2021-07-06 09:29:44.384217', 20, 22, NULL, 202, 2),
(45, '2021-07-06 09:30:13.686716', 20, 29, NULL, 202, 2),
(49, '2021-07-06 09:32:31.397221', 50, 19, NULL, 203, 2),
(50, '2021-07-06 09:32:53.424763', 20, 45, NULL, 203, 2),
(52, '2021-07-06 09:34:19.850915', 50, 4, NULL, 204, 2),
(55, '2021-07-06 10:47:08.537944', 60, 19, NULL, 205, 2),
(56, '2021-07-06 10:48:05.743244', 15, 42, NULL, 205, 2),
(58, '2021-07-06 10:56:27.299333', 50, 19, NULL, 206, 2),
(59, '2021-07-06 13:20:20.367405', 15, 42, NULL, 206, 2),
(61, '2021-07-20 09:56:34.565066', 60, 19, NULL, 224, 2),
(62, '2021-07-20 09:57:10.288012', 15, 42, NULL, 224, 2),
(64, '2021-07-20 09:58:25.007981', 60, 19, NULL, 225, 2),
(65, '2021-07-20 09:58:55.014000', 15, 42, NULL, 225, 2),
(67, '2021-07-20 10:01:07.980713', 30, 27, NULL, 207, 2),
(68, '2021-07-20 10:01:41.213529', 15, 25, NULL, 207, 2),
(69, '2021-07-20 10:02:21.709883', 10, 28, NULL, 207, 2),
(70, '2021-07-20 10:03:11.886286', 30, 4, NULL, 208, 2),
(71, '2021-07-20 10:03:39.526791', 20, 25, NULL, 208, 2),
(72, '2021-07-20 10:04:40.622915', 20, 24, NULL, 211, 2),
(73, '2021-07-20 10:05:11.873096', 20, 25, NULL, 211, 2),
(74, '2021-07-20 10:05:56.727480', 20, 38, NULL, 211, 2),
(75, '2021-07-20 10:07:04.267713', 20, 24, NULL, 210, 2),
(76, '2021-07-20 10:07:34.022825', 20, 25, NULL, 210, 2),
(77, '2021-07-20 10:09:46.795848', 30, 29, NULL, 212, 2),
(78, '2021-07-20 10:10:20.356777', 30, 30, NULL, 212, 2),
(79, '2021-07-20 10:11:19.935995', 30, 33, NULL, 212, 2),
(80, '2021-07-20 10:11:50.492067', 30, 4, NULL, 213, 2),
(81, '2021-07-20 10:12:14.697002', 20, 38, NULL, 213, 2),
(82, '2021-07-20 10:12:35.345517', 15, 42, NULL, 213, 2),
(83, '2021-07-20 10:13:40.731912', 60, 13, NULL, 214, 2),
(84, '2021-07-20 10:17:49.927923', 40, 29, NULL, 215, 2),
(85, '2021-07-20 10:18:13.824791', 30, 34, NULL, 215, 2),
(86, '2021-07-20 10:18:34.821215', 15, 42, NULL, 215, 2),
(87, '2021-07-20 10:25:21.813587', 60, 13, NULL, 216, 2),
(88, '2021-07-20 10:25:55.727019', 15, 42, NULL, 216, 2),
(89, '2021-07-20 11:11:18.987463', 50, 4, NULL, 217, 2),
(90, '2021-07-20 11:11:44.413557', 15, 42, NULL, 217, 2),
(92, '2021-07-20 11:41:03.830360', 50, 4, NULL, 218, 2),
(93, '2021-07-20 11:42:22.454802', 60, 19, NULL, 219, 2),
(94, '2021-07-20 11:46:56.015260', 60, 22, NULL, 220, 2),
(95, '2021-07-20 11:47:20.313372', 15, 42, NULL, 220, 2),
(96, '2021-07-20 11:48:00.004185', 20, 38, NULL, 220, 2),
(97, '2021-07-20 11:49:08.422058', 60, 20, NULL, 221, 2),
(98, '2021-07-20 11:49:43.045733', 15, 42, NULL, 221, 2),
(99, '2021-07-20 11:50:25.795824', 60, 4, NULL, 222, 2),
(100, '2021-07-20 11:50:48.563274', 15, 42, NULL, 222, 2),
(101, '2021-07-24 12:46:10.593673', 125, 35, NULL, 188, 2),
(102, '2021-07-24 12:46:40.921313', 125, 48, NULL, 231, 2),
(103, '2021-07-24 12:47:04.205341', 125, 51, NULL, 228, 2),
(104, '2021-07-24 12:47:21.164960', 125, 50, NULL, 229, 2),
(105, '2021-07-24 12:47:44.619768', 125, 49, NULL, 230, 2),
(106, '2021-07-24 12:48:02.615951', 125, 36, NULL, 189, 2),
(107, '2021-07-27 05:46:39.428335', 250, 53, NULL, 240, 2),
(108, '2021-07-27 05:46:58.592431', 250, 52, NULL, 241, 2),
(109, '2021-07-27 05:47:24.442910', 250, 55, NULL, 242, 2),
(110, '2021-07-27 05:47:59.292903', 250, 54, NULL, 243, 2),
(111, '2021-07-27 05:50:34.667790', 250, 56, NULL, 89, 2);

-- --------------------------------------------------------

--
-- Table structure for table `product_app_ingredient_product`
--

CREATE TABLE `product_app_ingredient_product` (
  `id` int(11) NOT NULL,
  `created_at` datetime(6) DEFAULT NULL,
  `size` int(10) UNSIGNED NOT NULL CHECK (`size` >= 0),
  `commodity_id` int(11) NOT NULL,
  `created_by_id` int(11) DEFAULT NULL,
  `product_id` int(11) NOT NULL
) ENGINE=InnoDB DEFAULT CHARSET=utf8mb4;

--
-- Dumping data for table `product_app_ingredient_product`
--

INSERT INTO `product_app_ingredient_product` (`id`, `created_at`, `size`, `commodity_id`, `created_by_id`, `product_id`) VALUES
(1, '2021-07-24 11:42:52.951267', 1, 86, NULL, 217),
(2, '2021-07-24 11:43:29.390060', 1, 86, NULL, 204),
(3, '2021-07-24 11:43:54.645880', 1, 86, NULL, 202),
(4, '2021-07-24 11:43:55.132684', 1, 86, NULL, 202),
(5, '2021-07-24 11:44:25.172209', 1, 87, NULL, 224),
(6, '2021-07-24 11:44:38.752580', 1, 87, NULL, 225),
(7, '2021-07-24 11:46:05.028011', 1, 87, NULL, 206),
(8, '2021-07-24 11:46:47.807852', 1, 87, NULL, 205),
(9, '2021-07-24 11:47:24.646477', 1, 84, NULL, 203),
(10, '2021-07-24 11:48:04.600763', 1, 84, NULL, 201);

-- --------------------------------------------------------

--
-- Table structure for table `product_app_item_balance`
--

CREATE TABLE `product_app_item_balance` (
  `id` int(11) NOT NULL,
  `created_at` datetime(6) DEFAULT NULL,
  `updated_at` datetime(6) DEFAULT NULL,
  `quantity` int(10) UNSIGNED DEFAULT NULL CHECK (`quantity` >= 0),
  `size` int(10) UNSIGNED DEFAULT NULL CHECK (`size` >= 0),
  `client_id` int(11) DEFAULT NULL,
  `commodity_id` int(11) DEFAULT NULL,
  `created_by_id` int(11) DEFAULT NULL,
  `division_id` int(11) DEFAULT NULL,
  `product_id` int(11) DEFAULT NULL,
  `updated_by_id` int(11) DEFAULT NULL,
  `user_id` int(11) DEFAULT NULL
) ENGINE=InnoDB DEFAULT CHARSET=utf8 COLLATE=utf8_unicode_ci;

--
-- Dumping data for table `product_app_item_balance`
--

INSERT INTO `product_app_item_balance` (`id`, `created_at`, `updated_at`, `quantity`, `size`, `client_id`, `commodity_id`, `created_by_id`, `division_id`, `product_id`, `updated_by_id`, `user_id`) VALUES
(1, '2021-07-24 11:56:28.258091', '2021-07-24 11:56:28.258091', 1, NULL, 19, NULL, 2, 5, 122, NULL, NULL),
(2, '2021-07-24 11:56:28.528094', '2021-08-09 03:41:36.495290', 1, NULL, 19, NULL, 2, 5, 116, 6, NULL),
(3, '2021-07-24 11:56:28.702101', '2021-07-24 11:56:28.702101', 1, NULL, 19, NULL, 2, 5, 162, NULL, NULL),
(4, '2021-07-24 11:56:28.792101', '2021-07-24 11:56:28.792101', 0, NULL, 19, NULL, 2, 5, 160, NULL, NULL),
(5, '2021-07-24 11:56:28.892101', '2021-07-24 11:56:28.892101', 1, NULL, 19, NULL, 2, 5, 128, NULL, NULL),
(6, '2021-07-24 11:56:28.972101', '2021-08-11 04:45:00.006052', 1, NULL, 19, NULL, 2, 5, 124, 6, NULL),
(7, '2021-07-24 11:56:29.524104', '2021-08-11 04:44:59.694051', 1, NULL, 19, NULL, 2, 5, 133, 2, NULL),
(8, '2021-07-24 11:56:29.714104', '2021-07-24 11:56:29.714104', 1, NULL, 19, NULL, 2, 5, 139, NULL, NULL),
(9, '2021-07-24 11:56:29.814104', '2021-07-24 11:56:29.814104', 1, NULL, 19, NULL, 2, 5, 141, NULL, NULL),
(10, '2021-07-24 11:56:29.884104', '2021-07-24 11:56:29.884104', 1, NULL, 19, NULL, 2, 5, 149, NULL, NULL),
(11, '2021-07-24 11:56:29.944105', '2021-08-09 03:39:44.653417', 1, NULL, 19, NULL, 2, 5, 131, 2, NULL),
(12, '2021-07-24 11:56:30.174105', '2021-07-28 11:00:12.181823', 0, NULL, 19, NULL, 2, 5, 129, 6, NULL),
(13, '2021-07-24 11:56:30.354105', '2021-07-24 11:56:30.354105', 1, NULL, 19, NULL, 2, 5, 145, NULL, NULL),
(14, '2021-07-24 11:56:30.484105', '2021-08-13 02:27:21.954988', 0, NULL, 19, NULL, 2, 5, 108, 2, NULL),
(15, '2021-07-24 11:56:30.584105', '2021-08-07 05:55:00.535328', 1, NULL, 19, NULL, 2, 5, 110, 2, NULL),
(16, '2021-07-24 11:56:30.664106', '2021-07-30 08:34:07.163300', 1, NULL, 19, NULL, 2, 5, 112, 2, NULL),
(17, '2021-07-24 11:56:30.744106', '2021-08-13 04:40:56.999466', 18, NULL, 19, NULL, 2, 5, 86, 2, NULL),
(18, '2021-07-24 11:56:30.824106', '2021-08-13 04:40:10.433384', 4, NULL, 19, NULL, 2, 5, 84, 2, NULL),
(19, '2021-07-24 11:56:30.894106', '2022-11-07 05:35:54.722986', 32, NULL, 19, NULL, 2, 5, 88, 1, NULL),
(20, '2021-07-24 11:56:30.974106', '2021-08-07 05:55:00.857346', 0, NULL, 19, NULL, 2, 5, 193, 2, NULL),
(21, '2021-07-24 11:56:31.114106', '2021-08-12 08:40:29.498050', 53, NULL, 19, NULL, 2, 5, 85, 2, NULL),
(22, '2021-07-24 11:56:31.204106', '2021-08-12 08:25:01.515973', 0, NULL, 19, NULL, 2, 5, 87, 2, NULL),
(23, '2021-07-24 11:56:31.284106', '2022-11-07 05:43:41.710420', 2, NULL, 19, NULL, 2, 5, 81, 1, NULL),
(24, '2021-07-24 11:56:31.364107', '2021-07-24 11:56:31.364107', 0, NULL, 19, NULL, 2, 5, 89, NULL, NULL),
(25, '2021-07-24 11:57:41.778097', '2021-08-13 02:35:49.829480', 82, NULL, 19, NULL, 2, 5, 101, 2, NULL),
(26, '2021-07-24 11:57:41.887104', '2021-08-10 14:40:24.425290', 1, NULL, 19, NULL, 2, 5, 103, 2, NULL),
(27, '2021-07-24 12:05:28.541820', '2021-08-07 05:38:40.462271', 0, NULL, 16, NULL, 2, 5, 103, NULL, NULL),
(28, '2021-07-24 12:05:28.760220', '2021-08-11 11:43:56.625905', 40, NULL, 16, NULL, 2, 5, 101, NULL, NULL),
(29, '2021-07-24 12:05:29.134621', '2021-08-11 04:45:00.084052', 1, NULL, 16, NULL, 2, 5, 108, NULL, NULL),
(30, '2021-07-24 12:05:29.228221', '2021-08-11 04:52:54.278085', 144, NULL, 16, NULL, 2, 5, 84, NULL, NULL),
(31, '2021-07-24 12:05:29.290621', '2021-08-07 05:42:13.734469', 120, NULL, 16, NULL, 2, 5, 87, NULL, NULL),
(32, '2021-07-24 12:05:29.384221', '2021-07-28 03:29:04.749623', 0, NULL, 16, NULL, 2, 5, 88, NULL, NULL),
(33, '2021-07-24 12:05:29.478821', '2021-08-11 04:52:54.418485', 84, NULL, 16, NULL, 2, 5, 81, NULL, NULL),
(34, '2021-07-24 12:05:29.572422', '2021-08-11 04:44:59.943652', 1, NULL, 16, NULL, 2, 5, 124, NULL, NULL),
(35, '2021-07-24 12:05:29.650422', '2021-07-30 08:34:07.413314', 2, NULL, 16, NULL, 2, 5, 126, NULL, NULL),
(36, '2021-07-24 12:05:29.728422', '2021-08-11 04:50:38.323846', 3, NULL, 16, NULL, 2, 5, 160, NULL, NULL),
(37, '2021-07-24 12:05:29.792822', '2021-08-07 05:42:14.010485', 1, NULL, 16, NULL, 2, 5, 149, NULL, NULL),
(38, '2021-07-24 12:05:29.921424', '2021-08-11 04:44:59.647251', 2, NULL, 16, NULL, 2, 5, 133, NULL, NULL),
(39, '2021-07-24 12:05:30.093024', '2021-08-09 03:41:36.154271', 1, NULL, 16, NULL, 2, 5, 116, NULL, NULL),
(40, '2021-07-24 12:05:30.202225', '2021-07-24 12:05:30.202225', 12, NULL, 16, NULL, 2, 5, 82, NULL, NULL),
(41, '2021-07-24 12:05:30.295825', '2021-07-29 05:58:47.406455', 2, NULL, 16, NULL, 2, 5, 110, NULL, NULL),
(42, '2021-07-24 12:05:30.373825', '2021-08-07 05:42:14.336503', 0, NULL, 16, NULL, 2, 5, 112, NULL, NULL),
(43, '2021-07-24 12:06:05.589817', '2021-08-11 04:44:59.850052', 7, NULL, 19, NULL, 2, 5, 227, 8, NULL),
(44, '2021-07-24 12:06:23.074150', '2021-08-11 04:44:59.818852', 29, NULL, 16, NULL, 2, 5, 227, NULL, NULL),
(45, '2021-07-24 12:20:22.520110', '2021-08-09 03:42:31.266125', NULL, 650, 19, 5, 2, 5, NULL, 6, NULL),
(46, '2021-07-24 12:20:22.610715', '2021-08-13 02:35:49.813880', NULL, 480, 19, 4, 2, 5, NULL, 2, NULL),
(47, '2021-07-24 12:20:23.024738', '2021-08-12 08:25:01.254958', NULL, 470, 19, 19, 2, 5, NULL, 2, NULL),
(48, '2021-07-24 12:20:23.245751', '2021-08-10 14:41:48.676136', NULL, 450, 19, 29, 2, 5, NULL, 2, NULL),
(49, '2021-07-24 12:20:23.463962', '2021-08-12 08:28:19.629304', NULL, 760, 19, 20, 2, 5, NULL, 2, NULL),
(50, '2021-07-24 12:20:23.556967', '2021-08-09 03:37:34.628235', NULL, 750, 19, 24, 2, 5, NULL, 2, NULL),
(51, '2021-07-24 12:20:23.653973', '2021-08-10 14:47:03.197632', NULL, 120, 19, 38, 2, 5, NULL, 2, NULL),
(52, '2021-07-24 12:20:24.651017', '2021-07-24 12:20:24.651017', NULL, 800, 19, 30, 2, 5, NULL, NULL, NULL),
(53, '2021-07-24 12:20:24.805219', '2021-07-27 14:09:27.936766', NULL, 0, 19, 21, 2, 5, NULL, 2, NULL),
(54, '2021-07-24 12:20:24.969225', '2021-08-07 06:05:17.916557', NULL, 150, 19, 27, 2, 5, NULL, NULL, NULL),
(55, '2021-07-24 12:20:25.086029', '2021-08-07 06:05:18.502590', NULL, 250, 19, 28, 2, 5, NULL, 2, NULL),
(56, '2021-07-24 12:20:25.202035', '2021-08-12 08:08:53.162586', NULL, 300, 19, 25, 2, 5, NULL, 2, NULL),
(57, '2021-07-24 12:20:25.280035', '2021-07-24 12:20:25.280035', NULL, 700, 19, 31, 2, 5, NULL, NULL, NULL),
(58, '2021-07-24 12:20:25.560836', '2021-07-24 12:20:25.560836', NULL, 650, 19, 10, 2, 5, NULL, NULL, NULL),
(59, '2021-07-24 12:20:25.816437', '2021-08-12 08:41:21.667034', NULL, 540, 19, 13, 2, 5, NULL, 2, NULL),
(60, '2021-07-24 12:20:26.159637', '2021-07-24 12:20:26.159637', NULL, 400, 19, 15, 2, 5, NULL, NULL, NULL),
(61, '2021-07-24 12:20:26.233439', '2021-07-24 12:20:26.233439', NULL, 50, 19, 16, 2, 5, NULL, NULL, NULL),
(62, '2021-07-24 12:20:26.327039', '2021-08-13 02:32:33.237935', NULL, 800, 19, 18, 2, 5, NULL, 2, NULL),
(63, '2021-07-24 12:20:26.420639', '2021-08-12 04:57:59.096363', NULL, 650, 19, 26, 2, 5, NULL, 2, NULL),
(64, '2021-07-24 12:20:26.514239', '2021-08-12 08:28:19.795314', NULL, 645, 19, 42, 2, 5, NULL, 2, NULL),
(65, '2021-07-24 12:20:26.592239', '2021-08-12 08:08:53.320595', NULL, 250, 19, 1, 2, 5, NULL, 2, NULL),
(66, '2021-07-24 12:20:26.693241', '2021-08-08 14:54:34.642410', NULL, 100, 19, 3, 2, 5, NULL, 6, NULL),
(67, '2021-07-24 12:20:26.817847', '2021-07-24 12:20:26.817847', NULL, 600, 19, 32, 2, 5, NULL, NULL, NULL),
(68, '2021-07-24 12:20:27.085449', '2021-08-09 03:37:34.726240', NULL, 1020, 19, 34, 2, 5, NULL, NULL, NULL),
(69, '2021-07-24 12:50:28.480316', '2021-08-12 08:23:20.033168', NULL, 125, 19, 50, 2, 5, NULL, 2, NULL),
(70, '2021-07-24 12:50:28.963917', '2021-08-07 06:05:19.158628', NULL, 0, 19, 51, 2, 5, NULL, NULL, NULL),
(71, '2021-07-25 05:24:02.642148', '2021-07-25 05:24:02.642148', 7, NULL, 15, NULL, 2, 3, 88, NULL, NULL),
(72, '2021-07-25 05:24:02.902148', '2021-07-25 05:24:02.902148', 12, NULL, 15, NULL, 2, 3, 81, NULL, NULL),
(73, '2021-07-25 05:32:29.648890', '2021-07-25 05:32:29.648890', NULL, 11000, 16, 1, 2, 5, NULL, NULL, NULL),
(74, '2021-07-25 05:32:29.990893', '2021-08-11 04:46:41.921031', NULL, 0, 16, 18, 2, 5, NULL, NULL, NULL),
(75, '2021-07-25 05:32:30.510893', '2021-07-25 05:32:30.510893', NULL, 1000, 16, 13, 2, 5, NULL, NULL, NULL),
(76, '2021-07-25 05:32:30.610893', '2021-08-07 05:44:16.794508', NULL, 0, 16, 5, 2, 5, NULL, NULL, NULL),
(77, '2021-07-25 05:32:30.690893', '2021-08-07 09:05:31.792996', NULL, 2000, 16, 4, 2, 5, NULL, NULL, NULL),
(78, '2021-07-26 04:41:57.402071', '2021-08-11 01:53:51.895279', 72, NULL, 16, NULL, 2, 5, 86, NULL, NULL),
(79, '2021-07-26 05:53:31.636276', '2021-07-26 13:16:32.507223', 0, NULL, 19, NULL, 1, 5, 106, 2, NULL),
(80, '2021-07-26 05:59:52.603359', '2021-08-10 14:47:02.994831', NULL, 0, 19, 22, 1, 5, NULL, 2, NULL),
(81, '2021-07-26 10:05:06.181116', '2021-08-11 04:52:54.324885', 48, NULL, 17, NULL, 2, 3, 84, NULL, NULL),
(82, '2021-07-26 10:05:06.633517', '2021-08-11 04:52:54.496485', 36, NULL, 17, NULL, 2, 3, 81, NULL, NULL),
(83, '2021-07-26 13:09:23.008868', '2021-08-13 02:20:55.448709', 83, NULL, 19, NULL, 2, 5, 236, 2, NULL),
(84, '2021-07-26 13:10:09.216149', '2021-08-13 04:44:40.313858', 70, NULL, 19, NULL, 2, 5, 235, 2, NULL),
(85, '2021-07-27 05:52:55.178827', '2021-08-12 08:30:20.334208', NULL, 0, 19, 52, 1, 5, NULL, 2, NULL),
(86, '2021-07-27 05:52:55.451842', '2021-07-27 05:52:55.451842', NULL, 250, 19, 54, 1, 5, NULL, NULL, NULL),
(87, '2021-07-27 05:52:55.542847', '2021-08-08 14:45:06.015658', NULL, 0, 19, 53, 1, 5, NULL, 6, NULL),
(88, '2021-07-27 05:52:55.635853', '2021-08-12 08:34:11.980458', NULL, 1500, 19, 55, 1, 5, NULL, 2, NULL),
(89, '2021-07-27 05:52:56.711914', '2021-08-07 09:19:57.299718', NULL, 0, 19, 56, 1, 5, NULL, 2, NULL),
(90, '2021-07-27 14:25:23.915251', '2021-08-10 05:13:55.367343', 2, NULL, 19, NULL, 1, 5, 190, NULL, NULL),
(91, '2021-07-28 03:29:51.206505', '2021-08-11 04:49:01.915677', NULL, 1000, 16, 52, 2, 5, NULL, NULL, NULL),
(92, '2021-07-28 03:30:58.974024', '2021-08-11 04:49:02.024877', NULL, 1000, 16, 55, 2, 5, NULL, NULL, NULL),
(93, '2021-07-30 08:34:07.455316', '2021-08-12 08:22:16.765550', 0, NULL, 19, NULL, 2, 5, 126, 2, NULL),
(94, '2021-07-30 08:35:42.222737', '2021-08-11 04:49:01.806477', NULL, 750, 16, 42, 2, 5, NULL, NULL, NULL),
(95, '2021-08-07 09:03:28.427670', '2021-08-07 09:06:28.440487', 0, NULL, 16, NULL, 1, 5, 135, NULL, NULL),
(96, '2021-08-07 09:05:31.617986', '2021-08-07 09:09:02.733473', NULL, 1000, 16, 20, 1, 5, NULL, NULL, NULL),
(97, '2021-08-07 09:06:28.511491', '2021-08-07 09:06:28.511491', 1, NULL, 19, NULL, 1, 5, 135, NULL, NULL),
(98, '2021-08-09 03:32:42.171574', '2021-08-09 03:41:35.990262', 5, NULL, 16, NULL, 2, 5, 118, NULL, NULL),
(99, '2021-08-09 03:41:36.024263', '2021-08-09 03:41:36.024263', 1, NULL, 19, NULL, 2, 5, 118, NULL, NULL),
(100, '2021-08-10 05:13:54.946142', '2021-08-10 05:13:54.946142', 1, NULL, 19, NULL, 2, 5, 200, NULL, NULL),
(101, '2021-08-10 05:13:55.164543', '2021-08-10 05:13:55.164543', 1, NULL, 19, NULL, 2, 5, 187, NULL, NULL),
(102, '2021-08-10 05:13:55.258143', '2021-08-10 05:13:55.258143', 1, NULL, 19, NULL, 2, 5, 184, NULL, NULL),
(103, '2021-08-10 14:46:05.110120', '2021-08-10 14:46:30.858775', 1, NULL, 19, NULL, 2, 5, 82, 2, NULL),
(104, '2021-08-11 01:53:11.793523', '2021-08-12 08:22:16.819553', 44, NULL, 19, NULL, 2, 5, 257, 2, NULL),
(105, '2021-08-11 04:51:51.628375', '2021-08-11 04:51:51.628375', NULL, 700, 19, 37, 2, 5, NULL, NULL, NULL),
(106, '2021-08-11 11:39:44.111893', '2021-08-12 04:57:39.284329', NULL, 1000, 16, 26, 2, 5, NULL, NULL, NULL),
(107, '2021-08-11 11:41:22.434386', '2021-08-12 12:00:16.105248', 12, NULL, 16, NULL, 2, 5, 102, NULL, NULL),
(108, '2021-08-11 11:41:22.543392', '2021-08-11 11:43:56.991925', 80, NULL, 16, NULL, 2, 5, 104, NULL, NULL),
(109, '2021-08-11 11:41:22.667399', '2021-08-11 11:43:57.520956', 0, NULL, 16, NULL, 2, 5, 105, NULL, NULL),
(110, '2021-08-11 11:41:22.768405', '2021-08-11 11:43:57.351946', 40, NULL, 16, NULL, 2, 5, 107, NULL, NULL),
(111, '2021-08-11 11:43:57.034928', '2021-08-12 08:04:04.473256', 25, NULL, 19, NULL, 2, 5, 104, 2, NULL),
(112, '2021-08-11 11:43:57.250940', '2021-08-13 04:31:01.406019', 5, NULL, 19, NULL, 2, 5, 102, 2, NULL),
(113, '2021-08-11 11:43:57.391948', '2021-08-11 11:43:57.391948', 20, NULL, 19, NULL, 2, 5, 107, NULL, NULL),
(114, '2021-08-11 11:43:57.559958', '2021-08-11 11:43:57.559958', 60, NULL, 19, NULL, 2, 5, 105, NULL, NULL),
(115, '2021-08-11 11:48:10.590953', '2021-08-11 11:49:01.760742', 24, NULL, 16, NULL, 2, 5, 85, NULL, NULL);

-- --------------------------------------------------------

--
-- Table structure for table `product_app_item_balance_log`
--

CREATE TABLE `product_app_item_balance_log` (
  `id` int(11) NOT NULL,
  `created_at` datetime(6) DEFAULT NULL,
  `updated_at` datetime(6) DEFAULT NULL,
  `quantity` int(10) UNSIGNED DEFAULT NULL CHECK (`quantity` >= 0),
  `size` int(10) UNSIGNED DEFAULT NULL CHECK (`size` >= 0),
  `client_id` int(11) DEFAULT NULL,
  `commodity_id` int(11) DEFAULT NULL,
  `created_by_id` int(11) DEFAULT NULL,
  `division_id` int(11) DEFAULT NULL,
  `product_id` int(11) DEFAULT NULL,
  `shift_work_id` int(11) NOT NULL,
  `updated_by_id` int(11) DEFAULT NULL,
  `user_id` int(11) DEFAULT NULL
) ENGINE=InnoDB DEFAULT CHARSET=utf8 COLLATE=utf8_unicode_ci;

--
-- Dumping data for table `product_app_item_balance_log`
--

INSERT INTO `product_app_item_balance_log` (`id`, `created_at`, `updated_at`, `quantity`, `size`, `client_id`, `commodity_id`, `created_by_id`, `division_id`, `product_id`, `shift_work_id`, `updated_by_id`, `user_id`) VALUES
(1, '2021-07-24 14:24:21.048274', '2021-07-24 14:24:21.048274', 1, NULL, 19, NULL, 1, 5, 122, 29, NULL, NULL),
(2, '2021-07-24 14:24:21.110674', '2021-07-24 14:24:21.110674', 1, NULL, 19, NULL, 1, 5, 116, 29, NULL, NULL),
(3, '2021-07-24 14:24:21.329075', '2021-07-24 14:24:21.329075', 1, NULL, 19, NULL, 1, 5, 162, 29, NULL, NULL),
(4, '2021-07-24 14:24:21.360275', '2021-07-24 14:24:21.360275', 1, NULL, 19, NULL, 1, 5, 160, 29, NULL, NULL),
(5, '2021-07-24 14:24:21.422675', '2021-07-24 14:24:21.422675', 1, NULL, 19, NULL, 1, 5, 128, 29, NULL, NULL),
(6, '2021-07-24 14:24:21.469475', '2021-07-24 14:24:21.469475', 1, NULL, 19, NULL, 1, 5, 124, 29, NULL, NULL),
(7, '2021-07-24 14:24:21.516275', '2021-07-24 14:24:21.516275', 1, NULL, 19, NULL, 1, 5, 133, 29, NULL, NULL),
(8, '2021-07-24 14:24:21.563075', '2021-07-24 14:24:21.563075', 1, NULL, 19, NULL, 1, 5, 139, 29, NULL, NULL),
(9, '2021-07-24 14:24:21.594275', '2021-07-24 14:24:21.594275', 1, NULL, 19, NULL, 1, 5, 141, 29, NULL, NULL),
(10, '2021-07-24 14:24:21.641075', '2021-07-24 14:24:21.641075', 1, NULL, 19, NULL, 1, 5, 149, 29, NULL, NULL),
(11, '2021-07-24 14:24:21.687875', '2021-07-24 14:24:21.687875', 1, NULL, 19, NULL, 1, 5, 131, 29, NULL, NULL),
(12, '2021-07-24 14:24:21.750275', '2021-07-24 14:24:21.750275', 1, NULL, 19, NULL, 1, 5, 129, 29, NULL, NULL),
(13, '2021-07-24 14:24:21.797075', '2021-07-24 14:24:21.797075', 1, NULL, 19, NULL, 1, 5, 145, 29, NULL, NULL),
(14, '2021-07-24 14:24:21.843876', '2021-07-24 14:24:21.843876', 3, NULL, 19, NULL, 1, 5, 108, 29, NULL, NULL),
(15, '2021-07-24 14:24:21.875076', '2021-07-24 14:24:21.875076', 1, NULL, 19, NULL, 1, 5, 110, 29, NULL, NULL),
(16, '2021-07-24 14:24:22.093476', '2021-07-24 14:24:22.093476', 1, NULL, 19, NULL, 1, 5, 112, 29, NULL, NULL),
(17, '2021-07-24 14:24:22.171476', '2021-07-24 14:24:22.171476', 34, NULL, 19, NULL, 1, 5, 86, 29, NULL, NULL),
(18, '2021-07-24 14:24:22.218276', '2021-07-24 14:24:22.218276', 11, NULL, 19, NULL, 1, 5, 84, 29, NULL, NULL),
(19, '2021-07-24 14:24:22.280676', '2021-07-24 14:24:22.280676', 8, NULL, 19, NULL, 1, 5, 88, 29, NULL, NULL),
(20, '2021-07-24 14:24:22.311876', '2021-07-24 14:24:22.311876', 18, NULL, 19, NULL, 1, 5, 193, 29, NULL, NULL),
(21, '2021-07-24 14:24:22.343076', '2021-07-24 14:24:22.343076', 28, NULL, 19, NULL, 1, 5, 85, 29, NULL, NULL),
(22, '2021-07-24 14:24:22.405476', '2021-07-24 14:24:22.405476', 3, NULL, 19, NULL, 1, 5, 87, 29, NULL, NULL),
(23, '2021-07-24 14:24:22.452277', '2021-07-24 14:24:22.452277', 23, NULL, 19, NULL, 1, 5, 81, 29, NULL, NULL),
(24, '2021-07-24 14:24:22.483477', '2021-07-24 14:24:22.483477', 0, NULL, 19, NULL, 1, 5, 89, 29, NULL, NULL),
(25, '2021-07-24 14:24:22.561477', '2021-07-24 14:24:22.561477', 86, NULL, 19, NULL, 1, 5, 101, 29, NULL, NULL),
(26, '2021-07-24 14:24:22.608277', '2021-07-24 14:24:22.608277', 16, NULL, 19, NULL, 1, 5, 103, 29, NULL, NULL),
(27, '2021-07-24 14:24:22.655077', '2021-07-24 14:24:22.655077', 4, NULL, 19, NULL, 1, 5, 227, 29, NULL, NULL),
(28, '2021-07-24 14:24:22.701877', '2021-07-24 14:24:22.701877', NULL, 300, 19, 5, 1, 5, NULL, 29, NULL, NULL),
(29, '2021-07-24 14:24:22.748677', '2021-07-24 14:24:22.748677', NULL, 800, 19, 4, 1, 5, NULL, 29, NULL, NULL),
(30, '2021-07-24 14:24:22.795477', '2021-07-24 14:24:22.795477', NULL, 200, 19, 19, 1, 5, NULL, 29, NULL, NULL),
(31, '2021-07-24 14:24:22.842277', '2021-07-24 14:24:22.842277', NULL, 700, 19, 29, 1, 5, NULL, 29, NULL, NULL),
(32, '2021-07-24 14:24:22.889077', '2021-07-24 14:24:22.889077', NULL, 900, 19, 20, 1, 5, NULL, 29, NULL, NULL),
(33, '2021-07-24 14:24:22.935877', '2021-07-24 14:24:22.935877', NULL, 50, 19, 24, 1, 5, NULL, 29, NULL, NULL),
(34, '2021-07-24 14:24:23.029478', '2021-07-24 14:24:23.029478', NULL, 900, 19, 38, 1, 5, NULL, 29, NULL, NULL),
(35, '2021-07-24 14:24:23.138678', '2021-07-24 14:24:23.138678', NULL, 800, 19, 30, 1, 5, NULL, 29, NULL, NULL),
(36, '2021-07-24 14:24:23.310278', '2021-07-24 14:24:23.310278', NULL, 100, 19, 21, 1, 5, NULL, 29, NULL, NULL),
(37, '2021-07-24 14:24:23.357078', '2021-07-24 14:24:23.357078', NULL, 200, 19, 27, 1, 5, NULL, 29, NULL, NULL),
(38, '2021-07-24 14:24:23.419478', '2021-07-24 14:24:23.419478', NULL, 500, 19, 28, 1, 5, NULL, 29, NULL, NULL),
(39, '2021-07-24 14:24:23.466278', '2021-07-24 14:24:23.466278', NULL, 1400, 19, 25, 1, 5, NULL, 29, NULL, NULL),
(40, '2021-07-24 14:24:23.513078', '2021-07-24 14:24:23.513078', NULL, 700, 19, 31, 1, 5, NULL, 29, NULL, NULL),
(41, '2021-07-24 14:24:23.544278', '2021-07-24 14:24:23.544278', NULL, 650, 19, 10, 1, 5, NULL, 29, NULL, NULL),
(42, '2021-07-24 14:24:23.591079', '2021-07-24 14:24:23.591079', NULL, 1000, 19, 13, 1, 5, NULL, 29, NULL, NULL),
(43, '2021-07-24 14:24:23.638280', '2021-07-24 14:24:23.638280', NULL, 400, 19, 15, 1, 5, NULL, 29, NULL, NULL),
(44, '2021-07-24 14:24:23.688282', '2021-07-24 14:24:23.688282', NULL, 100, 19, 16, 1, 5, NULL, 29, NULL, NULL),
(45, '2021-07-24 14:24:23.735082', '2021-07-24 14:24:23.735082', NULL, 200, 19, 18, 1, 5, NULL, 29, NULL, NULL),
(46, '2021-07-24 14:24:23.781883', '2021-07-24 14:24:23.781883', NULL, 650, 19, 26, 1, 5, NULL, 29, NULL, NULL),
(47, '2021-07-24 14:24:23.828683', '2021-07-24 14:24:23.828683', NULL, 750, 19, 42, 1, 5, NULL, 29, NULL, NULL),
(48, '2021-07-24 14:24:23.875483', '2021-07-24 14:24:23.875483', NULL, 1000, 19, 1, 1, 5, NULL, 29, NULL, NULL),
(49, '2021-07-24 14:24:23.922283', '2021-07-24 14:24:23.922283', NULL, 400, 19, 3, 1, 5, NULL, 29, NULL, NULL),
(50, '2021-07-24 14:24:23.984683', '2021-07-24 14:24:23.984683', NULL, 600, 19, 32, 1, 5, NULL, 29, NULL, NULL),
(51, '2021-07-24 14:24:24.062683', '2021-07-24 14:24:24.062683', NULL, 50, 19, 34, 1, 5, NULL, 29, NULL, NULL),
(52, '2021-07-24 14:24:24.717884', '2021-07-24 14:24:24.717884', NULL, 500, 19, 50, 1, 5, NULL, 29, NULL, NULL),
(53, '2021-07-24 14:24:24.749084', '2021-07-24 14:24:24.749084', NULL, 450, 19, 51, 1, 5, NULL, 29, NULL, NULL),
(54, '2021-07-26 07:32:27.267322', '2021-07-26 07:32:27.267322', 1, NULL, 19, NULL, 1, 5, 122, 30, NULL, NULL),
(55, '2021-07-26 07:32:27.316325', '2021-07-26 07:32:27.316325', 1, NULL, 19, NULL, 1, 5, 116, 30, NULL, NULL),
(56, '2021-07-26 07:32:27.357327', '2021-07-26 07:32:27.357327', 1, NULL, 19, NULL, 1, 5, 162, 30, NULL, NULL),
(57, '2021-07-26 07:32:27.399330', '2021-07-26 07:32:27.399330', 0, NULL, 19, NULL, 1, 5, 160, 30, NULL, NULL),
(58, '2021-07-26 07:32:27.440332', '2021-07-26 07:32:27.440332', 1, NULL, 19, NULL, 1, 5, 128, 30, NULL, NULL),
(59, '2021-07-26 07:32:27.481334', '2021-07-26 07:32:27.481334', 1, NULL, 19, NULL, 1, 5, 124, 30, NULL, NULL),
(60, '2021-07-26 07:32:27.523337', '2021-07-26 07:32:27.523337', 1, NULL, 19, NULL, 1, 5, 133, 30, NULL, NULL),
(61, '2021-07-26 07:32:27.573339', '2021-07-26 07:32:27.573339', 1, NULL, 19, NULL, 1, 5, 139, 30, NULL, NULL),
(62, '2021-07-26 07:32:27.747349', '2021-07-26 07:32:27.747349', 1, NULL, 19, NULL, 1, 5, 141, 30, NULL, NULL),
(63, '2021-07-26 07:32:27.781351', '2021-07-26 07:32:27.781351', 1, NULL, 19, NULL, 1, 5, 149, 30, NULL, NULL),
(64, '2021-07-26 07:32:27.926360', '2021-07-26 07:32:27.926360', 0, NULL, 19, NULL, 1, 5, 131, 30, NULL, NULL),
(65, '2021-07-26 07:32:27.997364', '2021-07-26 07:32:27.998364', 1, NULL, 19, NULL, 1, 5, 129, 30, NULL, NULL),
(66, '2021-07-26 07:32:28.039366', '2021-07-26 07:32:28.040366', 1, NULL, 19, NULL, 1, 5, 145, 30, NULL, NULL),
(67, '2021-07-26 07:32:28.097369', '2021-07-26 07:32:28.097369', 2, NULL, 19, NULL, 1, 5, 108, 30, NULL, NULL),
(68, '2021-07-26 07:32:28.147372', '2021-07-26 07:32:28.148372', 1, NULL, 19, NULL, 1, 5, 110, 30, NULL, NULL),
(69, '2021-07-26 07:32:28.197375', '2021-07-26 07:32:28.197375', 1, NULL, 19, NULL, 1, 5, 112, 30, NULL, NULL),
(70, '2021-07-26 07:32:28.248378', '2021-07-26 07:32:28.248378', 24, NULL, 19, NULL, 1, 5, 86, 30, NULL, NULL),
(71, '2021-07-26 07:32:28.322382', '2021-07-26 07:32:28.323382', 48, NULL, 19, NULL, 1, 5, 84, 30, NULL, NULL),
(72, '2021-07-26 07:32:28.357384', '2021-07-26 07:32:28.357384', 10, NULL, 19, NULL, 1, 5, 88, 30, NULL, NULL),
(73, '2021-07-26 07:32:28.406387', '2021-07-26 07:32:28.406387', 12, NULL, 19, NULL, 1, 5, 193, 30, NULL, NULL),
(74, '2021-07-26 07:32:28.459390', '2021-07-26 07:32:28.459390', 23, NULL, 19, NULL, 1, 5, 85, 30, NULL, NULL),
(75, '2021-07-26 07:32:28.502393', '2021-07-26 07:32:28.502393', 2, NULL, 19, NULL, 1, 5, 87, 30, NULL, NULL),
(76, '2021-07-26 07:32:28.557396', '2021-07-26 07:32:28.557396', 40, NULL, 19, NULL, 1, 5, 81, 30, NULL, NULL),
(77, '2021-07-26 07:32:28.598398', '2021-07-26 07:32:28.598398', 0, NULL, 19, NULL, 1, 5, 89, 30, NULL, NULL),
(78, '2021-07-26 07:32:28.651401', '2021-07-26 07:32:28.651401', 108, NULL, 19, NULL, 1, 5, 101, 30, NULL, NULL),
(79, '2021-07-26 07:32:28.705404', '2021-07-26 07:32:28.705404', 18, NULL, 19, NULL, 1, 5, 103, 30, NULL, NULL),
(80, '2021-07-26 07:32:28.761407', '2021-07-26 07:32:28.761407', 4, NULL, 19, NULL, 1, 5, 227, 30, NULL, NULL),
(81, '2021-07-26 07:32:28.815410', '2021-07-26 07:32:28.815410', NULL, 200, 19, 5, 1, 5, NULL, 30, NULL, NULL),
(82, '2021-07-26 07:32:28.864413', '2021-07-26 07:32:28.864413', NULL, 1000, 19, 4, 1, 5, NULL, 30, NULL, NULL),
(83, '2021-07-26 07:32:28.931417', '2021-07-26 07:32:28.931417', NULL, 200, 19, 19, 1, 5, NULL, 30, NULL, NULL),
(84, '2021-07-26 07:32:29.336440', '2021-07-26 07:32:29.336440', NULL, 700, 19, 29, 1, 5, NULL, 30, NULL, NULL),
(85, '2021-07-26 07:32:29.414445', '2021-07-26 07:32:29.414445', NULL, 800, 19, 20, 1, 5, NULL, 30, NULL, NULL),
(86, '2021-07-26 07:32:29.464448', '2021-07-26 07:32:29.464448', NULL, 50, 19, 24, 1, 5, NULL, 30, NULL, NULL),
(87, '2021-07-26 07:32:29.513450', '2021-07-26 07:32:29.513450', NULL, 900, 19, 38, 1, 5, NULL, 30, NULL, NULL),
(88, '2021-07-26 07:32:29.547452', '2021-07-26 07:32:29.547452', NULL, 800, 19, 30, 1, 5, NULL, 30, NULL, NULL),
(89, '2021-07-26 07:32:29.596455', '2021-07-26 07:32:29.597455', NULL, 100, 19, 21, 1, 5, NULL, 30, NULL, NULL),
(90, '2021-07-26 07:32:29.641458', '2021-07-26 07:32:29.641458', NULL, 200, 19, 27, 1, 5, NULL, 30, NULL, NULL),
(91, '2021-07-26 07:32:29.680460', '2021-07-26 07:32:29.680460', NULL, 500, 19, 28, 1, 5, NULL, 30, NULL, NULL),
(92, '2021-07-26 07:32:29.722462', '2021-07-26 07:32:29.723462', NULL, 1400, 19, 25, 1, 5, NULL, 30, NULL, NULL),
(93, '2021-07-26 07:32:29.763465', '2021-07-26 07:32:29.763465', NULL, 700, 19, 31, 1, 5, NULL, 30, NULL, NULL),
(94, '2021-07-26 07:32:29.805467', '2021-07-26 07:32:29.805467', NULL, 650, 19, 10, 1, 5, NULL, 30, NULL, NULL),
(95, '2021-07-26 07:32:29.855470', '2021-07-26 07:32:29.855470', NULL, 1000, 19, 13, 1, 5, NULL, 30, NULL, NULL),
(96, '2021-07-26 07:32:29.897472', '2021-07-26 07:32:29.897472', NULL, 400, 19, 15, 1, 5, NULL, 30, NULL, NULL),
(97, '2021-07-26 07:32:29.946475', '2021-07-26 07:32:29.946475', NULL, 50, 19, 16, 1, 5, NULL, 30, NULL, NULL),
(98, '2021-07-26 07:32:30.005479', '2021-07-26 07:32:30.005479', NULL, 200, 19, 18, 1, 5, NULL, 30, NULL, NULL),
(99, '2021-07-26 07:32:30.055481', '2021-07-26 07:32:30.055481', NULL, 650, 19, 26, 1, 5, NULL, 30, NULL, NULL),
(100, '2021-07-26 07:32:30.098484', '2021-07-26 07:32:30.098484', NULL, 600, 19, 42, 1, 5, NULL, 30, NULL, NULL),
(101, '2021-07-26 07:32:30.190489', '2021-07-26 07:32:30.190489', NULL, 1000, 19, 1, 1, 5, NULL, 30, NULL, NULL),
(102, '2021-07-26 07:32:30.230491', '2021-07-26 07:32:30.231491', NULL, 400, 19, 3, 1, 5, NULL, 30, NULL, NULL),
(103, '2021-07-26 07:32:30.273494', '2021-07-26 07:32:30.273494', NULL, 600, 19, 32, 1, 5, NULL, 30, NULL, NULL),
(104, '2021-07-26 07:32:30.322497', '2021-07-26 07:32:30.322497', NULL, 50, 19, 34, 1, 5, NULL, 30, NULL, NULL),
(105, '2021-07-26 07:32:30.353498', '2021-07-26 07:32:30.353498', NULL, 0, 19, 50, 1, 5, NULL, 30, NULL, NULL),
(106, '2021-07-26 07:32:30.389501', '2021-07-26 07:32:30.389501', NULL, 450, 19, 51, 1, 5, NULL, 30, NULL, NULL),
(107, '2021-07-26 07:32:30.440503', '2021-07-26 07:32:30.440503', 1, NULL, 19, NULL, 1, 5, 106, 30, NULL, NULL),
(108, '2021-07-26 07:32:30.481506', '2021-07-26 07:32:30.481506', NULL, 450, 19, 22, 1, 5, NULL, 30, NULL, NULL),
(109, '2021-07-26 07:35:47.975802', '2021-07-26 07:35:47.975802', 1, NULL, 19, NULL, 1, 5, 122, 31, NULL, NULL),
(110, '2021-07-26 07:35:48.020804', '2021-07-26 07:35:48.020804', 1, NULL, 19, NULL, 1, 5, 116, 31, NULL, NULL),
(111, '2021-07-26 07:35:48.074807', '2021-07-26 07:35:48.074807', 1, NULL, 19, NULL, 1, 5, 162, 31, NULL, NULL),
(112, '2021-07-26 07:35:48.123810', '2021-07-26 07:35:48.123810', 0, NULL, 19, NULL, 1, 5, 160, 31, NULL, NULL),
(113, '2021-07-26 07:35:48.171813', '2021-07-26 07:35:48.171813', 1, NULL, 19, NULL, 1, 5, 128, 31, NULL, NULL),
(114, '2021-07-26 07:35:48.206815', '2021-07-26 07:35:48.206815', 1, NULL, 19, NULL, 1, 5, 124, 31, NULL, NULL),
(115, '2021-07-26 07:35:48.265818', '2021-07-26 07:35:48.265818', 1, NULL, 19, NULL, 1, 5, 133, 31, NULL, NULL),
(116, '2021-07-26 07:35:48.320822', '2021-07-26 07:35:48.320822', 1, NULL, 19, NULL, 1, 5, 139, 31, NULL, NULL),
(117, '2021-07-26 07:35:48.364824', '2021-07-26 07:35:48.364824', 1, NULL, 19, NULL, 1, 5, 141, 31, NULL, NULL),
(118, '2021-07-26 07:35:48.409827', '2021-07-26 07:35:48.409827', 1, NULL, 19, NULL, 1, 5, 149, 31, NULL, NULL),
(119, '2021-07-26 07:35:48.458829', '2021-07-26 07:35:48.458829', 0, NULL, 19, NULL, 1, 5, 131, 31, NULL, NULL),
(120, '2021-07-26 07:35:48.507832', '2021-07-26 07:35:48.507832', 1, NULL, 19, NULL, 1, 5, 129, 31, NULL, NULL),
(121, '2021-07-26 07:35:48.548835', '2021-07-26 07:35:48.548835', 1, NULL, 19, NULL, 1, 5, 145, 31, NULL, NULL),
(122, '2021-07-26 07:35:48.599838', '2021-07-26 07:35:48.599838', 2, NULL, 19, NULL, 1, 5, 108, 31, NULL, NULL),
(123, '2021-07-26 07:35:48.969859', '2021-07-26 07:35:48.969859', 1, NULL, 19, NULL, 1, 5, 110, 31, NULL, NULL),
(124, '2021-07-26 07:35:49.037863', '2021-07-26 07:35:49.037863', 1, NULL, 19, NULL, 1, 5, 112, 31, NULL, NULL),
(125, '2021-07-26 07:35:49.116867', '2021-07-26 07:35:49.116867', 24, NULL, 19, NULL, 1, 5, 86, 31, NULL, NULL),
(126, '2021-07-26 07:35:49.179871', '2021-07-26 07:35:49.179871', 48, NULL, 19, NULL, 1, 5, 84, 31, NULL, NULL),
(127, '2021-07-26 07:35:49.228873', '2021-07-26 07:35:49.229874', 10, NULL, 19, NULL, 1, 5, 88, 31, NULL, NULL),
(128, '2021-07-26 07:35:49.272876', '2021-07-26 07:35:49.272876', 12, NULL, 19, NULL, 1, 5, 193, 31, NULL, NULL),
(129, '2021-07-26 07:35:49.317879', '2021-07-26 07:35:49.317879', 23, NULL, 19, NULL, 1, 5, 85, 31, NULL, NULL),
(130, '2021-07-26 07:35:49.372882', '2021-07-26 07:35:49.372882', 2, NULL, 19, NULL, 1, 5, 87, 31, NULL, NULL),
(131, '2021-07-26 07:35:49.422885', '2021-07-26 07:35:49.422885', 40, NULL, 19, NULL, 1, 5, 81, 31, NULL, NULL),
(132, '2021-07-26 07:35:49.463887', '2021-07-26 07:35:49.463887', 0, NULL, 19, NULL, 1, 5, 89, 31, NULL, NULL),
(133, '2021-07-26 07:35:49.552892', '2021-07-26 07:35:49.552892', 108, NULL, 19, NULL, 1, 5, 101, 31, NULL, NULL),
(134, '2021-07-26 07:35:49.588894', '2021-07-26 07:35:49.588894', 18, NULL, 19, NULL, 1, 5, 103, 31, NULL, NULL),
(135, '2021-07-26 07:35:49.638897', '2021-07-26 07:35:49.638897', 4, NULL, 19, NULL, 1, 5, 227, 31, NULL, NULL),
(136, '2021-07-26 07:35:49.688900', '2021-07-26 07:35:49.688900', NULL, 200, 19, 5, 1, 5, NULL, 31, NULL, NULL),
(137, '2021-07-26 07:35:49.730902', '2021-07-26 07:35:49.730902', NULL, 1000, 19, 4, 1, 5, NULL, 31, NULL, NULL),
(138, '2021-07-26 07:35:49.763904', '2021-07-26 07:35:49.763904', NULL, 200, 19, 19, 1, 5, NULL, 31, NULL, NULL),
(139, '2021-07-26 07:35:49.804906', '2021-07-26 07:35:49.805906', NULL, 700, 19, 29, 1, 5, NULL, 31, NULL, NULL),
(140, '2021-07-26 07:35:49.846909', '2021-07-26 07:35:49.846909', NULL, 800, 19, 20, 1, 5, NULL, 31, NULL, NULL),
(141, '2021-07-26 07:35:49.890911', '2021-07-26 07:35:49.890911', NULL, 50, 19, 24, 1, 5, NULL, 31, NULL, NULL),
(142, '2021-07-26 07:35:49.930914', '2021-07-26 07:35:49.930914', NULL, 900, 19, 38, 1, 5, NULL, 31, NULL, NULL),
(143, '2021-07-26 07:35:50.005918', '2021-07-26 07:35:50.005918', NULL, 800, 19, 30, 1, 5, NULL, 31, NULL, NULL),
(144, '2021-07-26 07:35:50.081922', '2021-07-26 07:35:50.081922', NULL, 100, 19, 21, 1, 5, NULL, 31, NULL, NULL),
(145, '2021-07-26 07:35:50.130925', '2021-07-26 07:35:50.130925', NULL, 200, 19, 27, 1, 5, NULL, 31, NULL, NULL),
(146, '2021-07-26 07:35:50.172927', '2021-07-26 07:35:50.172927', NULL, 500, 19, 28, 1, 5, NULL, 31, NULL, NULL),
(147, '2021-07-26 07:35:50.223930', '2021-07-26 07:35:50.223930', NULL, 1400, 19, 25, 1, 5, NULL, 31, NULL, NULL),
(148, '2021-07-26 07:35:50.263933', '2021-07-26 07:35:50.263933', NULL, 700, 19, 31, 1, 5, NULL, 31, NULL, NULL),
(149, '2021-07-26 07:35:50.314936', '2021-07-26 07:35:50.315936', NULL, 650, 19, 10, 1, 5, NULL, 31, NULL, NULL),
(150, '2021-07-26 07:35:50.363938', '2021-07-26 07:35:50.363938', NULL, 1000, 19, 13, 1, 5, NULL, 31, NULL, NULL),
(151, '2021-07-26 07:35:50.413941', '2021-07-26 07:35:50.413941', NULL, 400, 19, 15, 1, 5, NULL, 31, NULL, NULL),
(152, '2021-07-26 07:35:50.492946', '2021-07-26 07:35:50.492946', NULL, 50, 19, 16, 1, 5, NULL, 31, NULL, NULL),
(153, '2021-07-26 07:35:50.540949', '2021-07-26 07:35:50.540949', NULL, 200, 19, 18, 1, 5, NULL, 31, NULL, NULL),
(154, '2021-07-26 07:35:50.585951', '2021-07-26 07:35:50.585951', NULL, 650, 19, 26, 1, 5, NULL, 31, NULL, NULL),
(155, '2021-07-26 07:35:50.649955', '2021-07-26 07:35:50.649955', NULL, 600, 19, 42, 1, 5, NULL, 31, NULL, NULL),
(156, '2021-07-26 07:35:50.722959', '2021-07-26 07:35:50.722959', NULL, 1000, 19, 1, 1, 5, NULL, 31, NULL, NULL),
(157, '2021-07-26 07:35:50.982974', '2021-07-26 07:35:50.982974', NULL, 400, 19, 3, 1, 5, NULL, 31, NULL, NULL),
(158, '2021-07-26 07:35:51.055978', '2021-07-26 07:35:51.056978', NULL, 600, 19, 32, 1, 5, NULL, 31, NULL, NULL),
(159, '2021-07-26 07:35:51.099981', '2021-07-26 07:35:51.099981', NULL, 50, 19, 34, 1, 5, NULL, 31, NULL, NULL),
(160, '2021-07-26 07:35:51.149983', '2021-07-26 07:35:51.149983', NULL, 0, 19, 50, 1, 5, NULL, 31, NULL, NULL),
(161, '2021-07-26 07:35:51.204987', '2021-07-26 07:35:51.204987', NULL, 450, 19, 51, 1, 5, NULL, 31, NULL, NULL),
(162, '2021-07-26 07:35:51.257990', '2021-07-26 07:35:51.257990', 1, NULL, 19, NULL, 1, 5, 106, 31, NULL, NULL),
(163, '2021-07-26 07:35:51.294992', '2021-07-26 07:35:51.294992', NULL, 450, 19, 22, 1, 5, NULL, 31, NULL, NULL),
(189, '2021-07-26 14:39:39.026783', '2021-07-26 14:39:39.026783', 32, NULL, 19, NULL, 1, 5, 103, 32, NULL, NULL),
(190, '2021-07-26 14:39:39.122788', '2021-07-26 14:39:39.122788', 4, NULL, 19, NULL, 1, 5, 227, 32, NULL, NULL),
(191, '2021-07-26 14:39:39.213793', '2021-07-26 14:39:39.213793', NULL, 200, 19, 5, 1, 5, NULL, 32, NULL, NULL),
(192, '2021-07-26 14:39:39.315799', '2021-07-26 14:39:39.315799', NULL, 1000, 19, 4, 1, 5, NULL, 32, NULL, NULL),
(193, '2021-07-26 14:39:39.425806', '2021-07-26 14:39:39.425806', NULL, 200, 19, 19, 1, 5, NULL, 32, NULL, NULL),
(194, '2021-07-26 14:39:39.459808', '2021-07-26 14:39:39.459808', NULL, 700, 19, 29, 1, 5, NULL, 32, NULL, NULL),
(195, '2021-07-26 14:39:39.500810', '2021-07-26 14:39:39.500810', NULL, 800, 19, 20, 1, 5, NULL, 32, NULL, NULL),
(196, '2021-07-26 14:39:39.534812', '2021-07-26 14:39:39.534812', NULL, 50, 19, 24, 1, 5, NULL, 32, NULL, NULL),
(197, '2021-07-26 14:39:39.583815', '2021-07-26 14:39:39.583815', NULL, 900, 19, 38, 1, 5, NULL, 32, NULL, NULL),
(198, '2021-07-26 14:39:39.642818', '2021-07-26 14:39:39.642818', NULL, 800, 19, 30, 1, 5, NULL, 32, NULL, NULL),
(199, '2021-07-26 14:39:39.685820', '2021-07-26 14:39:39.685820', NULL, 100, 19, 21, 1, 5, NULL, 32, NULL, NULL),
(200, '2021-07-26 14:39:39.750824', '2021-07-26 14:39:39.750824', NULL, 200, 19, 27, 1, 5, NULL, 32, NULL, NULL),
(201, '2021-07-26 14:39:40.032840', '2021-07-26 14:39:40.032840', NULL, 450, 19, 28, 1, 5, NULL, 32, NULL, NULL),
(202, '2021-07-26 14:39:40.067842', '2021-07-26 14:39:40.067842', NULL, 1400, 19, 25, 1, 5, NULL, 32, NULL, NULL),
(203, '2021-07-26 14:39:40.109845', '2021-07-26 14:39:40.109845', NULL, 700, 19, 31, 1, 5, NULL, 32, NULL, NULL),
(204, '2021-07-26 14:39:40.158848', '2021-07-26 14:39:40.158848', NULL, 650, 19, 10, 1, 5, NULL, 32, NULL, NULL),
(205, '2021-07-26 14:39:40.208850', '2021-07-26 14:39:40.208850', NULL, 1000, 19, 13, 1, 5, NULL, 32, NULL, NULL),
(206, '2021-07-26 14:39:40.258853', '2021-07-26 14:39:40.258853', NULL, 400, 19, 15, 1, 5, NULL, 32, NULL, NULL),
(207, '2021-07-26 14:39:40.308856', '2021-07-26 14:39:40.308856', NULL, 50, 19, 16, 1, 5, NULL, 32, NULL, NULL),
(208, '2021-07-26 14:39:40.349858', '2021-07-26 14:39:40.349858', NULL, 200, 19, 18, 1, 5, NULL, 32, NULL, NULL),
(209, '2021-07-26 14:39:40.399861', '2021-07-26 14:39:40.399861', NULL, 650, 19, 26, 1, 5, NULL, 32, NULL, NULL),
(210, '2021-07-26 14:39:40.476866', '2021-07-26 14:39:40.476866', NULL, 600, 19, 42, 1, 5, NULL, 32, NULL, NULL),
(211, '2021-07-26 14:39:40.542869', '2021-07-26 14:39:40.542869', NULL, 1000, 19, 1, 1, 5, NULL, 32, NULL, NULL),
(212, '2021-07-26 14:39:40.592872', '2021-07-26 14:39:40.593872', NULL, 400, 19, 3, 1, 5, NULL, 32, NULL, NULL),
(213, '2021-07-26 14:39:40.642875', '2021-07-26 14:39:40.642875', NULL, 600, 19, 32, 1, 5, NULL, 32, NULL, NULL),
(214, '2021-07-26 14:39:40.684878', '2021-07-26 14:39:40.685878', NULL, 50, 19, 34, 1, 5, NULL, 32, NULL, NULL),
(215, '2021-07-26 14:39:40.743881', '2021-07-26 14:39:40.743881', NULL, 0, 19, 50, 1, 5, NULL, 32, NULL, NULL),
(216, '2021-07-26 14:39:40.792884', '2021-07-26 14:39:40.793884', NULL, 450, 19, 51, 1, 5, NULL, 32, NULL, NULL),
(217, '2021-07-26 14:39:40.842887', '2021-07-26 14:39:40.843887', 0, NULL, 19, NULL, 1, 5, 106, 32, NULL, NULL),
(218, '2021-07-26 14:39:40.885889', '2021-07-26 14:39:40.885889', NULL, 450, 19, 22, 1, 5, NULL, 32, NULL, NULL),
(219, '2021-07-26 14:39:40.977894', '2021-07-26 14:39:40.977894', 100, NULL, 19, NULL, 1, 5, 236, 32, NULL, NULL),
(220, '2021-07-26 14:39:41.117902', '2021-07-26 14:39:41.117902', 13, NULL, 19, NULL, 1, 5, 235, 32, NULL, NULL),
(221, '2021-07-27 04:34:22.979304', '2021-07-27 04:34:22.979304', 1, NULL, 19, NULL, 1, 5, 122, 32, NULL, NULL),
(222, '2021-07-27 04:34:23.013306', '2021-07-27 04:34:23.013306', 1, NULL, 19, NULL, 1, 5, 116, 32, NULL, NULL),
(223, '2021-07-27 04:34:23.100311', '2021-07-27 04:34:23.100311', 1, NULL, 19, NULL, 1, 5, 162, 32, NULL, NULL),
(224, '2021-07-27 04:34:23.174315', '2021-07-27 04:34:23.174315', 0, NULL, 19, NULL, 1, 5, 160, 32, NULL, NULL),
(225, '2021-07-27 04:34:23.250320', '2021-07-27 04:34:23.250320', 1, NULL, 19, NULL, 1, 5, 128, 32, NULL, NULL),
(226, '2021-07-27 04:34:23.303323', '2021-07-27 04:34:23.303323', 1, NULL, 19, NULL, 1, 5, 124, 32, NULL, NULL),
(227, '2021-07-27 04:34:23.345325', '2021-07-27 04:34:23.345325', 1, NULL, 19, NULL, 1, 5, 133, 32, NULL, NULL),
(228, '2021-07-27 04:34:23.378327', '2021-07-27 04:34:23.379327', 1, NULL, 19, NULL, 1, 5, 139, 32, NULL, NULL),
(229, '2021-07-27 04:34:23.420329', '2021-07-27 04:34:23.420329', 1, NULL, 19, NULL, 1, 5, 141, 32, NULL, NULL),
(230, '2021-07-27 04:34:23.453331', '2021-07-27 04:34:23.453331', 1, NULL, 19, NULL, 1, 5, 149, 32, NULL, NULL),
(231, '2021-07-27 04:34:23.488333', '2021-07-27 04:34:23.488333', 0, NULL, 19, NULL, 1, 5, 131, 32, NULL, NULL),
(232, '2021-07-27 04:34:23.545336', '2021-07-27 04:34:23.545336', 1, NULL, 19, NULL, 1, 5, 129, 32, NULL, NULL),
(233, '2021-07-27 04:34:23.595339', '2021-07-27 04:34:23.595339', 1, NULL, 19, NULL, 1, 5, 145, 32, NULL, NULL),
(234, '2021-07-27 04:34:23.629341', '2021-07-27 04:34:23.629341', 2, NULL, 19, NULL, 1, 5, 108, 32, NULL, NULL),
(235, '2021-07-27 04:34:23.670344', '2021-07-27 04:34:23.670344', 1, NULL, 19, NULL, 1, 5, 110, 32, NULL, NULL),
(236, '2021-07-27 04:34:23.712346', '2021-07-27 04:34:23.712346', 1, NULL, 19, NULL, 1, 5, 112, 32, NULL, NULL),
(237, '2021-07-27 04:34:23.745348', '2021-07-27 04:34:23.745348', 21, NULL, 19, NULL, 1, 5, 86, 32, NULL, NULL),
(238, '2021-07-27 04:34:23.787350', '2021-07-27 04:34:23.787350', 47, NULL, 19, NULL, 1, 5, 84, 32, NULL, NULL),
(239, '2021-07-27 04:34:23.846354', '2021-07-27 04:34:23.846354', 10, NULL, 19, NULL, 1, 5, 88, 32, NULL, NULL),
(240, '2021-07-27 04:34:24.316381', '2021-07-27 04:34:24.316381', 12, NULL, 19, NULL, 1, 5, 193, 32, NULL, NULL),
(241, '2021-07-27 04:34:24.377384', '2021-07-27 04:34:24.377384', 20, NULL, 19, NULL, 1, 5, 85, 32, NULL, NULL),
(242, '2021-07-27 04:34:24.426387', '2021-07-27 04:34:24.426387', 2, NULL, 19, NULL, 1, 5, 87, 32, NULL, NULL),
(243, '2021-07-27 04:34:24.468389', '2021-07-27 04:34:24.468389', 34, NULL, 19, NULL, 1, 5, 81, 32, NULL, NULL),
(244, '2021-07-27 04:34:24.502391', '2021-07-27 04:34:24.502391', 0, NULL, 19, NULL, 1, 5, 89, 32, NULL, NULL),
(245, '2021-07-27 04:34:24.535393', '2021-07-27 04:34:24.535393', 117, NULL, 19, NULL, 1, 5, 101, 32, NULL, NULL),
(246, '2021-07-27 14:56:36.926728', '2021-07-27 14:56:36.926728', 1, NULL, 19, NULL, 2, 5, 122, 33, NULL, NULL),
(247, '2021-07-27 14:56:36.989128', '2021-07-27 14:56:36.989128', 1, NULL, 19, NULL, 2, 5, 116, 33, NULL, NULL),
(248, '2021-07-27 14:56:37.035928', '2021-07-27 14:56:37.035928', 1, NULL, 19, NULL, 2, 5, 162, 33, NULL, NULL),
(249, '2021-07-27 14:56:37.067128', '2021-07-27 14:56:37.067128', 0, NULL, 19, NULL, 2, 5, 160, 33, NULL, NULL),
(250, '2021-07-27 14:56:37.113928', '2021-07-27 14:56:37.113928', 1, NULL, 19, NULL, 2, 5, 128, 33, NULL, NULL),
(251, '2021-07-27 14:56:37.145128', '2021-07-27 14:56:37.145128', 1, NULL, 19, NULL, 2, 5, 124, 33, NULL, NULL),
(252, '2021-07-27 14:56:37.207528', '2021-07-27 14:56:37.207528', 1, NULL, 19, NULL, 2, 5, 133, 33, NULL, NULL),
(253, '2021-07-27 14:56:37.254329', '2021-07-27 14:56:37.254329', 1, NULL, 19, NULL, 2, 5, 139, 33, NULL, NULL),
(254, '2021-07-27 14:56:37.301129', '2021-07-27 14:56:37.301129', 1, NULL, 19, NULL, 2, 5, 141, 33, NULL, NULL),
(255, '2021-07-27 14:56:37.347929', '2021-07-27 14:56:37.347929', 1, NULL, 19, NULL, 2, 5, 149, 33, NULL, NULL),
(256, '2021-07-27 14:56:37.394729', '2021-07-27 14:56:37.394729', 0, NULL, 19, NULL, 2, 5, 131, 33, NULL, NULL),
(257, '2021-07-27 14:56:37.457129', '2021-07-27 14:56:37.457129', 1, NULL, 19, NULL, 2, 5, 129, 33, NULL, NULL),
(258, '2021-07-27 14:56:37.488329', '2021-07-27 14:56:37.488329', 1, NULL, 19, NULL, 2, 5, 145, 33, NULL, NULL),
(259, '2021-07-27 14:56:37.550729', '2021-07-27 14:56:37.550729', 2, NULL, 19, NULL, 2, 5, 108, 33, NULL, NULL),
(260, '2021-07-27 14:56:37.581929', '2021-07-27 14:56:37.581929', 1, NULL, 19, NULL, 2, 5, 110, 33, NULL, NULL),
(261, '2021-07-27 14:56:37.628729', '2021-07-27 14:56:37.628729', 1, NULL, 19, NULL, 2, 5, 112, 33, NULL, NULL),
(262, '2021-07-27 14:56:37.737929', '2021-07-27 14:56:37.737929', 19, NULL, 19, NULL, 2, 5, 86, 33, NULL, NULL),
(263, '2021-07-27 14:56:37.909530', '2021-07-27 14:56:37.909530', 44, NULL, 19, NULL, 2, 5, 84, 33, NULL, NULL),
(264, '2021-07-27 14:56:38.221530', '2021-07-27 14:56:38.221530', 10, NULL, 19, NULL, 2, 5, 88, 33, NULL, NULL),
(265, '2021-07-27 14:56:38.424331', '2021-07-27 14:56:38.424331', 10, NULL, 19, NULL, 2, 5, 193, 33, NULL, NULL),
(266, '2021-07-27 14:56:38.455531', '2021-07-27 14:56:38.455531', 18, NULL, 19, NULL, 2, 5, 85, 33, NULL, NULL),
(267, '2021-07-27 14:56:38.502331', '2021-07-27 14:56:38.502331', 0, NULL, 19, NULL, 2, 5, 87, 33, NULL, NULL),
(268, '2021-07-27 14:56:38.549131', '2021-07-27 14:56:38.549131', 31, NULL, 19, NULL, 2, 5, 81, 33, NULL, NULL),
(269, '2021-07-27 14:56:38.580331', '2021-07-27 14:56:38.580331', 0, NULL, 19, NULL, 2, 5, 89, 33, NULL, NULL),
(270, '2021-07-27 14:56:38.658331', '2021-07-27 14:56:38.658331', 109, NULL, 19, NULL, 2, 5, 101, 33, NULL, NULL),
(271, '2021-07-27 14:56:38.720731', '2021-07-27 14:56:38.720731', 27, NULL, 19, NULL, 2, 5, 103, 33, NULL, NULL),
(272, '2021-07-27 14:56:38.783131', '2021-07-27 14:56:38.783131', 4, NULL, 19, NULL, 2, 5, 227, 33, NULL, NULL),
(273, '2021-07-27 14:56:38.939132', '2021-07-27 14:56:38.939132', NULL, 200, 19, 5, 2, 5, NULL, 33, NULL, NULL),
(274, '2021-07-27 14:56:38.985932', '2021-07-27 14:56:38.985932', NULL, 950, 19, 4, 2, 5, NULL, 33, NULL, NULL),
(275, '2021-07-27 14:56:39.048332', '2021-07-27 14:56:39.048332', NULL, 80, 19, 19, 2, 5, NULL, 33, NULL, NULL),
(276, '2021-07-27 14:56:39.095132', '2021-07-27 14:56:39.095132', NULL, 700, 19, 29, 2, 5, NULL, 33, NULL, NULL),
(277, '2021-07-27 14:56:39.157532', '2021-07-27 14:56:39.157532', NULL, 680, 19, 20, 2, 5, NULL, 33, NULL, NULL),
(278, '2021-07-27 14:56:39.204332', '2021-07-27 14:56:39.204332', NULL, 10, 19, 24, 2, 5, NULL, 33, NULL, NULL),
(279, '2021-07-27 14:56:39.266732', '2021-07-27 14:56:39.266732', NULL, 840, 19, 38, 2, 5, NULL, 33, NULL, NULL),
(280, '2021-07-27 14:56:39.313532', '2021-07-27 14:56:39.313532', NULL, 800, 19, 30, 2, 5, NULL, 33, NULL, NULL),
(281, '2021-07-27 14:56:39.360332', '2021-07-27 14:56:39.360332', NULL, 0, 19, 21, 2, 5, NULL, 33, NULL, NULL),
(282, '2021-07-27 14:56:39.407132', '2021-07-27 14:56:39.407132', NULL, 200, 19, 27, 2, 5, NULL, 33, NULL, NULL),
(283, '2021-07-27 14:56:39.438332', '2021-07-27 14:56:39.438332', NULL, 450, 19, 28, 2, 5, NULL, 33, NULL, NULL),
(284, '2021-07-27 14:56:39.485132', '2021-07-27 14:56:39.485132', NULL, 1360, 19, 25, 2, 5, NULL, 33, NULL, NULL),
(285, '2021-07-27 14:56:39.531933', '2021-07-27 14:56:39.531933', NULL, 700, 19, 31, 2, 5, NULL, 33, NULL, NULL),
(286, '2021-07-27 14:56:39.563133', '2021-07-27 14:56:39.563133', NULL, 650, 19, 10, 2, 5, NULL, 33, NULL, NULL),
(287, '2021-07-27 14:56:39.609933', '2021-07-27 14:56:39.609933', NULL, 1000, 19, 13, 2, 5, NULL, 33, NULL, NULL),
(288, '2021-07-27 14:56:39.656733', '2021-07-27 14:56:39.656733', NULL, 400, 19, 15, 2, 5, NULL, 33, NULL, NULL),
(289, '2021-07-27 14:56:39.703533', '2021-07-27 14:56:39.703533', NULL, 50, 19, 16, 2, 5, NULL, 33, NULL, NULL),
(290, '2021-07-27 14:56:39.750333', '2021-07-27 14:56:39.750333', NULL, 200, 19, 18, 2, 5, NULL, 33, NULL, NULL),
(291, '2021-07-27 14:56:39.797133', '2021-07-27 14:56:39.797133', NULL, 650, 19, 26, 2, 5, NULL, 33, NULL, NULL),
(292, '2021-07-27 14:56:39.843933', '2021-07-27 14:56:39.843933', NULL, 510, 19, 42, 2, 5, NULL, 33, NULL, NULL),
(293, '2021-07-27 14:56:39.921933', '2021-07-27 14:56:39.921933', NULL, 1000, 19, 1, 2, 5, NULL, 33, NULL, NULL),
(294, '2021-07-27 14:56:39.953133', '2021-07-27 14:56:39.953133', NULL, 400, 19, 3, 2, 5, NULL, 33, NULL, NULL),
(295, '2021-07-27 14:56:40.015533', '2021-07-27 14:56:40.015533', NULL, 600, 19, 32, 2, 5, NULL, 33, NULL, NULL),
(296, '2021-07-27 14:56:40.046733', '2021-07-27 14:56:40.046733', NULL, 50, 19, 34, 2, 5, NULL, 33, NULL, NULL),
(297, '2021-07-27 14:56:40.124734', '2021-07-27 14:56:40.124734', NULL, 0, 19, 50, 2, 5, NULL, 33, NULL, NULL),
(298, '2021-07-27 14:56:40.155934', '2021-07-27 14:56:40.155934', NULL, 450, 19, 51, 2, 5, NULL, 33, NULL, NULL),
(299, '2021-07-27 14:56:40.202734', '2021-07-27 14:56:40.202734', 0, NULL, 19, NULL, 2, 5, 106, 33, NULL, NULL),
(300, '2021-07-27 14:56:40.265134', '2021-07-27 14:56:40.265134', NULL, 390, 19, 22, 2, 5, NULL, 33, NULL, NULL),
(301, '2021-07-27 14:56:40.296334', '2021-07-27 14:56:40.296334', 99, NULL, 19, NULL, 2, 5, 236, 33, NULL, NULL),
(302, '2021-07-27 14:56:40.343134', '2021-07-27 14:56:40.343134', 6, NULL, 19, NULL, 2, 5, 235, 33, NULL, NULL),
(303, '2021-07-27 14:56:40.405534', '2021-07-27 14:56:40.405534', NULL, 250, 19, 52, 2, 5, NULL, 33, NULL, NULL),
(304, '2021-07-27 14:56:40.452334', '2021-07-27 14:56:40.452334', NULL, 250, 19, 54, 2, 5, NULL, 33, NULL, NULL),
(305, '2021-07-27 14:56:40.499134', '2021-07-27 14:56:40.499134', NULL, 750, 19, 53, 2, 5, NULL, 33, NULL, NULL),
(306, '2021-07-27 14:56:40.545934', '2021-07-27 14:56:40.545934', NULL, 1750, 19, 55, 2, 5, NULL, 33, NULL, NULL),
(307, '2021-07-27 14:56:40.577134', '2021-07-27 14:56:40.577134', NULL, 500, 19, 56, 2, 5, NULL, 33, NULL, NULL),
(308, '2021-07-27 14:56:40.608334', '2021-07-27 14:56:40.608334', 1, NULL, 19, NULL, 2, 5, 190, 33, NULL, NULL),
(309, '2021-07-28 15:02:09.329542', '2021-07-28 15:02:09.329542', 1, NULL, 19, NULL, 2, 5, 122, 34, NULL, NULL),
(310, '2021-07-28 15:02:09.376342', '2021-07-28 15:02:09.376342', 1, NULL, 19, NULL, 2, 5, 116, 34, NULL, NULL),
(311, '2021-07-28 15:02:09.423142', '2021-07-28 15:02:09.423142', 1, NULL, 19, NULL, 2, 5, 162, 34, NULL, NULL),
(312, '2021-07-28 15:02:09.469942', '2021-07-28 15:02:09.469942', 0, NULL, 19, NULL, 2, 5, 160, 34, NULL, NULL),
(313, '2021-07-28 15:02:09.516742', '2021-07-28 15:02:09.516742', 1, NULL, 19, NULL, 2, 5, 128, 34, NULL, NULL),
(314, '2021-07-28 15:02:09.625942', '2021-07-28 15:02:09.625942', 1, NULL, 19, NULL, 2, 5, 124, 34, NULL, NULL),
(315, '2021-07-28 15:02:09.657142', '2021-07-28 15:02:09.657142', 1, NULL, 19, NULL, 2, 5, 133, 34, NULL, NULL),
(316, '2021-07-28 15:02:09.703942', '2021-07-28 15:02:09.703942', 1, NULL, 19, NULL, 2, 5, 139, 34, NULL, NULL),
(317, '2021-07-28 15:02:09.750743', '2021-07-28 15:02:09.750743', 1, NULL, 19, NULL, 2, 5, 141, 34, NULL, NULL),
(318, '2021-07-28 15:02:09.797543', '2021-07-28 15:02:09.797543', 1, NULL, 19, NULL, 2, 5, 149, 34, NULL, NULL),
(319, '2021-07-28 15:02:09.875543', '2021-07-28 15:02:09.875543', 1, NULL, 19, NULL, 2, 5, 131, 34, NULL, NULL),
(320, '2021-07-28 15:02:09.937943', '2021-07-28 15:02:09.937943', 0, NULL, 19, NULL, 2, 5, 129, 34, NULL, NULL),
(321, '2021-07-28 15:02:09.969143', '2021-07-28 15:02:09.969143', 1, NULL, 19, NULL, 2, 5, 145, 34, NULL, NULL),
(322, '2021-07-28 15:02:10.000343', '2021-07-28 15:02:10.000343', 2, NULL, 19, NULL, 2, 5, 108, 34, NULL, NULL),
(323, '2021-07-28 15:02:10.047143', '2021-07-28 15:02:10.047143', 0, NULL, 19, NULL, 2, 5, 110, 34, NULL, NULL),
(324, '2021-07-28 15:02:10.078343', '2021-07-28 15:02:10.078343', 1, NULL, 19, NULL, 2, 5, 112, 34, NULL, NULL),
(325, '2021-07-28 15:02:10.125143', '2021-07-28 15:02:10.125143', 33, NULL, 19, NULL, 2, 5, 86, 34, NULL, NULL),
(326, '2021-07-28 15:02:10.171943', '2021-07-28 15:02:10.171943', 48, NULL, 19, NULL, 2, 5, 84, 34, NULL, NULL),
(327, '2021-07-28 15:02:10.234343', '2021-07-28 15:02:10.234343', 18, NULL, 19, NULL, 2, 5, 88, 34, NULL, NULL),
(328, '2021-07-28 15:02:10.281143', '2021-07-28 15:02:10.281143', 8, NULL, 19, NULL, 2, 5, 193, 34, NULL, NULL),
(329, '2021-07-28 15:02:10.312343', '2021-07-28 15:02:10.312343', 18, NULL, 19, NULL, 2, 5, 85, 34, NULL, NULL),
(330, '2021-07-28 15:02:10.374744', '2021-07-28 15:02:10.374744', 22, NULL, 19, NULL, 2, 5, 87, 34, NULL, NULL),
(331, '2021-07-28 15:02:10.405944', '2021-07-28 15:02:10.405944', 9, NULL, 19, NULL, 2, 5, 81, 34, NULL, NULL),
(332, '2021-07-28 15:02:10.452744', '2021-07-28 15:02:10.452744', 0, NULL, 19, NULL, 2, 5, 89, 34, NULL, NULL),
(333, '2021-07-28 15:02:10.499544', '2021-07-28 15:02:10.499544', 102, NULL, 19, NULL, 2, 5, 101, 34, NULL, NULL),
(334, '2021-07-28 15:02:10.546344', '2021-07-28 15:02:10.546344', 23, NULL, 19, NULL, 2, 5, 103, 34, NULL, NULL),
(335, '2021-07-28 15:02:10.593144', '2021-07-28 15:02:10.593144', 4, NULL, 19, NULL, 2, 5, 227, 34, NULL, NULL),
(336, '2021-07-28 15:02:10.624344', '2021-07-28 15:02:10.624344', NULL, 200, 19, 5, 2, 5, NULL, 34, NULL, NULL),
(337, '2021-07-28 15:02:10.671144', '2021-07-28 15:02:10.671144', NULL, 900, 19, 4, 2, 5, NULL, 34, NULL, NULL),
(338, '2021-07-28 15:02:10.702344', '2021-07-28 15:02:10.702344', NULL, 20, 19, 19, 2, 5, NULL, 34, NULL, NULL),
(339, '2021-07-28 15:02:10.749144', '2021-07-28 15:02:10.749144', NULL, 700, 19, 29, 2, 5, NULL, 34, NULL, NULL),
(340, '2021-07-28 15:02:10.780344', '2021-07-28 15:02:10.780344', NULL, 620, 19, 20, 2, 5, NULL, 34, NULL, NULL),
(341, '2021-07-28 15:02:10.827144', '2021-07-28 15:02:10.827144', NULL, 10, 19, 24, 2, 5, NULL, 34, NULL, NULL),
(342, '2021-07-28 15:02:11.045545', '2021-07-28 15:02:11.045545', NULL, 820, 19, 38, 2, 5, NULL, 34, NULL, NULL),
(343, '2021-07-28 15:02:11.076745', '2021-07-28 15:02:11.076745', NULL, 800, 19, 30, 2, 5, NULL, 34, NULL, NULL),
(344, '2021-07-28 15:02:11.139145', '2021-07-28 15:02:11.139145', NULL, 0, 19, 21, 2, 5, NULL, 34, NULL, NULL),
(345, '2021-07-28 15:02:11.185945', '2021-07-28 15:02:11.185945', NULL, 200, 19, 27, 2, 5, NULL, 34, NULL, NULL),
(346, '2021-07-28 15:02:11.232745', '2021-07-28 15:02:11.232745', NULL, 450, 19, 28, 2, 5, NULL, 34, NULL, NULL),
(347, '2021-07-28 15:02:11.279545', '2021-07-28 15:02:11.279545', NULL, 1360, 19, 25, 2, 5, NULL, 34, NULL, NULL),
(348, '2021-07-28 15:02:11.373145', '2021-07-28 15:02:11.373145', NULL, 700, 19, 31, 2, 5, NULL, 34, NULL, NULL),
(349, '2021-07-28 15:02:11.435545', '2021-07-28 15:02:11.435545', NULL, 650, 19, 10, 2, 5, NULL, 34, NULL, NULL),
(350, '2021-07-28 15:02:11.544746', '2021-07-28 15:02:11.544746', NULL, 1000, 19, 13, 2, 5, NULL, 34, NULL, NULL),
(351, '2021-07-28 15:02:11.575946', '2021-07-28 15:02:11.575946', NULL, 400, 19, 15, 2, 5, NULL, 34, NULL, NULL),
(352, '2021-07-28 15:02:11.622746', '2021-07-28 15:02:11.622746', NULL, 50, 19, 16, 2, 5, NULL, 34, NULL, NULL),
(353, '2021-07-28 15:02:11.653946', '2021-07-28 15:02:11.653946', NULL, 200, 19, 18, 2, 5, NULL, 34, NULL, NULL),
(354, '2021-07-28 15:02:11.685146', '2021-07-28 15:02:11.685146', NULL, 650, 19, 26, 2, 5, NULL, 34, NULL, NULL),
(355, '2021-07-28 15:02:11.731946', '2021-07-28 15:02:11.731946', NULL, 465, 19, 42, 2, 5, NULL, 34, NULL, NULL),
(356, '2021-07-28 15:02:11.778746', '2021-07-28 15:02:11.778746', NULL, 1000, 19, 1, 2, 5, NULL, 34, NULL, NULL),
(357, '2021-07-28 15:02:11.825546', '2021-07-28 15:02:11.825546', NULL, 400, 19, 3, 2, 5, NULL, 34, NULL, NULL),
(358, '2021-07-28 15:02:11.872346', '2021-07-28 15:02:11.872346', NULL, 600, 19, 32, 2, 5, NULL, 34, NULL, NULL),
(359, '2021-07-28 15:02:11.934746', '2021-07-28 15:02:11.934746', NULL, 50, 19, 34, 2, 5, NULL, 34, NULL, NULL),
(360, '2021-07-28 15:02:11.965946', '2021-07-28 15:02:11.965946', NULL, 0, 19, 50, 2, 5, NULL, 34, NULL, NULL),
(361, '2021-07-28 15:02:12.012746', '2021-07-28 15:02:12.012746', NULL, 450, 19, 51, 2, 5, NULL, 34, NULL, NULL),
(362, '2021-07-28 15:02:12.059547', '2021-07-28 15:02:12.059547', 0, NULL, 19, NULL, 2, 5, 106, 34, NULL, NULL),
(363, '2021-07-28 15:02:12.106347', '2021-07-28 15:02:12.106347', NULL, 330, 19, 22, 2, 5, NULL, 34, NULL, NULL),
(364, '2021-07-28 15:02:12.168747', '2021-07-28 15:02:12.168747', 98, NULL, 19, NULL, 2, 5, 236, 34, NULL, NULL),
(365, '2021-07-28 15:02:12.215547', '2021-07-28 15:02:12.215547', 9, NULL, 19, NULL, 2, 5, 235, 34, NULL, NULL),
(366, '2021-07-28 15:02:12.246747', '2021-07-28 15:02:12.246747', NULL, 1250, 19, 52, 2, 5, NULL, 34, NULL, NULL),
(367, '2021-07-28 15:02:12.293547', '2021-07-28 15:02:12.293547', NULL, 250, 19, 54, 2, 5, NULL, 34, NULL, NULL),
(368, '2021-07-28 15:02:12.340347', '2021-07-28 15:02:12.340347', NULL, 0, 19, 53, 2, 5, NULL, 34, NULL, NULL),
(369, '2021-07-28 15:02:12.605548', '2021-07-28 15:02:12.605548', NULL, 1750, 19, 55, 2, 5, NULL, 34, NULL, NULL),
(370, '2021-07-28 15:02:12.636748', '2021-07-28 15:02:12.636748', NULL, 250, 19, 56, 2, 5, NULL, 34, NULL, NULL),
(371, '2021-07-28 15:02:12.683548', '2021-07-28 15:02:12.683548', 1, NULL, 19, NULL, 2, 5, 190, 34, NULL, NULL),
(372, '2021-07-30 03:56:13.607472', '2021-07-30 03:56:13.607472', 1, NULL, 19, NULL, 2, 5, 122, 35, NULL, NULL),
(373, '2021-07-30 03:56:13.813476', '2021-07-30 03:56:13.814476', 1, NULL, 19, NULL, 2, 5, 116, 35, NULL, NULL),
(374, '2021-07-30 03:56:13.860478', '2021-07-30 03:56:13.860478', 1, NULL, 19, NULL, 2, 5, 162, 35, NULL, NULL),
(375, '2021-07-30 03:56:13.909481', '2021-07-30 03:56:13.909481', 0, NULL, 19, NULL, 2, 5, 160, 35, NULL, NULL),
(376, '2021-07-30 03:56:13.960484', '2021-07-30 03:56:13.960484', 1, NULL, 19, NULL, 2, 5, 128, 35, NULL, NULL),
(377, '2021-07-30 03:56:14.018487', '2021-07-30 03:56:14.018487', 0, NULL, 19, NULL, 2, 5, 124, 35, NULL, NULL),
(378, '2021-07-30 03:56:14.068490', '2021-07-30 03:56:14.068490', 1, NULL, 19, NULL, 2, 5, 133, 35, NULL, NULL),
(379, '2021-07-30 03:56:14.279502', '2021-07-30 03:56:14.279502', 1, NULL, 19, NULL, 2, 5, 139, 35, NULL, NULL),
(380, '2021-07-30 03:56:14.336506', '2021-07-30 03:56:14.336506', 1, NULL, 19, NULL, 2, 5, 141, 35, NULL, NULL),
(381, '2021-07-30 03:56:14.421510', '2021-07-30 03:56:14.421510', 1, NULL, 19, NULL, 2, 5, 149, 35, NULL, NULL),
(382, '2021-07-30 03:56:14.471513', '2021-07-30 03:56:14.471513', 1, NULL, 19, NULL, 2, 5, 131, 35, NULL, NULL),
(383, '2021-07-30 03:56:14.510515', '2021-07-30 03:56:14.510515', 0, NULL, 19, NULL, 2, 5, 129, 35, NULL, NULL),
(384, '2021-07-30 03:56:14.560518', '2021-07-30 03:56:14.560518', 1, NULL, 19, NULL, 2, 5, 145, 35, NULL, NULL),
(385, '2021-07-30 03:56:14.603120', '2021-07-30 03:56:14.603120', 2, NULL, 19, NULL, 2, 5, 108, 35, NULL, NULL),
(386, '2021-07-30 03:56:14.649920', '2021-07-30 03:56:14.649920', 2, NULL, 19, NULL, 2, 5, 110, 35, NULL, NULL),
(387, '2021-07-30 03:56:14.712320', '2021-07-30 03:56:14.712320', 0, NULL, 19, NULL, 2, 5, 112, 35, NULL, NULL),
(388, '2021-07-30 03:56:14.759120', '2021-07-30 03:56:14.759120', 16, NULL, 19, NULL, 2, 5, 86, 35, NULL, NULL),
(389, '2021-07-30 03:56:14.805920', '2021-07-30 03:56:14.805920', 33, NULL, 19, NULL, 2, 5, 84, 35, NULL, NULL),
(390, '2021-07-30 03:56:14.852720', '2021-07-30 03:56:14.852720', 18, NULL, 19, NULL, 2, 5, 88, 35, NULL, NULL),
(391, '2021-07-30 03:56:14.899520', '2021-07-30 03:56:14.899520', 8, NULL, 19, NULL, 2, 5, 193, 35, NULL, NULL),
(392, '2021-07-30 03:56:14.961921', '2021-07-30 03:56:14.961921', 17, NULL, 19, NULL, 2, 5, 85, 35, NULL, NULL),
(393, '2021-07-30 03:56:15.008721', '2021-07-30 03:56:15.008721', 20, NULL, 19, NULL, 2, 5, 87, 35, NULL, NULL),
(394, '2021-07-30 03:56:15.146125', '2021-07-30 03:56:15.146125', 20, NULL, 19, NULL, 2, 5, 81, 35, NULL, NULL),
(395, '2021-07-30 03:56:15.272925', '2021-07-30 03:56:15.272925', 0, NULL, 19, NULL, 2, 5, 89, 35, NULL, NULL),
(396, '2021-07-30 03:56:15.335325', '2021-07-30 03:56:15.335325', 105, NULL, 19, NULL, 2, 5, 101, 35, NULL, NULL),
(397, '2021-07-30 03:56:15.397726', '2021-07-30 03:56:15.397726', 42, NULL, 19, NULL, 2, 5, 103, 35, NULL, NULL),
(398, '2021-07-30 03:56:15.428926', '2021-07-30 03:56:15.428926', 4, NULL, 19, NULL, 2, 5, 227, 35, NULL, NULL),
(399, '2021-07-30 03:56:15.491326', '2021-07-30 03:56:15.491326', NULL, 200, 19, 5, 2, 5, NULL, 35, NULL, NULL),
(400, '2021-07-30 03:56:15.522526', '2021-07-30 03:56:15.522526', NULL, 700, 19, 4, 2, 5, NULL, 35, NULL, NULL),
(401, '2021-07-30 03:56:15.569326', '2021-07-30 03:56:15.569326', NULL, 1000, 19, 19, 2, 5, NULL, 35, NULL, NULL),
(402, '2021-07-30 03:56:15.643727', '2021-07-30 03:56:15.643727', NULL, 700, 19, 29, 2, 5, NULL, 35, NULL, NULL),
(403, '2021-07-30 03:56:15.684729', '2021-07-30 03:56:15.684729', NULL, 560, 19, 20, 2, 5, NULL, 35, NULL, NULL),
(404, '2021-07-30 03:56:15.734732', '2021-07-30 03:56:15.734732', NULL, 10, 19, 24, 2, 5, NULL, 35, NULL, NULL),
(405, '2021-07-30 03:56:15.775734', '2021-07-30 03:56:15.775734', NULL, 760, 19, 38, 2, 5, NULL, 35, NULL, NULL),
(406, '2021-07-30 03:56:15.825737', '2021-07-30 03:56:15.825737', NULL, 800, 19, 30, 2, 5, NULL, 35, NULL, NULL),
(407, '2021-07-30 03:56:15.867739', '2021-07-30 03:56:15.867739', NULL, 0, 19, 21, 2, 5, NULL, 35, NULL, NULL),
(408, '2021-07-30 03:56:15.959745', '2021-07-30 03:56:15.959745', NULL, 200, 19, 27, 2, 5, NULL, 35, NULL, NULL),
(409, '2021-07-30 03:56:16.119754', '2021-07-30 03:56:16.119754', NULL, 450, 19, 28, 2, 5, NULL, 35, NULL, NULL),
(410, '2021-07-30 03:56:16.227760', '2021-07-30 03:56:16.228760', NULL, 1360, 19, 25, 2, 5, NULL, 35, NULL, NULL),
(411, '2021-07-30 03:56:16.271763', '2021-07-30 03:56:16.271763', NULL, 700, 19, 31, 2, 5, NULL, 35, NULL, NULL),
(412, '2021-07-30 03:56:16.319765', '2021-07-30 03:56:16.319765', NULL, 650, 19, 10, 2, 5, NULL, 35, NULL, NULL),
(413, '2021-07-30 03:56:16.368768', '2021-07-30 03:56:16.369768', NULL, 1000, 19, 13, 2, 5, NULL, 35, NULL, NULL),
(414, '2021-07-30 03:56:16.419771', '2021-07-30 03:56:16.419771', NULL, 400, 19, 15, 2, 5, NULL, 35, NULL, NULL),
(415, '2021-07-30 03:56:16.467774', '2021-07-30 03:56:16.468774', NULL, 50, 19, 16, 2, 5, NULL, 35, NULL, NULL),
(416, '2021-07-30 03:56:16.518777', '2021-07-30 03:56:16.518777', NULL, 200, 19, 18, 2, 5, NULL, 35, NULL, NULL),
(417, '2021-07-30 03:56:16.570780', '2021-07-30 03:56:16.570780', NULL, 650, 19, 26, 2, 5, NULL, 35, NULL, NULL),
(418, '2021-07-30 03:56:16.617981', '2021-07-30 03:56:16.617981', NULL, 315, 19, 42, 2, 5, NULL, 35, NULL, NULL),
(419, '2021-07-30 03:56:16.680381', '2021-07-30 03:56:16.680381', NULL, 1000, 19, 1, 2, 5, NULL, 35, NULL, NULL),
(420, '2021-07-30 03:56:16.742781', '2021-07-30 03:56:16.742781', NULL, 400, 19, 3, 2, 5, NULL, 35, NULL, NULL),
(421, '2021-07-30 03:56:16.788982', '2021-07-30 03:56:16.788982', NULL, 600, 19, 32, 2, 5, NULL, 35, NULL, NULL),
(422, '2021-07-30 03:56:16.820182', '2021-07-30 03:56:16.820182', NULL, 50, 19, 34, 2, 5, NULL, 35, NULL, NULL),
(423, '2021-07-30 03:56:16.866982', '2021-07-30 03:56:16.866982', NULL, 0, 19, 50, 2, 5, NULL, 35, NULL, NULL),
(424, '2021-07-30 03:56:16.931382', '2021-07-30 03:56:16.931382', NULL, 450, 19, 51, 2, 5, NULL, 35, NULL, NULL),
(425, '2021-07-30 03:56:17.135583', '2021-07-30 03:56:17.135583', 0, NULL, 19, NULL, 2, 5, 106, 35, NULL, NULL),
(426, '2021-07-30 03:56:17.688188', '2021-07-30 03:56:17.688188', NULL, 100, 19, 22, 2, 5, NULL, 35, NULL, NULL),
(427, '2021-07-30 03:56:17.852198', '2021-07-30 03:56:17.852198', 96, NULL, 19, NULL, 2, 5, 236, 35, NULL, NULL),
(428, '2021-07-30 03:56:17.906201', '2021-07-30 03:56:17.906201', 7, NULL, 19, NULL, 2, 5, 235, 35, NULL, NULL),
(429, '2021-07-30 03:56:17.960204', '2021-07-30 03:56:17.960204', NULL, 750, 19, 52, 2, 5, NULL, 35, NULL, NULL),
(430, '2021-07-30 03:56:18.006206', '2021-07-30 03:56:18.006206', NULL, 250, 19, 54, 2, 5, NULL, 35, NULL, NULL),
(431, '2021-07-30 03:56:18.060210', '2021-07-30 03:56:18.061210', NULL, 1000, 19, 53, 2, 5, NULL, 35, NULL, NULL),
(432, '2021-07-30 03:56:18.154215', '2021-07-30 03:56:18.154215', NULL, 1750, 19, 55, 2, 5, NULL, 35, NULL, NULL),
(433, '2021-07-30 03:56:18.211218', '2021-07-30 03:56:18.211218', NULL, 250, 19, 56, 2, 5, NULL, 35, NULL, NULL),
(434, '2021-07-30 03:56:18.281222', '2021-07-30 03:56:18.281222', 1, NULL, 19, NULL, 2, 5, 190, 35, NULL, NULL),
(435, '2021-08-07 07:15:06.605949', '2021-08-07 07:15:06.605949', 1, NULL, 19, NULL, 2, 5, 122, 36, NULL, NULL),
(436, '2021-08-07 07:15:06.652749', '2021-08-07 07:15:06.652749', 0, NULL, 19, NULL, 2, 5, 116, 36, NULL, NULL),
(437, '2021-08-07 07:15:06.699549', '2021-08-07 07:15:06.699549', 1, NULL, 19, NULL, 2, 5, 162, 36, NULL, NULL),
(438, '2021-08-07 07:15:06.746349', '2021-08-07 07:15:06.746349', 0, NULL, 19, NULL, 2, 5, 160, 36, NULL, NULL),
(439, '2021-08-07 07:15:06.793149', '2021-08-07 07:15:06.793149', 1, NULL, 19, NULL, 2, 5, 128, 36, NULL, NULL),
(440, '2021-08-07 07:15:06.839949', '2021-08-07 07:15:06.839949', 0, NULL, 19, NULL, 2, 5, 124, 36, NULL, NULL),
(441, '2021-08-07 07:15:06.886749', '2021-08-07 07:15:06.886749', 1, NULL, 19, NULL, 2, 5, 133, 36, NULL, NULL),
(442, '2021-08-07 07:15:06.933549', '2021-08-07 07:15:06.933549', 1, NULL, 19, NULL, 2, 5, 139, 36, NULL, NULL),
(443, '2021-08-07 07:15:06.964749', '2021-08-07 07:15:06.964749', 1, NULL, 19, NULL, 2, 5, 141, 36, NULL, NULL),
(444, '2021-08-07 07:15:07.027149', '2021-08-07 07:15:07.027149', 1, NULL, 19, NULL, 2, 5, 149, 36, NULL, NULL),
(445, '2021-08-07 07:15:07.073949', '2021-08-07 07:15:07.073949', 0, NULL, 19, NULL, 2, 5, 131, 36, NULL, NULL),
(446, '2021-08-07 07:15:07.339150', '2021-08-07 07:15:07.339150', 0, NULL, 19, NULL, 2, 5, 129, 36, NULL, NULL),
(447, '2021-08-07 07:15:07.526350', '2021-08-07 07:15:07.526350', 1, NULL, 19, NULL, 2, 5, 145, 36, NULL, NULL),
(448, '2021-08-07 07:15:07.588750', '2021-08-07 07:15:07.588750', 2, NULL, 19, NULL, 2, 5, 108, 36, NULL, NULL),
(449, '2021-08-07 07:15:07.651150', '2021-08-07 07:15:07.651150', 1, NULL, 19, NULL, 2, 5, 110, 36, NULL, NULL),
(450, '2021-08-07 07:15:07.697951', '2021-08-07 07:15:07.697951', 1, NULL, 19, NULL, 2, 5, 112, 36, NULL, NULL),
(451, '2021-08-07 07:15:07.729151', '2021-08-07 07:15:07.729151', 34, NULL, 19, NULL, 2, 5, 86, 36, NULL, NULL),
(452, '2021-08-07 07:15:07.760351', '2021-08-07 07:15:07.760351', 38, NULL, 19, NULL, 2, 5, 84, 36, NULL, NULL),
(453, '2021-08-07 07:15:07.807151', '2021-08-07 07:15:07.807151', 33, NULL, 19, NULL, 2, 5, 88, 36, NULL, NULL),
(454, '2021-08-07 07:15:07.838351', '2021-08-07 07:15:07.838351', 0, NULL, 19, NULL, 2, 5, 193, 36, NULL, NULL),
(455, '2021-08-07 07:15:07.885151', '2021-08-07 07:15:07.885151', 35, NULL, 19, NULL, 2, 5, 85, 36, NULL, NULL),
(456, '2021-08-07 07:15:07.916351', '2021-08-07 07:15:07.916351', 24, NULL, 19, NULL, 2, 5, 87, 36, NULL, NULL),
(457, '2021-08-07 07:15:07.963151', '2021-08-07 07:15:07.963151', 36, NULL, 19, NULL, 2, 5, 81, 36, NULL, NULL),
(458, '2021-08-07 07:15:07.994351', '2021-08-07 07:15:07.994351', 0, NULL, 19, NULL, 2, 5, 89, 36, NULL, NULL),
(459, '2021-08-07 07:15:08.025551', '2021-08-07 07:15:08.025551', 38, NULL, 19, NULL, 2, 5, 101, 36, NULL, NULL),
(460, '2021-08-07 07:15:08.087951', '2021-08-07 07:15:08.087951', 52, NULL, 19, NULL, 2, 5, 103, 36, NULL, NULL),
(461, '2021-08-07 07:15:08.134751', '2021-08-07 07:15:08.134751', 5, NULL, 19, NULL, 2, 5, 227, 36, NULL, NULL),
(462, '2021-08-07 07:15:08.181551', '2021-08-07 07:15:08.181551', NULL, 1100, 19, 5, 2, 5, NULL, 36, NULL, NULL),
(463, '2021-08-07 07:15:08.228351', '2021-08-07 07:15:08.228351', NULL, 700, 19, 4, 2, 5, NULL, 36, NULL, NULL),
(464, '2021-08-07 07:15:08.275152', '2021-08-07 07:15:08.275152', NULL, 900, 19, 19, 2, 5, NULL, 36, NULL, NULL),
(465, '2021-08-07 07:15:08.306352', '2021-08-07 07:15:08.306352', NULL, 700, 19, 29, 2, 5, NULL, 36, NULL, NULL),
(466, '2021-08-07 07:15:08.337552', '2021-08-07 07:15:08.337552', NULL, 0, 19, 20, 2, 5, NULL, 36, NULL, NULL),
(467, '2021-08-07 07:15:08.368752', '2021-08-07 07:15:08.368752', NULL, 0, 19, 24, 2, 5, NULL, 36, NULL, NULL),
(468, '2021-08-07 07:15:08.415552', '2021-08-07 07:15:08.415552', NULL, 300, 19, 38, 2, 5, NULL, 36, NULL, NULL),
(469, '2021-08-07 07:15:08.462352', '2021-08-07 07:15:08.462352', NULL, 800, 19, 30, 2, 5, NULL, 36, NULL, NULL),
(470, '2021-08-07 07:15:08.509152', '2021-08-07 07:15:08.509152', NULL, 0, 19, 21, 2, 5, NULL, 36, NULL, NULL),
(471, '2021-08-07 07:15:08.571552', '2021-08-07 07:15:08.571552', NULL, 150, 19, 27, 2, 5, NULL, 36, NULL, NULL),
(472, '2021-08-07 07:15:08.618352', '2021-08-07 07:15:08.618352', NULL, 250, 19, 28, 2, 5, NULL, 36, NULL, NULL);
INSERT INTO `product_app_item_balance_log` (`id`, `created_at`, `updated_at`, `quantity`, `size`, `client_id`, `commodity_id`, `created_by_id`, `division_id`, `product_id`, `shift_work_id`, `updated_by_id`, `user_id`) VALUES
(473, '2021-08-07 07:15:08.649552', '2021-08-07 07:15:08.649552', NULL, 1100, 19, 25, 2, 5, NULL, 36, NULL, NULL),
(474, '2021-08-07 07:15:08.680752', '2021-08-07 07:15:08.680752', NULL, 700, 19, 31, 2, 5, NULL, 36, NULL, NULL),
(475, '2021-08-07 07:15:08.727552', '2021-08-07 07:15:08.727552', NULL, 650, 19, 10, 2, 5, NULL, 36, NULL, NULL),
(476, '2021-08-07 07:15:08.774352', '2021-08-07 07:15:08.774352', NULL, 850, 19, 13, 2, 5, NULL, 36, NULL, NULL),
(477, '2021-08-07 07:15:08.805553', '2021-08-07 07:15:08.805553', NULL, 400, 19, 15, 2, 5, NULL, 36, NULL, NULL),
(478, '2021-08-07 07:15:08.852353', '2021-08-07 07:15:08.852353', NULL, 50, 19, 16, 2, 5, NULL, 36, NULL, NULL),
(479, '2021-08-07 07:15:08.883553', '2021-08-07 07:15:08.883553', NULL, 200, 19, 18, 2, 5, NULL, 36, NULL, NULL),
(480, '2021-08-07 07:15:08.992753', '2021-08-07 07:15:08.992753', NULL, 400, 19, 26, 2, 5, NULL, 36, NULL, NULL),
(481, '2021-08-07 07:15:09.055153', '2021-08-07 07:15:09.055153', NULL, 1065, 19, 42, 2, 5, NULL, 36, NULL, NULL),
(482, '2021-08-07 07:15:09.304753', '2021-08-07 07:15:09.304753', NULL, 650, 19, 1, 2, 5, NULL, 36, NULL, NULL),
(483, '2021-08-07 07:15:09.382754', '2021-08-07 07:15:09.382754', NULL, 400, 19, 3, 2, 5, NULL, 36, NULL, NULL),
(484, '2021-08-07 07:15:09.429554', '2021-08-07 07:15:09.429554', NULL, 600, 19, 32, 2, 5, NULL, 36, NULL, NULL),
(485, '2021-08-07 07:15:09.507554', '2021-08-07 07:15:09.507554', NULL, 20, 19, 34, 2, 5, NULL, 36, NULL, NULL),
(486, '2021-08-07 07:15:09.569954', '2021-08-07 07:15:09.569954', NULL, 0, 19, 50, 2, 5, NULL, 36, NULL, NULL),
(487, '2021-08-07 07:15:09.601154', '2021-08-07 07:15:09.601154', NULL, 0, 19, 51, 2, 5, NULL, 36, NULL, NULL),
(488, '2021-08-07 07:15:09.632354', '2021-08-07 07:15:09.632354', 0, NULL, 19, NULL, 2, 5, 106, 36, NULL, NULL),
(489, '2021-08-07 07:15:09.710354', '2021-08-07 07:15:09.710354', NULL, 750, 19, 22, 2, 5, NULL, 36, NULL, NULL),
(490, '2021-08-07 07:15:09.772754', '2021-08-07 07:15:09.772754', 96, NULL, 19, NULL, 2, 5, 236, 36, NULL, NULL),
(491, '2021-08-07 07:15:09.850754', '2021-08-07 07:15:09.850754', 27, NULL, 19, NULL, 2, 5, 235, 36, NULL, NULL),
(492, '2021-08-07 07:15:09.913154', '2021-08-07 07:15:09.913154', NULL, 750, 19, 52, 2, 5, NULL, 36, NULL, NULL),
(493, '2021-08-07 07:15:10.006755', '2021-08-07 07:15:10.006755', NULL, 250, 19, 54, 2, 5, NULL, 36, NULL, NULL),
(494, '2021-08-07 07:15:10.069155', '2021-08-07 07:15:10.069155', NULL, 1000, 19, 53, 2, 5, NULL, 36, NULL, NULL),
(495, '2021-08-07 07:15:10.115955', '2021-08-07 07:15:10.115955', NULL, 1750, 19, 55, 2, 5, NULL, 36, NULL, NULL),
(496, '2021-08-07 07:15:10.225155', '2021-08-07 07:15:10.225155', NULL, 250, 19, 56, 2, 5, NULL, 36, NULL, NULL),
(497, '2021-08-07 07:15:10.287555', '2021-08-07 07:15:10.287555', 0, NULL, 19, NULL, 2, 5, 190, 36, NULL, NULL),
(498, '2021-08-07 07:15:10.349955', '2021-08-07 07:15:10.349955', 1, NULL, 19, NULL, 2, 5, 126, 36, NULL, NULL),
(499, '2021-08-07 14:56:44.966970', '2021-08-07 14:56:44.966970', 1, NULL, 19, NULL, 2, 5, 122, 37, NULL, NULL),
(500, '2021-08-07 14:56:45.111978', '2021-08-07 14:56:45.111978', 1, NULL, 19, NULL, 2, 5, 116, 37, NULL, NULL),
(501, '2021-08-07 14:56:45.161981', '2021-08-07 14:56:45.161981', 1, NULL, 19, NULL, 2, 5, 162, 37, NULL, NULL),
(502, '2021-08-07 14:56:45.200983', '2021-08-07 14:56:45.201983', 0, NULL, 19, NULL, 2, 5, 160, 37, NULL, NULL),
(503, '2021-08-07 14:56:45.234985', '2021-08-07 14:56:45.234985', 1, NULL, 19, NULL, 2, 5, 128, 37, NULL, NULL),
(504, '2021-08-07 14:56:45.276988', '2021-08-07 14:56:45.276988', 0, NULL, 19, NULL, 2, 5, 124, 37, NULL, NULL),
(505, '2021-08-07 14:56:45.318990', '2021-08-07 14:56:45.318990', 1, NULL, 19, NULL, 2, 5, 133, 37, NULL, NULL),
(506, '2021-08-07 14:56:45.359992', '2021-08-07 14:56:45.359992', 1, NULL, 19, NULL, 2, 5, 139, 37, NULL, NULL),
(507, '2021-08-07 14:56:45.401995', '2021-08-07 14:56:45.401995', 1, NULL, 19, NULL, 2, 5, 141, 37, NULL, NULL),
(508, '2021-08-07 14:56:45.443997', '2021-08-07 14:56:45.444997', 1, NULL, 19, NULL, 2, 5, 149, 37, NULL, NULL),
(509, '2021-08-07 14:56:45.484999', '2021-08-07 14:56:45.484999', 0, NULL, 19, NULL, 2, 5, 131, 37, NULL, NULL),
(510, '2021-08-07 14:56:45.527002', '2021-08-07 14:56:45.527002', 0, NULL, 19, NULL, 2, 5, 129, 37, NULL, NULL),
(511, '2021-08-07 14:56:45.568004', '2021-08-07 14:56:45.569004', 1, NULL, 19, NULL, 2, 5, 145, 37, NULL, NULL),
(512, '2021-08-07 14:56:45.618007', '2021-08-07 14:56:45.619007', 2, NULL, 19, NULL, 2, 5, 108, 37, NULL, NULL),
(513, '2021-08-07 14:56:45.666010', '2021-08-07 14:56:45.666010', 1, NULL, 19, NULL, 2, 5, 110, 37, NULL, NULL),
(514, '2021-08-07 14:56:45.710012', '2021-08-07 14:56:45.710012', 1, NULL, 19, NULL, 2, 5, 112, 37, NULL, NULL),
(515, '2021-08-07 14:56:45.746014', '2021-08-07 14:56:45.746014', 15, NULL, 19, NULL, 2, 5, 86, 37, NULL, NULL),
(516, '2021-08-07 14:56:45.786017', '2021-08-07 14:56:45.786017', 25, NULL, 19, NULL, 2, 5, 84, 37, NULL, NULL),
(517, '2021-08-07 14:56:45.837020', '2021-08-07 14:56:45.837020', 33, NULL, 19, NULL, 2, 5, 88, 37, NULL, NULL),
(518, '2021-08-07 14:56:45.913024', '2021-08-07 14:56:45.913024', 0, NULL, 19, NULL, 2, 5, 193, 37, NULL, NULL),
(519, '2021-08-07 14:56:45.968027', '2021-08-07 14:56:45.968027', 32, NULL, 19, NULL, 2, 5, 85, 37, NULL, NULL),
(520, '2021-08-07 14:56:46.018030', '2021-08-07 14:56:46.019030', 24, NULL, 19, NULL, 2, 5, 87, 37, NULL, NULL),
(521, '2021-08-07 14:56:46.060032', '2021-08-07 14:56:46.060032', 33, NULL, 19, NULL, 2, 5, 81, 37, NULL, NULL),
(522, '2021-08-07 14:56:46.124036', '2021-08-07 14:56:46.124036', 0, NULL, 19, NULL, 2, 5, 89, 37, NULL, NULL),
(523, '2021-08-07 14:56:46.175039', '2021-08-07 14:56:46.175039', 15, NULL, 19, NULL, 2, 5, 101, 37, NULL, NULL),
(524, '2021-08-07 14:56:46.210041', '2021-08-07 14:56:46.210041', 33, NULL, 19, NULL, 2, 5, 103, 37, NULL, NULL),
(525, '2021-08-07 14:56:46.245043', '2021-08-07 14:56:46.245043', 5, NULL, 19, NULL, 2, 5, 227, 37, NULL, NULL),
(526, '2021-08-07 14:56:46.284045', '2021-08-07 14:56:46.284045', NULL, 1050, 19, 5, 2, 5, NULL, 37, NULL, NULL),
(527, '2021-08-07 14:56:46.319047', '2021-08-07 14:56:46.320047', NULL, 480, 19, 4, 2, 5, NULL, 37, NULL, NULL),
(528, '2021-08-07 14:56:46.370050', '2021-08-07 14:56:46.370050', NULL, 780, 19, 19, 2, 5, NULL, 37, NULL, NULL),
(529, '2021-08-07 14:56:46.409052', '2021-08-07 14:56:46.410052', NULL, 580, 19, 29, 2, 5, NULL, 37, NULL, NULL),
(530, '2021-08-07 14:56:46.451055', '2021-08-07 14:56:46.452055', NULL, 1000, 19, 20, 2, 5, NULL, 37, NULL, NULL),
(531, '2021-08-07 14:56:46.485057', '2021-08-07 14:56:46.485057', NULL, 0, 19, 24, 2, 5, NULL, 37, NULL, NULL),
(532, '2021-08-07 14:56:46.526059', '2021-08-07 14:56:46.526059', NULL, 280, 19, 38, 2, 5, NULL, 37, NULL, NULL),
(533, '2021-08-07 14:56:46.560061', '2021-08-07 14:56:46.560061', NULL, 800, 19, 30, 2, 5, NULL, 37, NULL, NULL),
(534, '2021-08-07 14:56:46.757072', '2021-08-07 14:56:46.757072', NULL, 0, 19, 21, 2, 5, NULL, 37, NULL, NULL),
(535, '2021-08-07 14:56:46.809075', '2021-08-07 14:56:46.809075', NULL, 150, 19, 27, 2, 5, NULL, 37, NULL, NULL),
(536, '2021-08-07 14:56:46.852078', '2021-08-07 14:56:46.852078', NULL, 250, 19, 28, 2, 5, NULL, 37, NULL, NULL),
(537, '2021-08-07 14:56:46.901080', '2021-08-07 14:56:46.901080', NULL, 1100, 19, 25, 2, 5, NULL, 37, NULL, NULL),
(538, '2021-08-07 14:56:46.951083', '2021-08-07 14:56:46.951083', NULL, 700, 19, 31, 2, 5, NULL, 37, NULL, NULL),
(539, '2021-08-07 14:56:47.026088', '2021-08-07 14:56:47.026088', NULL, 650, 19, 10, 2, 5, NULL, 37, NULL, NULL),
(540, '2021-08-07 14:56:47.175096', '2021-08-07 14:56:47.175096', NULL, 750, 19, 13, 2, 5, NULL, 37, NULL, NULL),
(541, '2021-08-07 14:56:47.225099', '2021-08-07 14:56:47.226099', NULL, 400, 19, 15, 2, 5, NULL, 37, NULL, NULL),
(542, '2021-08-07 14:56:47.275102', '2021-08-07 14:56:47.276102', NULL, 50, 19, 16, 2, 5, NULL, 37, NULL, NULL),
(543, '2021-08-07 14:56:47.317104', '2021-08-07 14:56:47.317104', NULL, 200, 19, 18, 2, 5, NULL, 37, NULL, NULL),
(544, '2021-08-07 14:56:47.361107', '2021-08-07 14:56:47.361107', NULL, 400, 19, 26, 2, 5, NULL, 37, NULL, NULL),
(545, '2021-08-07 14:56:47.406109', '2021-08-07 14:56:47.406109', NULL, 960, 19, 42, 2, 5, NULL, 37, NULL, NULL),
(546, '2021-08-07 14:56:47.451112', '2021-08-07 14:56:47.451112', NULL, 650, 19, 1, 2, 5, NULL, 37, NULL, NULL),
(547, '2021-08-07 14:56:47.492114', '2021-08-07 14:56:47.492114', NULL, 400, 19, 3, 2, 5, NULL, 37, NULL, NULL),
(548, '2021-08-07 14:56:47.534117', '2021-08-07 14:56:47.534117', NULL, 600, 19, 32, 2, 5, NULL, 37, NULL, NULL),
(549, '2021-08-07 14:56:47.605121', '2021-08-07 14:56:47.605121', NULL, 20, 19, 34, 2, 5, NULL, 37, NULL, NULL),
(550, '2021-08-07 14:56:47.650123', '2021-08-07 14:56:47.650123', NULL, 0, 19, 50, 2, 5, NULL, 37, NULL, NULL),
(551, '2021-08-07 14:56:47.726128', '2021-08-07 14:56:47.726128', NULL, 0, 19, 51, 2, 5, NULL, 37, NULL, NULL),
(552, '2021-08-07 14:56:47.785131', '2021-08-07 14:56:47.785131', 0, NULL, 19, NULL, 2, 5, 106, 37, NULL, NULL),
(553, '2021-08-07 14:56:47.853135', '2021-08-07 14:56:47.853135', NULL, 470, 19, 22, 2, 5, NULL, 37, NULL, NULL),
(554, '2021-08-07 14:56:47.906138', '2021-08-07 14:56:47.906138', 94, NULL, 19, NULL, 2, 5, 236, 37, NULL, NULL),
(555, '2021-08-07 14:56:48.021144', '2021-08-07 14:56:48.021144', 20, NULL, 19, NULL, 2, 5, 235, 37, NULL, NULL),
(556, '2021-08-07 14:56:48.167153', '2021-08-07 14:56:48.167153', NULL, 500, 19, 52, 2, 5, NULL, 37, NULL, NULL),
(557, '2021-08-07 14:56:48.225156', '2021-08-07 14:56:48.225156', NULL, 250, 19, 54, 2, 5, NULL, 37, NULL, NULL),
(558, '2021-08-07 14:56:48.278159', '2021-08-07 14:56:48.279159', NULL, 250, 19, 53, 2, 5, NULL, 37, NULL, NULL),
(559, '2021-08-07 14:56:48.325162', '2021-08-07 14:56:48.325162', NULL, 1750, 19, 55, 2, 5, NULL, 37, NULL, NULL),
(560, '2021-08-07 14:56:48.374165', '2021-08-07 14:56:48.374165', NULL, 0, 19, 56, 2, 5, NULL, 37, NULL, NULL),
(561, '2021-08-07 14:56:48.420167', '2021-08-07 14:56:48.420167', 0, NULL, 19, NULL, 2, 5, 190, 37, NULL, NULL),
(562, '2021-08-07 14:56:48.476171', '2021-08-07 14:56:48.476171', 1, NULL, 19, NULL, 2, 5, 126, 37, NULL, NULL),
(563, '2021-08-07 14:56:48.522173', '2021-08-07 14:56:48.523173', 1, NULL, 19, NULL, 2, 5, 135, 37, NULL, NULL),
(564, '2021-08-09 03:27:42.848106', '2021-08-09 03:27:42.848106', 1, NULL, 19, NULL, 2, 5, 122, 38, NULL, NULL),
(565, '2021-08-09 03:27:42.972906', '2021-08-09 03:27:42.972906', 0, NULL, 19, NULL, 2, 5, 116, 38, NULL, NULL),
(566, '2021-08-09 03:27:43.082106', '2021-08-09 03:27:43.082106', 1, NULL, 19, NULL, 2, 5, 162, 38, NULL, NULL),
(567, '2021-08-09 03:27:43.141907', '2021-08-09 03:27:43.141907', 0, NULL, 19, NULL, 2, 5, 160, 38, NULL, NULL),
(568, '2021-08-09 03:27:43.188707', '2021-08-09 03:27:43.188707', 1, NULL, 19, NULL, 2, 5, 128, 38, NULL, NULL),
(569, '2021-08-09 03:27:43.235507', '2021-08-09 03:27:43.235507', 0, NULL, 19, NULL, 2, 5, 124, 38, NULL, NULL),
(570, '2021-08-09 03:27:43.297907', '2021-08-09 03:27:43.297907', 1, NULL, 19, NULL, 2, 5, 133, 38, NULL, NULL),
(571, '2021-08-09 03:27:43.329107', '2021-08-09 03:27:43.329107', 1, NULL, 19, NULL, 2, 5, 139, 38, NULL, NULL),
(572, '2021-08-09 03:27:43.384710', '2021-08-09 03:27:43.384710', 1, NULL, 19, NULL, 2, 5, 141, 38, NULL, NULL),
(573, '2021-08-09 03:27:43.449713', '2021-08-09 03:27:43.449713', 1, NULL, 19, NULL, 2, 5, 149, 38, NULL, NULL),
(574, '2021-08-09 03:27:43.503717', '2021-08-09 03:27:43.503717', 0, NULL, 19, NULL, 2, 5, 131, 38, NULL, NULL),
(575, '2021-08-09 03:27:43.552719', '2021-08-09 03:27:43.552719', 0, NULL, 19, NULL, 2, 5, 129, 38, NULL, NULL),
(576, '2021-08-09 03:27:43.630719', '2021-08-09 03:27:43.630719', 1, NULL, 19, NULL, 2, 5, 145, 38, NULL, NULL),
(577, '2021-08-09 03:27:43.897127', '2021-08-09 03:27:43.897127', 2, NULL, 19, NULL, 2, 5, 108, 38, NULL, NULL),
(578, '2021-08-09 03:27:43.946130', '2021-08-09 03:27:43.946130', 1, NULL, 19, NULL, 2, 5, 110, 38, NULL, NULL),
(579, '2021-08-09 03:27:44.000133', '2021-08-09 03:27:44.000133', 1, NULL, 19, NULL, 2, 5, 112, 38, NULL, NULL),
(580, '2021-08-09 03:27:44.050136', '2021-08-09 03:27:44.050136', 4, NULL, 19, NULL, 2, 5, 86, 38, NULL, NULL),
(581, '2021-08-09 03:27:44.100139', '2021-08-09 03:27:44.100139', 14, NULL, 19, NULL, 2, 5, 84, 38, NULL, NULL),
(582, '2021-08-09 03:27:44.141141', '2021-08-09 03:27:44.141141', 33, NULL, 19, NULL, 2, 5, 88, 38, NULL, NULL),
(583, '2021-08-09 03:27:44.210343', '2021-08-09 03:27:44.210343', 0, NULL, 19, NULL, 2, 5, 193, 38, NULL, NULL),
(584, '2021-08-09 03:27:44.272743', '2021-08-09 03:27:44.272743', 26, NULL, 19, NULL, 2, 5, 85, 38, NULL, NULL),
(585, '2021-08-09 03:27:44.319543', '2021-08-09 03:27:44.319543', 20, NULL, 19, NULL, 2, 5, 87, 38, NULL, NULL),
(586, '2021-08-09 03:27:44.366343', '2021-08-09 03:27:44.366343', 33, NULL, 19, NULL, 2, 5, 81, 38, NULL, NULL),
(587, '2021-08-09 03:27:44.413143', '2021-08-09 03:27:44.413143', 0, NULL, 19, NULL, 2, 5, 89, 38, NULL, NULL),
(588, '2021-08-09 03:27:44.459944', '2021-08-09 03:27:44.459944', 40, NULL, 19, NULL, 2, 5, 101, 38, NULL, NULL),
(589, '2021-08-09 03:27:44.522344', '2021-08-09 03:27:44.522344', 25, NULL, 19, NULL, 2, 5, 103, 38, NULL, NULL),
(590, '2021-08-09 03:27:44.574144', '2021-08-09 03:27:44.574144', 3, NULL, 19, NULL, 2, 5, 227, 38, NULL, NULL),
(591, '2021-08-09 03:27:44.634147', '2021-08-09 03:27:44.634147', NULL, 850, 19, 5, 2, 5, NULL, 38, NULL, NULL),
(592, '2021-08-09 03:27:44.941363', '2021-08-09 03:27:44.941363', NULL, 310, 19, 4, 2, 5, NULL, 38, NULL, NULL),
(593, '2021-08-09 03:27:44.992366', '2021-08-09 03:27:44.992366', NULL, 740, 19, 19, 2, 5, NULL, 38, NULL, NULL),
(594, '2021-08-09 03:27:45.039369', '2021-08-09 03:27:45.039369', NULL, 540, 19, 29, 2, 5, NULL, 38, NULL, NULL),
(595, '2021-08-09 03:27:45.090372', '2021-08-09 03:27:45.090372', NULL, 1000, 19, 20, 2, 5, NULL, 38, NULL, NULL),
(596, '2021-08-09 03:27:45.140375', '2021-08-09 03:27:45.140375', NULL, 0, 19, 24, 2, 5, NULL, 38, NULL, NULL),
(597, '2021-08-09 03:27:45.190378', '2021-08-09 03:27:45.190378', NULL, 260, 19, 38, 2, 5, NULL, 38, NULL, NULL),
(598, '2021-08-09 03:27:45.242381', '2021-08-09 03:27:45.242381', NULL, 800, 19, 30, 2, 5, NULL, 38, NULL, NULL),
(599, '2021-08-09 03:27:45.289383', '2021-08-09 03:27:45.289383', NULL, 0, 19, 21, 2, 5, NULL, 38, NULL, NULL),
(600, '2021-08-09 03:27:45.331386', '2021-08-09 03:27:45.331386', NULL, 150, 19, 27, 2, 5, NULL, 38, NULL, NULL),
(601, '2021-08-09 03:27:45.379388', '2021-08-09 03:27:45.379388', NULL, 250, 19, 28, 2, 5, NULL, 38, NULL, NULL),
(602, '2021-08-09 03:27:45.426188', '2021-08-09 03:27:45.426188', NULL, 1100, 19, 25, 2, 5, NULL, 38, NULL, NULL),
(603, '2021-08-09 03:27:45.481390', '2021-08-09 03:27:45.481390', NULL, 700, 19, 31, 2, 5, NULL, 38, NULL, NULL),
(604, '2021-08-09 03:27:45.531393', '2021-08-09 03:27:45.531393', NULL, 650, 19, 10, 2, 5, NULL, 38, NULL, NULL),
(605, '2021-08-09 03:27:45.567994', '2021-08-09 03:27:45.567994', NULL, 710, 19, 13, 2, 5, NULL, 38, NULL, NULL),
(606, '2021-08-09 03:27:45.599194', '2021-08-09 03:27:45.599194', NULL, 400, 19, 15, 2, 5, NULL, 38, NULL, NULL),
(607, '2021-08-09 03:27:45.661594', '2021-08-09 03:27:45.661594', NULL, 50, 19, 16, 2, 5, NULL, 38, NULL, NULL),
(608, '2021-08-09 03:27:45.708394', '2021-08-09 03:27:45.708394', NULL, 200, 19, 18, 2, 5, NULL, 38, NULL, NULL),
(609, '2021-08-09 03:27:45.781795', '2021-08-09 03:27:45.781795', NULL, 400, 19, 26, 2, 5, NULL, 38, NULL, NULL),
(610, '2021-08-09 03:27:45.830595', '2021-08-09 03:27:45.830595', NULL, 900, 19, 42, 2, 5, NULL, 38, NULL, NULL),
(611, '2021-08-09 03:27:45.892396', '2021-08-09 03:27:45.892396', NULL, 650, 19, 1, 2, 5, NULL, 38, NULL, NULL),
(612, '2021-08-09 03:27:45.939196', '2021-08-09 03:27:45.939196', NULL, 100, 19, 3, 2, 5, NULL, 38, NULL, NULL),
(613, '2021-08-09 03:27:45.985996', '2021-08-09 03:27:45.985996', NULL, 600, 19, 32, 2, 5, NULL, 38, NULL, NULL),
(614, '2021-08-09 03:27:46.048396', '2021-08-09 03:27:46.048396', NULL, 20, 19, 34, 2, 5, NULL, 38, NULL, NULL),
(615, '2021-08-09 03:27:46.110796', '2021-08-09 03:27:46.110796', NULL, 0, 19, 50, 2, 5, NULL, 38, NULL, NULL),
(616, '2021-08-09 03:27:46.157597', '2021-08-09 03:27:46.157597', NULL, 0, 19, 51, 2, 5, NULL, 38, NULL, NULL),
(617, '2021-08-09 03:27:46.266797', '2021-08-09 03:27:46.266797', 0, NULL, 19, NULL, 2, 5, 106, 38, NULL, NULL),
(618, '2021-08-09 03:27:46.313597', '2021-08-09 03:27:46.313597', NULL, 430, 19, 22, 2, 5, NULL, 38, NULL, NULL),
(619, '2021-08-09 03:27:46.344797', '2021-08-09 03:27:46.344797', 94, NULL, 19, NULL, 2, 5, 236, 38, NULL, NULL),
(620, '2021-08-09 03:27:46.391597', '2021-08-09 03:27:46.391597', 16, NULL, 19, NULL, 2, 5, 235, 38, NULL, NULL),
(621, '2021-08-09 03:27:46.438397', '2021-08-09 03:27:46.438397', NULL, 500, 19, 52, 2, 5, NULL, 38, NULL, NULL),
(622, '2021-08-09 03:27:46.485197', '2021-08-09 03:27:46.485197', NULL, 250, 19, 54, 2, 5, NULL, 38, NULL, NULL),
(623, '2021-08-09 03:27:46.531997', '2021-08-09 03:27:46.531997', NULL, 0, 19, 53, 2, 5, NULL, 38, NULL, NULL),
(624, '2021-08-09 03:27:46.594397', '2021-08-09 03:27:46.594397', NULL, 1750, 19, 55, 2, 5, NULL, 38, NULL, NULL),
(625, '2021-08-09 03:27:46.632598', '2021-08-09 03:27:46.632598', NULL, 0, 19, 56, 2, 5, NULL, 38, NULL, NULL),
(626, '2021-08-09 03:27:46.679398', '2021-08-09 03:27:46.679398', 0, NULL, 19, NULL, 2, 5, 190, 38, NULL, NULL),
(627, '2021-08-09 03:27:46.846399', '2021-08-09 03:27:46.846399', 1, NULL, 19, NULL, 2, 5, 126, 38, NULL, NULL),
(628, '2021-08-09 03:27:46.939999', '2021-08-09 03:27:46.939999', 1, NULL, 19, NULL, 2, 5, 135, 38, NULL, NULL),
(629, '2021-08-09 14:26:21.990608', '2021-08-09 14:26:21.990608', 1, NULL, 19, NULL, 2, 5, 122, 39, NULL, NULL),
(630, '2021-08-09 14:26:22.053008', '2021-08-09 14:26:22.053008', 1, NULL, 19, NULL, 2, 5, 116, 39, NULL, NULL),
(631, '2021-08-09 14:26:22.115409', '2021-08-09 14:26:22.115409', 1, NULL, 19, NULL, 2, 5, 162, 39, NULL, NULL),
(632, '2021-08-09 14:26:22.209009', '2021-08-09 14:26:22.209009', 0, NULL, 19, NULL, 2, 5, 160, 39, NULL, NULL),
(633, '2021-08-09 14:26:22.552209', '2021-08-09 14:26:22.552209', 1, NULL, 19, NULL, 2, 5, 128, 39, NULL, NULL),
(634, '2021-08-09 14:26:22.599009', '2021-08-09 14:26:22.599009', 0, NULL, 19, NULL, 2, 5, 124, 39, NULL, NULL),
(635, '2021-08-09 14:26:22.645809', '2021-08-09 14:26:22.645809', 1, NULL, 19, NULL, 2, 5, 133, 39, NULL, NULL),
(636, '2021-08-09 14:26:22.692610', '2021-08-09 14:26:22.692610', 1, NULL, 19, NULL, 2, 5, 139, 39, NULL, NULL),
(637, '2021-08-09 14:26:22.755010', '2021-08-09 14:26:22.755010', 1, NULL, 19, NULL, 2, 5, 141, 39, NULL, NULL),
(638, '2021-08-09 14:26:22.833010', '2021-08-09 14:26:22.833010', 1, NULL, 19, NULL, 2, 5, 149, 39, NULL, NULL),
(639, '2021-08-09 14:26:22.942210', '2021-08-09 14:26:22.942210', 1, NULL, 19, NULL, 2, 5, 131, 39, NULL, NULL),
(640, '2021-08-09 14:26:23.020210', '2021-08-09 14:26:23.020210', 0, NULL, 19, NULL, 2, 5, 129, 39, NULL, NULL),
(641, '2021-08-09 14:26:23.067010', '2021-08-09 14:26:23.067010', 1, NULL, 19, NULL, 2, 5, 145, 39, NULL, NULL),
(642, '2021-08-09 14:26:23.098210', '2021-08-09 14:26:23.098210', 2, NULL, 19, NULL, 2, 5, 108, 39, NULL, NULL),
(643, '2021-08-09 14:26:23.207410', '2021-08-09 14:26:23.207410', 1, NULL, 19, NULL, 2, 5, 110, 39, NULL, NULL),
(644, '2021-08-09 14:26:23.254211', '2021-08-09 14:26:23.254211', 1, NULL, 19, NULL, 2, 5, 112, 39, NULL, NULL),
(645, '2021-08-09 14:26:23.285411', '2021-08-09 14:26:23.285411', 22, NULL, 19, NULL, 2, 5, 86, 39, NULL, NULL),
(646, '2021-08-09 14:26:23.332211', '2021-08-09 14:26:23.332211', 23, NULL, 19, NULL, 2, 5, 84, 39, NULL, NULL),
(647, '2021-08-09 14:26:23.394611', '2021-08-09 14:26:23.394611', 33, NULL, 19, NULL, 2, 5, 88, 39, NULL, NULL),
(648, '2021-08-09 14:26:23.457011', '2021-08-09 14:26:23.457011', 0, NULL, 19, NULL, 2, 5, 193, 39, NULL, NULL),
(649, '2021-08-09 14:26:23.519411', '2021-08-09 14:26:23.519411', 14, NULL, 19, NULL, 2, 5, 85, 39, NULL, NULL),
(650, '2021-08-09 14:26:23.566211', '2021-08-09 14:26:23.566211', 18, NULL, 19, NULL, 2, 5, 87, 39, NULL, NULL),
(651, '2021-08-09 14:26:23.613011', '2021-08-09 14:26:23.613011', 25, NULL, 19, NULL, 2, 5, 81, 39, NULL, NULL),
(652, '2021-08-09 14:26:23.659811', '2021-08-09 14:26:23.659811', 0, NULL, 19, NULL, 2, 5, 89, 39, NULL, NULL),
(653, '2021-08-09 14:26:23.691011', '2021-08-09 14:26:23.691011', 87, NULL, 19, NULL, 2, 5, 101, 39, NULL, NULL),
(654, '2021-08-09 14:26:23.737811', '2021-08-09 14:26:23.737811', 15, NULL, 19, NULL, 2, 5, 103, 39, NULL, NULL),
(655, '2021-08-09 14:26:23.784611', '2021-08-09 14:26:23.784611', 4, NULL, 19, NULL, 2, 5, 227, 39, NULL, NULL),
(656, '2021-08-09 14:26:23.831412', '2021-08-09 14:26:23.831412', NULL, 650, 19, 5, 2, 5, NULL, 39, NULL, NULL),
(657, '2021-08-09 14:26:24.034212', '2021-08-09 14:26:24.034212', NULL, 310, 19, 4, 2, 5, NULL, 39, NULL, NULL),
(658, '2021-08-09 14:26:24.081012', '2021-08-09 14:26:24.081012', NULL, 680, 19, 19, 2, 5, NULL, 39, NULL, NULL),
(659, '2021-08-09 14:26:24.127812', '2021-08-09 14:26:24.127812', NULL, 490, 19, 29, 2, 5, NULL, 39, NULL, NULL),
(660, '2021-08-09 14:26:24.361812', '2021-08-09 14:26:24.361812', NULL, 1000, 19, 20, 2, 5, NULL, 39, NULL, NULL),
(661, '2021-08-09 14:26:24.408613', '2021-08-09 14:26:24.408613', NULL, 750, 19, 24, 2, 5, NULL, 39, NULL, NULL),
(662, '2021-08-09 14:26:24.471013', '2021-08-09 14:26:24.471013', NULL, 260, 19, 38, 2, 5, NULL, 39, NULL, NULL),
(663, '2021-08-09 14:26:24.517813', '2021-08-09 14:26:24.517813', NULL, 800, 19, 30, 2, 5, NULL, 39, NULL, NULL),
(664, '2021-08-09 14:26:24.549013', '2021-08-09 14:26:24.549013', NULL, 0, 19, 21, 2, 5, NULL, 39, NULL, NULL),
(665, '2021-08-09 14:26:24.595813', '2021-08-09 14:26:24.595813', NULL, 150, 19, 27, 2, 5, NULL, 39, NULL, NULL),
(666, '2021-08-09 14:26:24.642613', '2021-08-09 14:26:24.642613', NULL, 250, 19, 28, 2, 5, NULL, 39, NULL, NULL),
(667, '2021-08-09 14:26:24.689413', '2021-08-09 14:26:24.689413', NULL, 1100, 19, 25, 2, 5, NULL, 39, NULL, NULL),
(668, '2021-08-09 14:26:24.736213', '2021-08-09 14:26:24.736213', NULL, 700, 19, 31, 2, 5, NULL, 39, NULL, NULL),
(669, '2021-08-09 14:26:24.767413', '2021-08-09 14:26:24.767413', NULL, 650, 19, 10, 2, 5, NULL, 39, NULL, NULL),
(670, '2021-08-09 14:26:24.814213', '2021-08-09 14:26:24.814213', NULL, 710, 19, 13, 2, 5, NULL, 39, NULL, NULL),
(671, '2021-08-09 14:26:24.861013', '2021-08-09 14:26:24.861013', NULL, 400, 19, 15, 2, 5, NULL, 39, NULL, NULL),
(672, '2021-08-09 14:26:24.907813', '2021-08-09 14:26:24.907813', NULL, 50, 19, 16, 2, 5, NULL, 39, NULL, NULL),
(673, '2021-08-09 14:26:24.970214', '2021-08-09 14:26:24.970214', NULL, 200, 19, 18, 2, 5, NULL, 39, NULL, NULL),
(674, '2021-08-09 14:26:25.017014', '2021-08-09 14:26:25.017014', NULL, 400, 19, 26, 2, 5, NULL, 39, NULL, NULL),
(675, '2021-08-09 14:26:25.063814', '2021-08-09 14:26:25.063814', NULL, 885, 19, 42, 2, 5, NULL, 39, NULL, NULL),
(676, '2021-08-09 14:26:25.110614', '2021-08-09 14:26:25.110614', NULL, 650, 19, 1, 2, 5, NULL, 39, NULL, NULL),
(677, '2021-08-09 14:26:25.141814', '2021-08-09 14:26:25.141814', NULL, 100, 19, 3, 2, 5, NULL, 39, NULL, NULL),
(678, '2021-08-09 14:26:25.188614', '2021-08-09 14:26:25.188614', NULL, 600, 19, 32, 2, 5, NULL, 39, NULL, NULL),
(679, '2021-08-09 14:26:25.235414', '2021-08-09 14:26:25.235414', NULL, 1020, 19, 34, 2, 5, NULL, 39, NULL, NULL),
(680, '2021-08-09 14:26:25.344614', '2021-08-09 14:26:25.344614', NULL, 0, 19, 50, 2, 5, NULL, 39, NULL, NULL),
(681, '2021-08-09 14:26:25.485014', '2021-08-09 14:26:25.485014', NULL, 0, 19, 51, 2, 5, NULL, 39, NULL, NULL),
(682, '2021-08-09 14:26:25.547415', '2021-08-09 14:26:25.547415', 0, NULL, 19, NULL, 2, 5, 106, 39, NULL, NULL),
(683, '2021-08-09 14:26:25.594215', '2021-08-09 14:26:25.594215', NULL, 430, 19, 22, 2, 5, NULL, 39, NULL, NULL),
(684, '2021-08-09 14:26:25.656615', '2021-08-09 14:26:25.656615', 94, NULL, 19, NULL, 2, 5, 236, 39, NULL, NULL),
(685, '2021-08-09 14:26:25.687815', '2021-08-09 14:26:25.687815', 0, NULL, 19, NULL, 2, 5, 235, 39, NULL, NULL),
(686, '2021-08-09 14:26:25.734615', '2021-08-09 14:26:25.734615', NULL, 500, 19, 52, 2, 5, NULL, 39, NULL, NULL),
(687, '2021-08-09 14:26:25.781415', '2021-08-09 14:26:25.781415', NULL, 250, 19, 54, 2, 5, NULL, 39, NULL, NULL),
(688, '2021-08-09 14:26:25.812615', '2021-08-09 14:26:25.812615', NULL, 0, 19, 53, 2, 5, NULL, 39, NULL, NULL),
(689, '2021-08-09 14:26:25.906215', '2021-08-09 14:26:25.906215', NULL, 1750, 19, 55, 2, 5, NULL, 39, NULL, NULL),
(690, '2021-08-09 14:26:25.953015', '2021-08-09 14:26:25.953015', NULL, 0, 19, 56, 2, 5, NULL, 39, NULL, NULL),
(691, '2021-08-09 14:26:25.999815', '2021-08-09 14:26:25.999815', 0, NULL, 19, NULL, 2, 5, 190, 39, NULL, NULL),
(692, '2021-08-09 14:26:26.031015', '2021-08-09 14:26:26.031015', 1, NULL, 19, NULL, 2, 5, 126, 39, NULL, NULL),
(693, '2021-08-09 14:26:26.077815', '2021-08-09 14:26:26.077815', 1, NULL, 19, NULL, 2, 5, 135, 39, NULL, NULL),
(694, '2021-08-09 14:26:26.140216', '2021-08-09 14:26:26.140216', 1, NULL, 19, NULL, 2, 5, 118, 39, NULL, NULL),
(695, '2021-08-10 05:48:27.703162', '2021-08-10 05:48:27.703162', 1, NULL, 19, NULL, 2, 5, 122, 40, NULL, NULL),
(696, '2021-08-10 05:48:27.781162', '2021-08-10 05:48:27.781162', 1, NULL, 19, NULL, 2, 5, 116, 40, NULL, NULL),
(697, '2021-08-10 05:48:27.827962', '2021-08-10 05:48:27.827962', 1, NULL, 19, NULL, 2, 5, 162, 40, NULL, NULL),
(698, '2021-08-10 05:48:27.921562', '2021-08-10 05:48:27.921562', 0, NULL, 19, NULL, 2, 5, 160, 40, NULL, NULL),
(699, '2021-08-10 05:48:27.983962', '2021-08-10 05:48:27.983962', 1, NULL, 19, NULL, 2, 5, 128, 40, NULL, NULL),
(700, '2021-08-10 05:48:28.061962', '2021-08-10 05:48:28.061962', 0, NULL, 19, NULL, 2, 5, 124, 40, NULL, NULL),
(701, '2021-08-10 05:48:28.124362', '2021-08-10 05:48:28.124362', 1, NULL, 19, NULL, 2, 5, 133, 40, NULL, NULL),
(702, '2021-08-10 05:48:28.202362', '2021-08-10 05:48:28.202362', 1, NULL, 19, NULL, 2, 5, 139, 40, NULL, NULL),
(703, '2021-08-10 05:48:28.249163', '2021-08-10 05:48:28.249163', 1, NULL, 19, NULL, 2, 5, 141, 40, NULL, NULL),
(704, '2021-08-10 05:48:28.358363', '2021-08-10 05:48:28.358363', 1, NULL, 19, NULL, 2, 5, 149, 40, NULL, NULL),
(705, '2021-08-10 05:48:28.607963', '2021-08-10 05:48:28.607963', 1, NULL, 19, NULL, 2, 5, 131, 40, NULL, NULL),
(706, '2021-08-10 05:48:28.654763', '2021-08-10 05:48:28.654763', 0, NULL, 19, NULL, 2, 5, 129, 40, NULL, NULL),
(707, '2021-08-10 05:48:28.701563', '2021-08-10 05:48:28.701563', 1, NULL, 19, NULL, 2, 5, 145, 40, NULL, NULL),
(708, '2021-08-10 05:48:28.748363', '2021-08-10 05:48:28.748363', 2, NULL, 19, NULL, 2, 5, 108, 40, NULL, NULL),
(709, '2021-08-10 05:48:28.810763', '2021-08-10 05:48:28.810763', 1, NULL, 19, NULL, 2, 5, 110, 40, NULL, NULL),
(710, '2021-08-10 05:48:28.857564', '2021-08-10 05:48:28.857564', 1, NULL, 19, NULL, 2, 5, 112, 40, NULL, NULL),
(711, '2021-08-10 05:48:28.904364', '2021-08-10 05:48:28.904364', 22, NULL, 19, NULL, 2, 5, 86, 40, NULL, NULL),
(712, '2021-08-10 05:48:28.966764', '2021-08-10 05:48:28.966764', 23, NULL, 19, NULL, 2, 5, 84, 40, NULL, NULL),
(713, '2021-08-10 05:48:28.997964', '2021-08-10 05:48:29.013564', 33, NULL, 19, NULL, 2, 5, 88, 40, NULL, NULL),
(714, '2021-08-10 05:48:29.044764', '2021-08-10 05:48:29.044764', 0, NULL, 19, NULL, 2, 5, 193, 40, NULL, NULL),
(715, '2021-08-10 05:48:29.091564', '2021-08-10 05:48:29.091564', 14, NULL, 19, NULL, 2, 5, 85, 40, NULL, NULL),
(716, '2021-08-10 05:48:29.138364', '2021-08-10 05:48:29.138364', 18, NULL, 19, NULL, 2, 5, 87, 40, NULL, NULL),
(717, '2021-08-10 05:48:29.185164', '2021-08-10 05:48:29.185164', 25, NULL, 19, NULL, 2, 5, 81, 40, NULL, NULL),
(718, '2021-08-10 05:48:29.216364', '2021-08-10 05:48:29.216364', 0, NULL, 19, NULL, 2, 5, 89, 40, NULL, NULL),
(719, '2021-08-10 05:48:29.309964', '2021-08-10 05:48:29.309964', 87, NULL, 19, NULL, 2, 5, 101, 40, NULL, NULL),
(720, '2021-08-10 05:48:29.450365', '2021-08-10 05:48:29.450365', 15, NULL, 19, NULL, 2, 5, 103, 40, NULL, NULL),
(721, '2021-08-10 05:48:29.481565', '2021-08-10 05:48:29.481565', 4, NULL, 19, NULL, 2, 5, 227, 40, NULL, NULL),
(722, '2021-08-10 05:48:29.543965', '2021-08-10 05:48:29.543965', NULL, 650, 19, 5, 2, 5, NULL, 40, NULL, NULL),
(723, '2021-08-10 05:48:29.590765', '2021-08-10 05:48:29.590765', NULL, 310, 19, 4, 2, 5, NULL, 40, NULL, NULL),
(724, '2021-08-10 05:48:29.637565', '2021-08-10 05:48:29.637565', NULL, 680, 19, 19, 2, 5, NULL, 40, NULL, NULL),
(725, '2021-08-10 05:48:29.684365', '2021-08-10 05:48:29.684365', NULL, 490, 19, 29, 2, 5, NULL, 40, NULL, NULL),
(726, '2021-08-10 05:48:29.715565', '2021-08-10 05:48:29.715565', NULL, 1000, 19, 20, 2, 5, NULL, 40, NULL, NULL),
(727, '2021-08-10 05:48:29.762365', '2021-08-10 05:48:29.762365', NULL, 750, 19, 24, 2, 5, NULL, 40, NULL, NULL),
(728, '2021-08-10 05:48:29.824765', '2021-08-10 05:48:29.824765', NULL, 260, 19, 38, 2, 5, NULL, 40, NULL, NULL),
(729, '2021-08-10 05:48:29.887165', '2021-08-10 05:48:29.887165', NULL, 800, 19, 30, 2, 5, NULL, 40, NULL, NULL),
(730, '2021-08-10 05:48:30.027566', '2021-08-10 05:48:30.027566', NULL, 0, 19, 21, 2, 5, NULL, 40, NULL, NULL),
(731, '2021-08-10 05:48:30.089966', '2021-08-10 05:48:30.089966', NULL, 150, 19, 27, 2, 5, NULL, 40, NULL, NULL),
(732, '2021-08-10 05:48:30.121166', '2021-08-10 05:48:30.121166', NULL, 250, 19, 28, 2, 5, NULL, 40, NULL, NULL),
(733, '2021-08-10 05:48:30.167966', '2021-08-10 05:48:30.167966', NULL, 1100, 19, 25, 2, 5, NULL, 40, NULL, NULL),
(734, '2021-08-10 05:48:30.199166', '2021-08-10 05:48:30.199166', NULL, 700, 19, 31, 2, 5, NULL, 40, NULL, NULL),
(735, '2021-08-10 05:48:30.261566', '2021-08-10 05:48:30.261566', NULL, 650, 19, 10, 2, 5, NULL, 40, NULL, NULL),
(736, '2021-08-10 05:48:30.323966', '2021-08-10 05:48:30.323966', NULL, 710, 19, 13, 2, 5, NULL, 40, NULL, NULL),
(737, '2021-08-10 05:48:30.355166', '2021-08-10 05:48:30.355166', NULL, 400, 19, 15, 2, 5, NULL, 40, NULL, NULL),
(738, '2021-08-10 05:48:30.386366', '2021-08-10 05:48:30.386366', NULL, 50, 19, 16, 2, 5, NULL, 40, NULL, NULL),
(739, '2021-08-10 05:48:30.433166', '2021-08-10 05:48:30.433166', NULL, 200, 19, 18, 2, 5, NULL, 40, NULL, NULL),
(740, '2021-08-10 05:48:30.495566', '2021-08-10 05:48:30.495566', NULL, 400, 19, 26, 2, 5, NULL, 40, NULL, NULL),
(741, '2021-08-10 05:48:30.542367', '2021-08-10 05:48:30.542367', NULL, 885, 19, 42, 2, 5, NULL, 40, NULL, NULL),
(742, '2021-08-10 05:48:30.573567', '2021-08-10 05:48:30.573567', NULL, 650, 19, 1, 2, 5, NULL, 40, NULL, NULL),
(743, '2021-08-10 05:48:30.620367', '2021-08-10 05:48:30.620367', NULL, 100, 19, 3, 2, 5, NULL, 40, NULL, NULL),
(744, '2021-08-10 05:48:30.667167', '2021-08-10 05:48:30.667167', NULL, 600, 19, 32, 2, 5, NULL, 40, NULL, NULL),
(745, '2021-08-10 05:48:30.760767', '2021-08-10 05:48:30.760767', NULL, 1020, 19, 34, 2, 5, NULL, 40, NULL, NULL),
(746, '2021-08-10 05:48:30.791967', '2021-08-10 05:48:30.791967', NULL, 0, 19, 50, 2, 5, NULL, 40, NULL, NULL),
(747, '2021-08-10 05:48:30.854367', '2021-08-10 05:48:30.854367', NULL, 0, 19, 51, 2, 5, NULL, 40, NULL, NULL),
(748, '2021-08-10 05:48:30.901167', '2021-08-10 05:48:30.901167', 0, NULL, 19, NULL, 2, 5, 106, 40, NULL, NULL),
(749, '2021-08-10 05:48:30.947967', '2021-08-10 05:48:30.947967', NULL, 430, 19, 22, 2, 5, NULL, 40, NULL, NULL),
(750, '2021-08-10 05:48:30.994767', '2021-08-10 05:48:30.994767', 94, NULL, 19, NULL, 2, 5, 236, 40, NULL, NULL),
(751, '2021-08-10 05:48:31.057167', '2021-08-10 05:48:31.057167', 0, NULL, 19, NULL, 2, 5, 235, 40, NULL, NULL),
(752, '2021-08-10 05:48:31.103968', '2021-08-10 05:48:31.103968', NULL, 500, 19, 52, 2, 5, NULL, 40, NULL, NULL),
(753, '2021-08-10 05:48:31.135168', '2021-08-10 05:48:31.135168', NULL, 250, 19, 54, 2, 5, NULL, 40, NULL, NULL),
(754, '2021-08-10 05:48:31.181968', '2021-08-10 05:48:31.181968', NULL, 0, 19, 53, 2, 5, NULL, 40, NULL, NULL),
(755, '2021-08-10 05:48:31.213168', '2021-08-10 05:48:31.213168', NULL, 1750, 19, 55, 2, 5, NULL, 40, NULL, NULL),
(756, '2021-08-10 05:48:31.259968', '2021-08-10 05:48:31.259968', NULL, 0, 19, 56, 2, 5, NULL, 40, NULL, NULL),
(757, '2021-08-10 05:48:31.337968', '2021-08-10 05:48:31.337968', 2, NULL, 19, NULL, 2, 5, 190, 40, NULL, NULL),
(758, '2021-08-10 05:48:31.987376', '2021-08-10 05:48:31.987376', 1, NULL, 19, NULL, 2, 5, 126, 40, NULL, NULL),
(759, '2021-08-10 05:48:32.158976', '2021-08-10 05:48:32.158976', 1, NULL, 19, NULL, 2, 5, 135, 40, NULL, NULL),
(760, '2021-08-10 05:48:32.190176', '2021-08-10 05:48:32.190176', 1, NULL, 19, NULL, 2, 5, 118, 40, NULL, NULL),
(761, '2021-08-10 05:48:32.251977', '2021-08-10 05:48:32.251977', 1, NULL, 19, NULL, 2, 5, 200, 40, NULL, NULL),
(762, '2021-08-10 05:48:32.301980', '2021-08-10 05:48:32.301980', 1, NULL, 19, NULL, 2, 5, 187, 40, NULL, NULL),
(763, '2021-08-10 05:48:32.350983', '2021-08-10 05:48:32.350983', 1, NULL, 19, NULL, 2, 5, 184, 40, NULL, NULL),
(764, '2021-08-10 15:31:06.248905', '2021-08-10 15:31:06.248905', 1, NULL, 19, NULL, 2, 5, 122, 41, NULL, NULL),
(765, '2021-08-10 15:31:06.311909', '2021-08-10 15:31:06.311909', 1, NULL, 19, NULL, 2, 5, 116, 41, NULL, NULL),
(766, '2021-08-10 15:31:06.363912', '2021-08-10 15:31:06.363912', 1, NULL, 19, NULL, 2, 5, 162, 41, NULL, NULL),
(767, '2021-08-10 15:31:06.413915', '2021-08-10 15:31:06.413915', 0, NULL, 19, NULL, 2, 5, 160, 41, NULL, NULL),
(768, '2021-08-10 15:31:06.455917', '2021-08-10 15:31:06.455917', 1, NULL, 19, NULL, 2, 5, 128, 41, NULL, NULL),
(769, '2021-08-10 15:31:06.505920', '2021-08-10 15:31:06.506920', 0, NULL, 19, NULL, 2, 5, 124, 41, NULL, NULL),
(770, '2021-08-10 15:31:06.548922', '2021-08-10 15:31:06.548922', 0, NULL, 19, NULL, 2, 5, 133, 41, NULL, NULL),
(771, '2021-08-10 15:31:06.605926', '2021-08-10 15:31:06.605926', 1, NULL, 19, NULL, 2, 5, 139, 41, NULL, NULL),
(772, '2021-08-10 15:31:06.646928', '2021-08-10 15:31:06.646928', 1, NULL, 19, NULL, 2, 5, 141, 41, NULL, NULL),
(773, '2021-08-10 15:31:06.696931', '2021-08-10 15:31:06.696931', 1, NULL, 19, NULL, 2, 5, 149, 41, NULL, NULL),
(774, '2021-08-10 15:31:06.738933', '2021-08-10 15:31:06.738933', 1, NULL, 19, NULL, 2, 5, 131, 41, NULL, NULL),
(775, '2021-08-10 15:31:06.789936', '2021-08-10 15:31:06.789936', 0, NULL, 19, NULL, 2, 5, 129, 41, NULL, NULL),
(776, '2021-08-10 15:31:06.830938', '2021-08-10 15:31:06.830938', 1, NULL, 19, NULL, 2, 5, 145, 41, NULL, NULL),
(777, '2021-08-10 15:31:06.904943', '2021-08-10 15:31:06.904943', 1, NULL, 19, NULL, 2, 5, 108, 41, NULL, NULL),
(778, '2021-08-10 15:31:06.962946', '2021-08-10 15:31:06.962946', 1, NULL, 19, NULL, 2, 5, 110, 41, NULL, NULL),
(779, '2021-08-10 15:31:07.004948', '2021-08-10 15:31:07.004948', 1, NULL, 19, NULL, 2, 5, 112, 41, NULL, NULL),
(780, '2021-08-10 15:31:07.057951', '2021-08-10 15:31:07.057951', 5, NULL, 19, NULL, 2, 5, 86, 41, NULL, NULL),
(781, '2021-08-10 15:31:07.259963', '2021-08-10 15:31:07.259963', 8, NULL, 19, NULL, 2, 5, 84, 41, NULL, NULL),
(782, '2021-08-10 15:31:07.497977', '2021-08-10 15:31:07.497977', 33, NULL, 19, NULL, 2, 5, 88, 41, NULL, NULL),
(783, '2021-08-10 15:31:07.547979', '2021-08-10 15:31:07.547979', 0, NULL, 19, NULL, 2, 5, 193, 41, NULL, NULL),
(784, '2021-08-10 15:31:07.589982', '2021-08-10 15:31:07.589982', 12, NULL, 19, NULL, 2, 5, 85, 41, NULL, NULL),
(785, '2021-08-10 15:31:07.631984', '2021-08-10 15:31:07.631984', 9, NULL, 19, NULL, 2, 5, 87, 41, NULL, NULL),
(786, '2021-08-10 15:31:07.706988', '2021-08-10 15:31:07.706988', 23, NULL, 19, NULL, 2, 5, 81, 41, NULL, NULL),
(787, '2021-08-10 15:31:07.756991', '2021-08-10 15:31:07.756991', 0, NULL, 19, NULL, 2, 5, 89, 41, NULL, NULL),
(788, '2021-08-10 15:31:07.798994', '2021-08-10 15:31:07.798994', 50, NULL, 19, NULL, 2, 5, 101, 41, NULL, NULL),
(789, '2021-08-10 15:31:07.863997', '2021-08-10 15:31:07.863997', 1, NULL, 19, NULL, 2, 5, 103, 41, NULL, NULL),
(790, '2021-08-10 15:31:07.908000', '2021-08-10 15:31:07.908000', 3, NULL, 19, NULL, 2, 5, 227, 41, NULL, NULL),
(791, '2021-08-10 15:31:07.948002', '2021-08-10 15:31:07.948002', NULL, 650, 19, 5, 2, 5, NULL, 41, NULL, NULL),
(792, '2021-08-10 15:31:07.999005', '2021-08-10 15:31:07.999005', NULL, 630, 19, 4, 2, 5, NULL, 41, NULL, NULL),
(793, '2021-08-10 15:31:08.064009', '2021-08-10 15:31:08.064009', NULL, 520, 19, 19, 2, 5, NULL, 41, NULL, NULL),
(794, '2021-08-10 15:31:08.199017', '2021-08-10 15:31:08.199017', NULL, 450, 19, 29, 2, 5, NULL, 41, NULL, NULL),
(795, '2021-08-10 15:31:08.282021', '2021-08-10 15:31:08.282021', NULL, 820, 19, 20, 2, 5, NULL, 41, NULL, NULL),
(796, '2021-08-10 15:31:08.330024', '2021-08-10 15:31:08.330024', NULL, 750, 19, 24, 2, 5, NULL, 41, NULL, NULL),
(797, '2021-08-10 15:31:08.372027', '2021-08-10 15:31:08.372027', NULL, 120, 19, 38, 2, 5, NULL, 41, NULL, NULL),
(798, '2021-08-10 15:31:08.415029', '2021-08-10 15:31:08.415029', NULL, 800, 19, 30, 2, 5, NULL, 41, NULL, NULL),
(799, '2021-08-10 15:31:08.497034', '2021-08-10 15:31:08.497034', NULL, 0, 19, 21, 2, 5, NULL, 41, NULL, NULL),
(800, '2021-08-10 15:31:08.550037', '2021-08-10 15:31:08.550037', NULL, 150, 19, 27, 2, 5, NULL, 41, NULL, NULL),
(801, '2021-08-10 15:31:08.613040', '2021-08-10 15:31:08.613040', NULL, 250, 19, 28, 2, 5, NULL, 41, NULL, NULL),
(802, '2021-08-10 15:31:08.672044', '2021-08-10 15:31:08.672044', NULL, 1100, 19, 25, 2, 5, NULL, 41, NULL, NULL),
(803, '2021-08-10 15:31:08.720046', '2021-08-10 15:31:08.720046', NULL, 700, 19, 31, 2, 5, NULL, 41, NULL, NULL),
(804, '2021-08-10 15:31:08.761049', '2021-08-10 15:31:08.762049', NULL, 650, 19, 10, 2, 5, NULL, 41, NULL, NULL),
(805, '2021-08-10 15:31:08.804051', '2021-08-10 15:31:08.804051', NULL, 690, 19, 13, 2, 5, NULL, 41, NULL, NULL),
(806, '2021-08-10 15:31:08.868055', '2021-08-10 15:31:08.869055', NULL, 400, 19, 15, 2, 5, NULL, 41, NULL, NULL),
(807, '2021-08-10 15:31:08.944059', '2021-08-10 15:31:08.944059', NULL, 50, 19, 16, 2, 5, NULL, 41, NULL, NULL),
(808, '2021-08-10 15:31:08.981061', '2021-08-10 15:31:08.981061', NULL, 100, 19, 18, 2, 5, NULL, 41, NULL, NULL),
(809, '2021-08-10 15:31:09.023064', '2021-08-10 15:31:09.023064', NULL, 400, 19, 26, 2, 5, NULL, 41, NULL, NULL),
(810, '2021-08-10 15:31:09.261077', '2021-08-10 15:31:09.261077', NULL, 675, 19, 42, 2, 5, NULL, 41, NULL, NULL),
(811, '2021-08-10 15:31:09.307080', '2021-08-10 15:31:09.307080', NULL, 650, 19, 1, 2, 5, NULL, 41, NULL, NULL),
(812, '2021-08-10 15:31:09.343082', '2021-08-10 15:31:09.343082', NULL, 100, 19, 3, 2, 5, NULL, 41, NULL, NULL),
(813, '2021-08-10 15:31:09.383084', '2021-08-10 15:31:09.383084', NULL, 600, 19, 32, 2, 5, NULL, 41, NULL, NULL),
(814, '2021-08-10 15:31:09.451088', '2021-08-10 15:31:09.451088', NULL, 1020, 19, 34, 2, 5, NULL, 41, NULL, NULL),
(815, '2021-08-10 15:31:09.506091', '2021-08-10 15:31:09.507091', NULL, 0, 19, 50, 2, 5, NULL, 41, NULL, NULL),
(816, '2021-08-10 15:31:09.552094', '2021-08-10 15:31:09.552094', NULL, 0, 19, 51, 2, 5, NULL, 41, NULL, NULL),
(817, '2021-08-10 15:31:09.583294', '2021-08-10 15:31:09.583294', 0, NULL, 19, NULL, 2, 5, 106, 41, NULL, NULL),
(818, '2021-08-10 15:31:09.648496', '2021-08-10 15:31:09.648496', NULL, 0, 19, 22, 2, 5, NULL, 41, NULL, NULL),
(819, '2021-08-10 15:31:09.692499', '2021-08-10 15:31:09.692499', 93, NULL, 19, NULL, 2, 5, 236, 41, NULL, NULL),
(820, '2021-08-10 15:31:09.743502', '2021-08-10 15:31:09.743502', 86, NULL, 19, NULL, 2, 5, 235, 41, NULL, NULL),
(821, '2021-08-10 15:31:09.811505', '2021-08-10 15:31:09.811505', NULL, 250, 19, 52, 2, 5, NULL, 41, NULL, NULL),
(822, '2021-08-10 15:31:09.855508', '2021-08-10 15:31:09.855508', NULL, 250, 19, 54, 2, 5, NULL, 41, NULL, NULL),
(823, '2021-08-10 15:31:09.917908', '2021-08-10 15:31:09.917908', NULL, 0, 19, 53, 2, 5, NULL, 41, NULL, NULL),
(824, '2021-08-10 15:31:09.964708', '2021-08-10 15:31:09.964708', NULL, 1750, 19, 55, 2, 5, NULL, 41, NULL, NULL),
(825, '2021-08-10 15:31:10.011508', '2021-08-10 15:31:10.011508', NULL, 0, 19, 56, 2, 5, NULL, 41, NULL, NULL),
(826, '2021-08-10 15:31:10.042708', '2021-08-10 15:31:10.042708', 2, NULL, 19, NULL, 2, 5, 190, 41, NULL, NULL),
(827, '2021-08-10 15:31:10.136308', '2021-08-10 15:31:10.136308', 1, NULL, 19, NULL, 2, 5, 126, 41, NULL, NULL),
(828, '2021-08-10 15:31:10.198709', '2021-08-10 15:31:10.198709', 1, NULL, 19, NULL, 2, 5, 135, 41, NULL, NULL),
(829, '2021-08-10 15:31:10.270109', '2021-08-10 15:31:10.271109', 1, NULL, 19, NULL, 2, 5, 118, 41, NULL, NULL),
(830, '2021-08-10 15:31:10.332113', '2021-08-10 15:31:10.332113', 1, NULL, 19, NULL, 2, 5, 200, 41, NULL, NULL),
(831, '2021-08-10 15:31:10.369115', '2021-08-10 15:31:10.369115', 1, NULL, 19, NULL, 2, 5, 187, 41, NULL, NULL),
(832, '2021-08-10 15:31:10.429118', '2021-08-10 15:31:10.429118', 1, NULL, 19, NULL, 2, 5, 184, 41, NULL, NULL),
(833, '2021-08-10 15:31:10.468120', '2021-08-10 15:31:10.468120', 1, NULL, 19, NULL, 2, 5, 82, 41, NULL, NULL),
(834, '2021-08-12 12:01:54.040388', '2021-08-12 12:01:54.040388', 1, NULL, 19, NULL, 2, 5, 122, 42, NULL, NULL),
(835, '2021-08-12 12:01:54.102788', '2021-08-12 12:01:54.102788', 1, NULL, 19, NULL, 2, 5, 116, 42, NULL, NULL),
(836, '2021-08-12 12:01:54.165188', '2021-08-12 12:01:54.165188', 1, NULL, 19, NULL, 2, 5, 162, 42, NULL, NULL),
(837, '2021-08-12 12:01:54.258789', '2021-08-12 12:01:54.258789', 0, NULL, 19, NULL, 2, 5, 160, 42, NULL, NULL),
(838, '2021-08-12 12:01:54.336789', '2021-08-12 12:01:54.336789', 1, NULL, 19, NULL, 2, 5, 128, 42, NULL, NULL),
(839, '2021-08-12 12:01:54.383589', '2021-08-12 12:01:54.383589', 1, NULL, 19, NULL, 2, 5, 124, 42, NULL, NULL),
(840, '2021-08-12 12:01:54.430389', '2021-08-12 12:01:54.430389', 1, NULL, 19, NULL, 2, 5, 133, 42, NULL, NULL),
(841, '2021-08-12 12:01:54.477189', '2021-08-12 12:01:54.477189', 1, NULL, 19, NULL, 2, 5, 139, 42, NULL, NULL),
(842, '2021-08-12 12:01:54.523989', '2021-08-12 12:01:54.523989', 1, NULL, 19, NULL, 2, 5, 141, 42, NULL, NULL),
(843, '2021-08-12 12:01:54.570789', '2021-08-12 12:01:54.570789', 1, NULL, 19, NULL, 2, 5, 149, 42, NULL, NULL),
(844, '2021-08-12 12:01:54.633189', '2021-08-12 12:01:54.633189', 1, NULL, 19, NULL, 2, 5, 131, 42, NULL, NULL),
(845, '2021-08-12 12:01:54.664389', '2021-08-12 12:01:54.664389', 0, NULL, 19, NULL, 2, 5, 129, 42, NULL, NULL),
(846, '2021-08-12 12:01:54.711189', '2021-08-12 12:01:54.711189', 1, NULL, 19, NULL, 2, 5, 145, 42, NULL, NULL),
(847, '2021-08-12 12:01:54.757989', '2021-08-12 12:01:54.757989', 2, NULL, 19, NULL, 2, 5, 108, 42, NULL, NULL),
(848, '2021-08-12 12:01:54.804790', '2021-08-12 12:01:54.804790', 1, NULL, 19, NULL, 2, 5, 110, 42, NULL, NULL),
(849, '2021-08-12 12:01:54.851590', '2021-08-12 12:01:54.851590', 1, NULL, 19, NULL, 2, 5, 112, 42, NULL, NULL),
(850, '2021-08-12 12:01:54.945190', '2021-08-12 12:01:54.945190', 22, NULL, 19, NULL, 2, 5, 86, 42, NULL, NULL),
(851, '2021-08-12 12:01:55.038790', '2021-08-12 12:01:55.038790', 13, NULL, 19, NULL, 2, 5, 84, 42, NULL, NULL),
(852, '2021-08-12 12:01:55.147990', '2021-08-12 12:01:55.147990', 33, NULL, 19, NULL, 2, 5, 88, 42, NULL, NULL),
(853, '2021-08-12 12:01:55.225990', '2021-08-12 12:01:55.225990', 0, NULL, 19, NULL, 2, 5, 193, 42, NULL, NULL),
(854, '2021-08-12 12:01:55.397591', '2021-08-12 12:01:55.397591', 53, NULL, 19, NULL, 2, 5, 85, 42, NULL, NULL),
(855, '2021-08-12 12:01:55.631591', '2021-08-12 12:01:55.631591', 0, NULL, 19, NULL, 2, 5, 87, 42, NULL, NULL),
(856, '2021-08-12 12:01:55.943592', '2021-08-12 12:01:55.943592', 12, NULL, 19, NULL, 2, 5, 81, 42, NULL, NULL),
(857, '2021-08-12 12:01:55.990392', '2021-08-12 12:01:55.990392', 0, NULL, 19, NULL, 2, 5, 89, 42, NULL, NULL),
(858, '2021-08-12 12:01:56.037192', '2021-08-12 12:01:56.037192', 103, NULL, 19, NULL, 2, 5, 101, 42, NULL, NULL),
(859, '2021-08-12 12:01:56.083992', '2021-08-12 12:01:56.083992', 1, NULL, 19, NULL, 2, 5, 103, 42, NULL, NULL),
(860, '2021-08-12 12:01:56.137792', '2021-08-12 12:01:56.137792', 7, NULL, 19, NULL, 2, 5, 227, 42, NULL, NULL),
(861, '2021-08-12 12:01:56.184592', '2021-08-12 12:01:56.184592', NULL, 650, 19, 5, 2, 5, NULL, 42, NULL, NULL),
(862, '2021-08-12 12:01:56.215792', '2021-08-12 12:01:56.215792', NULL, 530, 19, 4, 2, 5, NULL, 42, NULL, NULL),
(863, '2021-08-12 12:01:56.293793', '2021-08-12 12:01:56.293793', NULL, 470, 19, 19, 2, 5, NULL, 42, NULL, NULL),
(864, '2021-08-12 12:01:56.340593', '2021-08-12 12:01:56.340593', NULL, 450, 19, 29, 2, 5, NULL, 42, NULL, NULL),
(865, '2021-08-12 12:01:56.486394', '2021-08-12 12:01:56.486394', NULL, 760, 19, 20, 2, 5, NULL, 42, NULL, NULL),
(866, '2021-08-12 12:01:56.579994', '2021-08-12 12:01:56.579994', NULL, 750, 19, 24, 2, 5, NULL, 42, NULL, NULL),
(867, '2021-08-12 12:01:56.611194', '2021-08-12 12:01:56.611194', NULL, 120, 19, 38, 2, 5, NULL, 42, NULL, NULL),
(868, '2021-08-12 12:01:56.657994', '2021-08-12 12:01:56.657994', NULL, 800, 19, 30, 2, 5, NULL, 42, NULL, NULL),
(869, '2021-08-12 12:01:56.704794', '2021-08-12 12:01:56.704794', NULL, 0, 19, 21, 2, 5, NULL, 42, NULL, NULL),
(870, '2021-08-12 12:01:56.751595', '2021-08-12 12:01:56.751595', NULL, 150, 19, 27, 2, 5, NULL, 42, NULL, NULL),
(871, '2021-08-12 12:01:56.782795', '2021-08-12 12:01:56.782795', NULL, 250, 19, 28, 2, 5, NULL, 42, NULL, NULL),
(872, '2021-08-12 12:01:56.829595', '2021-08-12 12:01:56.829595', NULL, 300, 19, 25, 2, 5, NULL, 42, NULL, NULL),
(873, '2021-08-12 12:01:56.954395', '2021-08-12 12:01:56.954395', NULL, 700, 19, 31, 2, 5, NULL, 42, NULL, NULL),
(874, '2021-08-12 12:01:57.126995', '2021-08-12 12:01:57.126995', NULL, 650, 19, 10, 2, 5, NULL, 42, NULL, NULL),
(875, '2021-08-12 12:01:57.293005', '2021-08-12 12:01:57.293005', NULL, 540, 19, 13, 2, 5, NULL, 42, NULL, NULL),
(876, '2021-08-12 12:01:57.442212', '2021-08-12 12:01:57.442212', NULL, 400, 19, 15, 2, 5, NULL, 42, NULL, NULL),
(877, '2021-08-12 12:01:57.555218', '2021-08-12 12:01:57.555218', NULL, 50, 19, 16, 2, 5, NULL, 42, NULL, NULL),
(878, '2021-08-12 12:01:57.737026', '2021-08-12 12:01:57.737026', NULL, 1100, 19, 18, 2, 5, NULL, 42, NULL, NULL),
(879, '2021-08-12 12:01:57.826031', '2021-08-12 12:01:57.826031', NULL, 650, 19, 26, 2, 5, NULL, 42, NULL, NULL),
(880, '2021-08-12 12:01:57.921036', '2021-08-12 12:01:57.921036', NULL, 645, 19, 42, 2, 5, NULL, 42, NULL, NULL),
(881, '2021-08-12 12:01:58.018438', '2021-08-12 12:01:58.018438', NULL, 250, 19, 1, 2, 5, NULL, 42, NULL, NULL),
(882, '2021-08-12 12:01:58.075640', '2021-08-12 12:01:58.075640', NULL, 100, 19, 3, 2, 5, NULL, 42, NULL, NULL),
(883, '2021-08-12 12:01:58.169240', '2021-08-12 12:01:58.169240', NULL, 600, 19, 32, 2, 5, NULL, 42, NULL, NULL),
(884, '2021-08-12 12:01:58.204841', '2021-08-12 12:01:58.204841', NULL, 1020, 19, 34, 2, 5, NULL, 42, NULL, NULL),
(885, '2021-08-12 12:01:58.251641', '2021-08-12 12:01:58.251641', NULL, 125, 19, 50, 2, 5, NULL, 42, NULL, NULL),
(886, '2021-08-12 12:01:58.298441', '2021-08-12 12:01:58.298441', NULL, 0, 19, 51, 2, 5, NULL, 42, NULL, NULL),
(887, '2021-08-12 12:01:58.360842', '2021-08-12 12:01:58.360842', 0, NULL, 19, NULL, 2, 5, 106, 42, NULL, NULL),
(888, '2021-08-12 12:01:58.392042', '2021-08-12 12:01:58.392042', NULL, 0, 19, 22, 2, 5, NULL, 42, NULL, NULL),
(889, '2021-08-12 12:01:58.470042', '2021-08-12 12:01:58.470042', 84, NULL, 19, NULL, 2, 5, 236, 42, NULL, NULL),
(890, '2021-08-12 12:01:58.532442', '2021-08-12 12:01:58.532442', 77, NULL, 19, NULL, 2, 5, 235, 42, NULL, NULL),
(891, '2021-08-12 12:01:58.610442', '2021-08-12 12:01:58.610442', NULL, 0, 19, 52, 2, 5, NULL, 42, NULL, NULL),
(892, '2021-08-12 12:01:58.671243', '2021-08-12 12:01:58.671243', NULL, 250, 19, 54, 2, 5, NULL, 42, NULL, NULL),
(893, '2021-08-12 12:01:58.718043', '2021-08-12 12:01:58.718043', NULL, 0, 19, 53, 2, 5, NULL, 42, NULL, NULL),
(894, '2021-08-12 12:01:58.766843', '2021-08-12 12:01:58.766843', NULL, 1500, 19, 55, 2, 5, NULL, 42, NULL, NULL),
(895, '2021-08-12 12:01:58.813044', '2021-08-12 12:01:58.813044', NULL, 0, 19, 56, 2, 5, NULL, 42, NULL, NULL),
(896, '2021-08-12 12:01:58.833644', '2021-08-12 12:01:58.833644', 2, NULL, 19, NULL, 2, 5, 190, 42, NULL, NULL),
(897, '2021-08-12 12:01:58.880444', '2021-08-12 12:01:58.880444', 0, NULL, 19, NULL, 2, 5, 126, 42, NULL, NULL),
(898, '2021-08-12 12:01:58.924645', '2021-08-12 12:01:58.924645', 1, NULL, 19, NULL, 2, 5, 135, 42, NULL, NULL),
(899, '2021-08-12 12:01:59.111449', '2021-08-12 12:01:59.111449', 1, NULL, 19, NULL, 2, 5, 118, 42, NULL, NULL),
(900, '2021-08-12 12:01:59.158249', '2021-08-12 12:01:59.158249', 1, NULL, 19, NULL, 2, 5, 200, 42, NULL, NULL),
(901, '2021-08-12 12:01:59.189449', '2021-08-12 12:01:59.189449', 1, NULL, 19, NULL, 2, 5, 187, 42, NULL, NULL),
(902, '2021-08-12 12:01:59.251849', '2021-08-12 12:01:59.251849', 1, NULL, 19, NULL, 2, 5, 184, 42, NULL, NULL),
(903, '2021-08-12 12:01:59.283049', '2021-08-12 12:01:59.283049', 1, NULL, 19, NULL, 2, 5, 82, 42, NULL, NULL),
(904, '2021-08-12 12:01:59.356450', '2021-08-12 12:01:59.356450', 44, NULL, 19, NULL, 2, 5, 257, 42, NULL, NULL),
(905, '2021-08-12 12:01:59.403250', '2021-08-12 12:01:59.403250', NULL, 700, 19, 37, 2, 5, NULL, 42, NULL, NULL),
(906, '2021-08-12 12:01:59.434450', '2021-08-12 12:01:59.434450', 25, NULL, 19, NULL, 2, 5, 104, 42, NULL, NULL),
(907, '2021-08-12 12:01:59.496850', '2021-08-12 12:01:59.496850', 32, NULL, 19, NULL, 2, 5, 102, 42, NULL, NULL),
(908, '2021-08-12 12:01:59.528050', '2021-08-12 12:01:59.528050', 20, NULL, 19, NULL, 2, 5, 107, 42, NULL, NULL),
(909, '2021-08-12 12:01:59.559250', '2021-08-12 12:01:59.559250', 60, NULL, 19, NULL, 2, 5, 105, 42, NULL, NULL),
(910, '2021-09-01 02:36:22.338540', '2021-09-01 02:36:22.338540', 1, NULL, 19, NULL, 2, 5, 122, 43, NULL, NULL),
(911, '2021-09-01 02:36:22.400940', '2021-09-01 02:36:22.400940', 1, NULL, 19, NULL, 2, 5, 116, 43, NULL, NULL),
(912, '2021-09-01 02:36:22.463340', '2021-09-01 02:36:22.463340', 1, NULL, 19, NULL, 2, 5, 162, 43, NULL, NULL),
(913, '2021-09-01 02:36:22.525740', '2021-09-01 02:36:22.525740', 0, NULL, 19, NULL, 2, 5, 160, 43, NULL, NULL),
(914, '2021-09-01 02:36:22.572540', '2021-09-01 02:36:22.572540', 1, NULL, 19, NULL, 2, 5, 128, 43, NULL, NULL),
(915, '2021-09-01 02:36:22.619340', '2021-09-01 02:36:22.619340', 1, NULL, 19, NULL, 2, 5, 124, 43, NULL, NULL),
(916, '2021-09-01 02:36:22.666140', '2021-09-01 02:36:22.666140', 1, NULL, 19, NULL, 2, 5, 133, 43, NULL, NULL),
(917, '2021-09-01 02:36:22.744140', '2021-09-01 02:36:22.744140', 1, NULL, 19, NULL, 2, 5, 139, 43, NULL, NULL),
(918, '2021-09-01 02:36:22.806541', '2021-09-01 02:36:22.806541', 1, NULL, 19, NULL, 2, 5, 141, 43, NULL, NULL),
(919, '2021-09-01 02:36:22.868941', '2021-09-01 02:36:22.868941', 1, NULL, 19, NULL, 2, 5, 149, 43, NULL, NULL);
INSERT INTO `product_app_item_balance_log` (`id`, `created_at`, `updated_at`, `quantity`, `size`, `client_id`, `commodity_id`, `created_by_id`, `division_id`, `product_id`, `shift_work_id`, `updated_by_id`, `user_id`) VALUES
(920, '2021-09-01 02:36:22.915741', '2021-09-01 02:36:22.915741', 1, NULL, 19, NULL, 2, 5, 131, 43, NULL, NULL),
(921, '2021-09-01 02:36:22.978141', '2021-09-01 02:36:22.978141', 0, NULL, 19, NULL, 2, 5, 129, 43, NULL, NULL),
(922, '2021-09-01 02:36:23.009341', '2021-09-01 02:36:23.009341', 1, NULL, 19, NULL, 2, 5, 145, 43, NULL, NULL),
(923, '2021-09-01 02:36:23.134141', '2021-09-01 02:36:23.134141', 0, NULL, 19, NULL, 2, 5, 108, 43, NULL, NULL),
(924, '2021-09-01 02:36:23.583744', '2021-09-01 02:36:23.583744', 1, NULL, 19, NULL, 2, 5, 110, 43, NULL, NULL),
(925, '2021-09-01 02:36:23.630544', '2021-09-01 02:36:23.630544', 1, NULL, 19, NULL, 2, 5, 112, 43, NULL, NULL),
(926, '2021-09-01 02:36:23.661744', '2021-09-01 02:36:23.661744', 18, NULL, 19, NULL, 2, 5, 86, 43, NULL, NULL),
(927, '2021-09-01 02:36:23.724145', '2021-09-01 02:36:23.724145', 4, NULL, 19, NULL, 2, 5, 84, 43, NULL, NULL),
(928, '2021-09-01 02:36:23.770945', '2021-09-01 02:36:23.770945', 33, NULL, 19, NULL, 2, 5, 88, 43, NULL, NULL),
(929, '2021-09-01 02:36:23.836345', '2021-09-01 02:36:23.836345', 0, NULL, 19, NULL, 2, 5, 193, 43, NULL, NULL),
(930, '2021-09-01 02:36:23.883145', '2021-09-01 02:36:23.883145', 53, NULL, 19, NULL, 2, 5, 85, 43, NULL, NULL),
(931, '2021-09-01 02:36:23.929945', '2021-09-01 02:36:23.929945', 0, NULL, 19, NULL, 2, 5, 87, 43, NULL, NULL),
(932, '2021-09-01 02:36:23.976745', '2021-09-01 02:36:23.976745', 4, NULL, 19, NULL, 2, 5, 81, 43, NULL, NULL),
(933, '2021-09-01 02:36:24.007945', '2021-09-01 02:36:24.007945', 0, NULL, 19, NULL, 2, 5, 89, 43, NULL, NULL),
(934, '2021-09-01 02:36:24.070345', '2021-09-01 02:36:24.070345', 82, NULL, 19, NULL, 2, 5, 101, 43, NULL, NULL),
(935, '2021-09-01 02:36:24.148345', '2021-09-01 02:36:24.148345', 1, NULL, 19, NULL, 2, 5, 103, 43, NULL, NULL),
(936, '2021-09-01 02:36:24.195146', '2021-09-01 02:36:24.195146', 7, NULL, 19, NULL, 2, 5, 227, 43, NULL, NULL),
(937, '2021-09-01 02:36:24.241946', '2021-09-01 02:36:24.241946', NULL, 650, 19, 5, 2, 5, NULL, 43, NULL, NULL),
(938, '2021-09-01 02:36:24.288746', '2021-09-01 02:36:24.288746', NULL, 480, 19, 4, 2, 5, NULL, 43, NULL, NULL),
(939, '2021-09-01 02:36:24.335546', '2021-09-01 02:36:24.335546', NULL, 470, 19, 19, 2, 5, NULL, 43, NULL, NULL),
(940, '2021-09-01 02:36:24.382346', '2021-09-01 02:36:24.382346', NULL, 450, 19, 29, 2, 5, NULL, 43, NULL, NULL),
(941, '2021-09-01 02:36:24.460346', '2021-09-01 02:36:24.460346', NULL, 760, 19, 20, 2, 5, NULL, 43, NULL, NULL),
(942, '2021-09-01 02:36:24.491546', '2021-09-01 02:36:24.491546', NULL, 750, 19, 24, 2, 5, NULL, 43, NULL, NULL),
(943, '2021-09-01 02:36:24.538346', '2021-09-01 02:36:24.538346', NULL, 120, 19, 38, 2, 5, NULL, 43, NULL, NULL),
(944, '2021-09-01 02:36:24.585146', '2021-09-01 02:36:24.585146', NULL, 800, 19, 30, 2, 5, NULL, 43, NULL, NULL),
(945, '2021-09-01 02:36:24.631946', '2021-09-01 02:36:24.631946', NULL, 0, 19, 21, 2, 5, NULL, 43, NULL, NULL),
(946, '2021-09-01 02:36:24.678746', '2021-09-01 02:36:24.678746', NULL, 150, 19, 27, 2, 5, NULL, 43, NULL, NULL),
(947, '2021-09-01 02:36:24.725546', '2021-09-01 02:36:24.725546', NULL, 250, 19, 28, 2, 5, NULL, 43, NULL, NULL),
(948, '2021-09-01 02:36:24.756747', '2021-09-01 02:36:24.756747', NULL, 300, 19, 25, 2, 5, NULL, 43, NULL, NULL),
(949, '2021-09-01 02:36:24.819147', '2021-09-01 02:36:24.819147', NULL, 700, 19, 31, 2, 5, NULL, 43, NULL, NULL),
(950, '2021-09-01 02:36:24.897147', '2021-09-01 02:36:24.897147', NULL, 650, 19, 10, 2, 5, NULL, 43, NULL, NULL),
(951, '2021-09-01 02:36:24.943947', '2021-09-01 02:36:24.943947', NULL, 540, 19, 13, 2, 5, NULL, 43, NULL, NULL),
(952, '2021-09-01 02:36:24.990747', '2021-09-01 02:36:24.990747', NULL, 400, 19, 15, 2, 5, NULL, 43, NULL, NULL),
(953, '2021-09-01 02:36:25.068747', '2021-09-01 02:36:25.068747', NULL, 50, 19, 16, 2, 5, NULL, 43, NULL, NULL),
(954, '2021-09-01 02:36:25.146747', '2021-09-01 02:36:25.146747', NULL, 800, 19, 18, 2, 5, NULL, 43, NULL, NULL),
(955, '2021-09-01 02:36:25.209147', '2021-09-01 02:36:25.209147', NULL, 650, 19, 26, 2, 5, NULL, 43, NULL, NULL),
(956, '2021-09-01 02:36:25.255947', '2021-09-01 02:36:25.255947', NULL, 645, 19, 42, 2, 5, NULL, 43, NULL, NULL),
(957, '2021-09-01 02:36:25.302747', '2021-09-01 02:36:25.302747', NULL, 250, 19, 1, 2, 5, NULL, 43, NULL, NULL),
(958, '2021-09-01 02:36:25.333948', '2021-09-01 02:36:25.333948', NULL, 100, 19, 3, 2, 5, NULL, 43, NULL, NULL),
(959, '2021-09-01 02:36:25.380748', '2021-09-01 02:36:25.380748', NULL, 600, 19, 32, 2, 5, NULL, 43, NULL, NULL),
(960, '2021-09-01 02:36:25.411948', '2021-09-01 02:36:25.411948', NULL, 1020, 19, 34, 2, 5, NULL, 43, NULL, NULL),
(961, '2021-09-01 02:36:25.458748', '2021-09-01 02:36:25.458748', NULL, 125, 19, 50, 2, 5, NULL, 43, NULL, NULL),
(962, '2021-09-01 02:36:25.489948', '2021-09-01 02:36:25.489948', NULL, 0, 19, 51, 2, 5, NULL, 43, NULL, NULL),
(963, '2021-09-01 02:36:25.536748', '2021-09-01 02:36:25.536748', 0, NULL, 19, NULL, 2, 5, 106, 43, NULL, NULL),
(964, '2021-09-01 02:36:25.583548', '2021-09-01 02:36:25.583548', NULL, 0, 19, 22, 2, 5, NULL, 43, NULL, NULL),
(965, '2021-09-01 02:36:25.614748', '2021-09-01 02:36:25.614748', 83, NULL, 19, NULL, 2, 5, 236, 43, NULL, NULL),
(966, '2021-09-01 02:36:25.661548', '2021-09-01 02:36:25.661548', 70, NULL, 19, NULL, 2, 5, 235, 43, NULL, NULL),
(967, '2021-09-01 02:36:25.708348', '2021-09-01 02:36:25.708348', NULL, 0, 19, 52, 2, 5, NULL, 43, NULL, NULL),
(968, '2021-09-01 02:36:25.755148', '2021-09-01 02:36:25.755148', NULL, 250, 19, 54, 2, 5, NULL, 43, NULL, NULL),
(969, '2021-09-01 02:36:25.786348', '2021-09-01 02:36:25.786348', NULL, 0, 19, 53, 2, 5, NULL, 43, NULL, NULL),
(970, '2021-09-01 02:36:25.833148', '2021-09-01 02:36:25.833148', NULL, 1500, 19, 55, 2, 5, NULL, 43, NULL, NULL),
(971, '2021-09-01 02:36:25.864348', '2021-09-01 02:36:25.864348', NULL, 0, 19, 56, 2, 5, NULL, 43, NULL, NULL),
(972, '2021-09-01 02:36:25.942349', '2021-09-01 02:36:25.942349', 2, NULL, 19, NULL, 2, 5, 190, 43, NULL, NULL),
(973, '2021-09-01 02:36:25.989149', '2021-09-01 02:36:25.989149', 0, NULL, 19, NULL, 2, 5, 126, 43, NULL, NULL),
(974, '2021-09-01 02:36:26.020349', '2021-09-01 02:36:26.020349', 1, NULL, 19, NULL, 2, 5, 135, 43, NULL, NULL),
(975, '2021-09-01 02:36:26.067149', '2021-09-01 02:36:26.067149', 1, NULL, 19, NULL, 2, 5, 118, 43, NULL, NULL),
(976, '2021-09-01 02:36:26.113949', '2021-09-01 02:36:26.113949', 1, NULL, 19, NULL, 2, 5, 200, 43, NULL, NULL),
(977, '2021-09-01 02:36:26.160749', '2021-09-01 02:36:26.160749', 1, NULL, 19, NULL, 2, 5, 187, 43, NULL, NULL),
(978, '2021-09-01 02:36:26.238749', '2021-09-01 02:36:26.238749', 1, NULL, 19, NULL, 2, 5, 184, 43, NULL, NULL),
(979, '2021-09-01 02:36:26.301149', '2021-09-01 02:36:26.301149', 1, NULL, 19, NULL, 2, 5, 82, 43, NULL, NULL),
(980, '2021-09-01 02:36:26.363549', '2021-09-01 02:36:26.363549', 44, NULL, 19, NULL, 2, 5, 257, 43, NULL, NULL),
(981, '2021-09-01 02:36:26.425949', '2021-09-01 02:36:26.425949', NULL, 700, 19, 37, 2, 5, NULL, 43, NULL, NULL),
(982, '2021-09-01 02:36:26.457150', '2021-09-01 02:36:26.457150', 25, NULL, 19, NULL, 2, 5, 104, 43, NULL, NULL),
(983, '2021-09-01 02:36:26.503950', '2021-09-01 02:36:26.503950', 5, NULL, 19, NULL, 2, 5, 102, 43, NULL, NULL),
(984, '2021-09-01 02:36:26.535150', '2021-09-01 02:36:26.535150', 20, NULL, 19, NULL, 2, 5, 107, 43, NULL, NULL),
(985, '2021-09-01 02:36:26.581950', '2021-09-01 02:36:26.581950', 60, NULL, 19, NULL, 2, 5, 105, 43, NULL, NULL);

-- --------------------------------------------------------

--
-- Table structure for table `product_app_item_transfer`
--

CREATE TABLE `product_app_item_transfer` (
  `id` int(11) NOT NULL,
  `created_at` datetime(6) DEFAULT NULL,
  `updated_at` datetime(6) DEFAULT NULL,
  `product_quantity` int(10) UNSIGNED DEFAULT NULL CHECK (`product_quantity` >= 0),
  `is_confirmed` tinyint(1) NOT NULL,
  `recieved_ebarimt` tinyint(1) NOT NULL,
  `comment` longtext COLLATE utf8_unicode_ci DEFAULT NULL,
  `unit_size` int(10) UNSIGNED DEFAULT NULL CHECK (`unit_size` >= 0),
  `unit_price` decimal(14,2) DEFAULT NULL,
  `total_amount` decimal(14,2) DEFAULT NULL,
  `quantity` int(10) UNSIGNED DEFAULT NULL CHECK (`quantity` >= 0),
  `size` int(10) UNSIGNED DEFAULT NULL CHECK (`size` >= 0),
  `budget_id` int(11) DEFAULT NULL,
  `commodity_id` int(11) DEFAULT NULL,
  `confirmed_by_id` int(11) DEFAULT NULL,
  `created_by_id` int(11) DEFAULT NULL,
  `fr_client_id` int(11) DEFAULT NULL,
  `fr_division_id` int(11) DEFAULT NULL,
  `fr_user_id` int(11) DEFAULT NULL,
  `item_transfer_type_id` int(11) NOT NULL,
  `order_detial_id` int(11) DEFAULT NULL,
  `product_id` int(11) DEFAULT NULL,
  `store_id` int(11) DEFAULT NULL,
  `to_client_id` int(11) DEFAULT NULL,
  `to_division_id` int(11) DEFAULT NULL,
  `to_product_id` int(11) DEFAULT NULL,
  `to_user_id` int(11) DEFAULT NULL,
  `updated_by_id` int(11) DEFAULT NULL
) ENGINE=InnoDB DEFAULT CHARSET=utf8 COLLATE=utf8_unicode_ci;

--
-- Dumping data for table `product_app_item_transfer`
--

INSERT INTO `product_app_item_transfer` (`id`, `created_at`, `updated_at`, `product_quantity`, `is_confirmed`, `recieved_ebarimt`, `comment`, `unit_size`, `unit_price`, `total_amount`, `quantity`, `size`, `budget_id`, `commodity_id`, `confirmed_by_id`, `created_by_id`, `fr_client_id`, `fr_division_id`, `fr_user_id`, `item_transfer_type_id`, `order_detial_id`, `product_id`, `store_id`, `to_client_id`, `to_division_id`, `to_product_id`, `to_user_id`, `updated_by_id`) VALUES
(1, '2021-07-24 11:56:28.018090', '2021-07-24 11:56:28.018090', NULL, 1, 0, NULL, NULL, '0.00', '0.00', 1, NULL, NULL, NULL, 2, 2, NULL, NULL, NULL, 1, NULL, 122, NULL, 19, 5, NULL, NULL, NULL),
(2, '2021-07-24 11:56:28.328091', '2021-07-24 11:56:28.328091', NULL, 1, 0, NULL, NULL, '0.00', '0.00', 1, NULL, NULL, NULL, 2, 2, NULL, NULL, NULL, 1, NULL, 116, NULL, 19, 5, NULL, NULL, NULL),
(3, '2021-07-24 11:56:28.662100', '2021-07-24 11:56:28.662100', NULL, 1, 0, NULL, NULL, '0.00', '0.00', 1, NULL, NULL, NULL, 2, 2, NULL, NULL, NULL, 1, NULL, 162, NULL, 19, 5, NULL, NULL, NULL),
(4, '2021-07-24 11:56:28.732101', '2021-07-24 11:56:28.732101', NULL, 1, 0, NULL, NULL, '0.00', '0.00', 1, NULL, NULL, NULL, 2, 2, NULL, NULL, NULL, 1, NULL, 160, NULL, 19, 5, NULL, NULL, NULL),
(5, '2021-07-24 11:56:28.852101', '2021-07-24 11:56:28.852101', NULL, 1, 0, NULL, NULL, '0.00', '0.00', 1, NULL, NULL, NULL, 2, 2, NULL, NULL, NULL, 1, NULL, 128, NULL, 19, 5, NULL, NULL, NULL),
(6, '2021-07-24 11:56:28.932101', '2021-07-24 11:56:28.932101', NULL, 1, 0, NULL, NULL, '0.00', '0.00', 1, NULL, NULL, NULL, 2, 2, NULL, NULL, NULL, 1, NULL, 124, NULL, 19, 5, NULL, NULL, NULL),
(7, '2021-07-24 11:56:29.083102', '2021-07-24 11:56:29.083102', NULL, 1, 0, NULL, NULL, '0.00', '0.00', 1, NULL, NULL, NULL, 2, 2, NULL, NULL, NULL, 1, NULL, 133, NULL, 19, 5, NULL, NULL, NULL),
(8, '2021-07-24 11:56:29.674104', '2021-07-24 11:56:29.674104', NULL, 1, 0, NULL, NULL, '0.00', '0.00', 1, NULL, NULL, NULL, 2, 2, NULL, NULL, NULL, 1, NULL, 139, NULL, 19, 5, NULL, NULL, NULL),
(9, '2021-07-24 11:56:29.754104', '2021-07-24 11:56:29.754104', NULL, 1, 0, NULL, NULL, '0.00', '0.00', 1, NULL, NULL, NULL, 2, 2, NULL, NULL, NULL, 1, NULL, 141, NULL, 19, 5, NULL, NULL, NULL),
(10, '2021-07-24 11:56:29.854104', '2021-07-24 11:56:29.854104', NULL, 1, 0, NULL, NULL, '0.00', '0.00', 1, NULL, NULL, NULL, 2, 2, NULL, NULL, NULL, 1, NULL, 149, NULL, 19, 5, NULL, NULL, NULL),
(11, '2021-07-24 11:56:29.914105', '2021-07-24 11:56:29.914105', NULL, 1, 0, NULL, NULL, '0.00', '0.00', 1, NULL, NULL, NULL, 2, 2, NULL, NULL, NULL, 1, NULL, 131, NULL, 19, 5, NULL, NULL, NULL),
(12, '2021-07-24 11:56:29.994105', '2021-07-24 11:56:29.994105', NULL, 1, 0, NULL, NULL, '0.00', '0.00', 1, NULL, NULL, NULL, 2, 2, NULL, NULL, NULL, 1, NULL, 129, NULL, 19, 5, NULL, NULL, NULL),
(13, '2021-07-24 11:56:30.304105', '2021-07-24 11:56:30.304105', NULL, 1, 0, NULL, NULL, '0.00', '0.00', 1, NULL, NULL, NULL, 2, 2, NULL, NULL, NULL, 1, NULL, 145, NULL, 19, 5, NULL, NULL, NULL),
(14, '2021-07-24 11:56:30.444105', '2021-07-24 11:56:30.444105', NULL, 1, 0, NULL, NULL, '0.00', '0.00', 3, NULL, NULL, NULL, 2, 2, NULL, NULL, NULL, 1, NULL, 108, NULL, 19, 5, NULL, NULL, NULL),
(15, '2021-07-24 11:56:30.514105', '2021-07-24 11:56:30.514105', NULL, 1, 0, NULL, NULL, '0.00', '0.00', 1, NULL, NULL, NULL, 2, 2, NULL, NULL, NULL, 1, NULL, 110, NULL, 19, 5, NULL, NULL, NULL),
(16, '2021-07-24 11:56:30.624106', '2021-07-24 11:56:30.624106', NULL, 1, 0, NULL, NULL, '0.00', '0.00', 1, NULL, NULL, NULL, 2, 2, NULL, NULL, NULL, 1, NULL, 112, NULL, 19, 5, NULL, NULL, NULL),
(17, '2021-07-24 11:56:30.704106', '2021-07-24 11:56:30.704106', NULL, 1, 0, NULL, NULL, '0.00', '0.00', 34, NULL, NULL, NULL, 2, 2, NULL, NULL, NULL, 1, NULL, 86, NULL, 19, 5, NULL, NULL, NULL),
(18, '2021-07-24 11:56:30.794106', '2021-07-24 11:56:30.794106', NULL, 1, 0, NULL, NULL, '0.00', '0.00', 13, NULL, NULL, NULL, 2, 2, NULL, NULL, NULL, 1, NULL, 84, NULL, 19, 5, NULL, NULL, NULL),
(19, '2021-07-24 11:56:30.854106', '2021-07-24 11:56:30.854106', NULL, 1, 0, NULL, NULL, '0.00', '0.00', 8, NULL, NULL, NULL, 2, 2, NULL, NULL, NULL, 1, NULL, 88, NULL, 19, 5, NULL, NULL, NULL),
(20, '2021-07-24 11:56:30.944106', '2021-07-24 11:56:30.944106', NULL, 1, 0, NULL, NULL, '0.00', '0.00', 18, NULL, NULL, NULL, 2, 2, NULL, NULL, NULL, 1, NULL, 193, NULL, 19, 5, NULL, NULL, NULL),
(21, '2021-07-24 11:56:31.054106', '2021-07-24 11:56:31.054106', NULL, 1, 0, NULL, NULL, '0.00', '0.00', 29, NULL, NULL, NULL, 2, 2, NULL, NULL, NULL, 1, NULL, 85, NULL, 19, 5, NULL, NULL, NULL),
(22, '2021-07-24 11:56:31.154106', '2021-07-24 11:56:31.154106', NULL, 1, 0, NULL, NULL, '0.00', '0.00', 3, NULL, NULL, NULL, 2, 2, NULL, NULL, NULL, 1, NULL, 87, NULL, 19, 5, NULL, NULL, NULL),
(23, '2021-07-24 11:56:31.244106', '2021-07-24 11:56:31.244106', NULL, 1, 0, NULL, NULL, '0.00', '0.00', 23, NULL, NULL, NULL, 2, 2, NULL, NULL, NULL, 1, NULL, 81, NULL, 19, 5, NULL, NULL, NULL),
(24, '2021-07-24 11:56:31.314106', '2021-07-24 11:56:31.314106', NULL, 1, 0, NULL, NULL, '0.00', '0.00', 0, NULL, NULL, NULL, 2, 2, NULL, NULL, NULL, 1, NULL, 89, NULL, 19, 5, NULL, NULL, NULL),
(25, '2021-07-24 11:57:41.670091', '2021-07-24 11:57:41.670091', NULL, 1, 0, NULL, NULL, '0.00', '0.00', 100, NULL, NULL, NULL, 2, 2, NULL, NULL, NULL, 1, NULL, 101, NULL, 19, 5, NULL, NULL, NULL),
(26, '2021-07-24 11:57:41.823100', '2021-07-24 11:57:41.823100', NULL, 1, 0, NULL, NULL, '0.00', '0.00', 26, NULL, NULL, NULL, 2, 2, NULL, NULL, NULL, 1, NULL, 103, NULL, 19, 5, NULL, NULL, NULL),
(27, '2021-07-24 12:05:28.495020', '2021-07-24 12:05:28.495020', NULL, 1, 0, NULL, NULL, '0.00', '0.00', 240, NULL, NULL, NULL, 2, 2, NULL, NULL, NULL, 1, NULL, 103, NULL, 16, 5, NULL, NULL, NULL),
(28, '2021-07-24 12:05:28.588620', '2021-07-24 12:05:28.588620', NULL, 1, 0, NULL, NULL, '0.00', '0.00', 240, NULL, NULL, NULL, 2, 2, NULL, NULL, NULL, 1, NULL, 101, NULL, 16, 5, NULL, NULL, NULL),
(29, '2021-07-24 12:05:28.963020', '2021-07-24 12:05:28.963020', NULL, 1, 0, NULL, NULL, '0.00', '0.00', 3, NULL, NULL, NULL, 2, 2, NULL, NULL, NULL, 1, NULL, 108, NULL, 16, 5, NULL, NULL, NULL),
(30, '2021-07-24 12:05:29.181421', '2021-07-24 12:05:29.181421', NULL, 1, 0, NULL, NULL, '0.00', '0.00', 48, NULL, NULL, NULL, 2, 2, NULL, NULL, NULL, 1, NULL, 84, NULL, 16, 5, NULL, NULL, NULL),
(31, '2021-07-24 12:05:29.259421', '2021-07-24 12:05:29.259421', NULL, 1, 0, NULL, NULL, '0.00', '0.00', 47, NULL, NULL, NULL, 2, 2, NULL, NULL, NULL, 1, NULL, 87, NULL, 16, 5, NULL, NULL, NULL),
(32, '2021-07-24 12:05:29.337421', '2021-07-24 12:05:29.337421', NULL, 1, 0, NULL, NULL, '0.00', '0.00', 16, NULL, NULL, NULL, 2, 2, NULL, NULL, NULL, 1, NULL, 88, NULL, 16, 5, NULL, NULL, NULL),
(33, '2021-07-24 12:05:29.446621', '2021-07-24 12:05:29.446621', NULL, 1, 0, NULL, NULL, '0.00', '0.00', 36, NULL, NULL, NULL, 2, 2, NULL, NULL, NULL, 1, NULL, 81, NULL, 16, 5, NULL, NULL, NULL),
(34, '2021-07-24 12:05:29.525621', '2021-07-24 12:05:29.525621', NULL, 1, 0, NULL, NULL, '0.00', '0.00', 3, NULL, NULL, NULL, 2, 2, NULL, NULL, NULL, 1, NULL, 124, NULL, 16, 5, NULL, NULL, NULL),
(35, '2021-07-24 12:05:29.619222', '2021-07-24 12:05:29.619222', NULL, 1, 0, NULL, NULL, '0.00', '0.00', 3, NULL, NULL, NULL, 2, 2, NULL, NULL, NULL, 1, NULL, 126, NULL, 16, 5, NULL, NULL, NULL),
(36, '2021-07-24 12:05:29.681622', '2021-07-24 12:05:29.681622', NULL, 1, 0, NULL, NULL, '0.00', '0.00', 3, NULL, NULL, NULL, 2, 2, NULL, NULL, NULL, 1, NULL, 160, NULL, 16, 5, NULL, NULL, NULL),
(37, '2021-07-24 12:05:29.761622', '2021-07-24 12:05:29.761622', NULL, 1, 0, NULL, NULL, '0.00', '0.00', 2, NULL, NULL, NULL, 2, 2, NULL, NULL, NULL, 1, NULL, 149, NULL, 16, 5, NULL, NULL, NULL),
(38, '2021-07-24 12:05:29.839622', '2021-07-24 12:05:29.839622', NULL, 1, 0, NULL, NULL, '0.00', '0.00', 3, NULL, NULL, NULL, 2, 2, NULL, NULL, NULL, 1, NULL, 133, NULL, 16, 5, NULL, NULL, NULL),
(39, '2021-07-24 12:05:29.968224', '2021-07-24 12:05:29.968224', NULL, 1, 0, NULL, NULL, '0.00', '0.00', 2, NULL, NULL, NULL, 2, 2, NULL, NULL, NULL, 1, NULL, 116, NULL, 16, 5, NULL, NULL, NULL),
(40, '2021-07-24 12:05:30.155425', '2021-07-24 12:05:30.155425', NULL, 1, 0, NULL, NULL, '0.00', '0.00', 12, NULL, NULL, NULL, 2, 2, NULL, NULL, NULL, 1, NULL, 82, NULL, 16, 5, NULL, NULL, NULL),
(41, '2021-07-24 12:05:30.249025', '2021-07-24 12:05:30.249025', NULL, 1, 0, NULL, NULL, '0.00', '0.00', 5, NULL, NULL, NULL, 2, 2, NULL, NULL, NULL, 1, NULL, 110, NULL, 16, 5, NULL, NULL, NULL),
(42, '2021-07-24 12:05:30.327025', '2021-07-24 12:05:30.327025', NULL, 1, 0, NULL, NULL, '0.00', '0.00', 2, NULL, NULL, NULL, 2, 2, NULL, NULL, NULL, 1, NULL, 112, NULL, 16, 5, NULL, NULL, NULL),
(43, '2021-07-24 12:06:05.543017', '2021-07-24 12:06:05.543017', NULL, 1, 0, NULL, NULL, '0.00', '0.00', 4, NULL, NULL, NULL, 2, 2, NULL, NULL, NULL, 1, NULL, 227, NULL, 19, 5, NULL, NULL, NULL),
(44, '2021-07-24 12:06:22.996150', '2021-07-24 12:06:22.996150', NULL, 1, 0, NULL, NULL, '0.00', '0.00', 14, NULL, NULL, NULL, 2, 2, NULL, NULL, NULL, 1, NULL, 227, NULL, 16, 5, NULL, NULL, NULL),
(45, '2021-07-24 12:20:22.421510', '2021-07-24 12:20:22.421510', NULL, 1, 0, NULL, NULL, '0.00', '0.00', NULL, 300, NULL, 5, 2, 2, NULL, NULL, NULL, 1, NULL, NULL, NULL, 19, 5, NULL, NULL, NULL),
(46, '2021-07-24 12:20:22.574713', '2021-07-24 12:20:22.574713', NULL, 1, 0, NULL, NULL, '0.00', '0.00', NULL, 800, NULL, 4, 2, 2, NULL, NULL, NULL, 1, NULL, NULL, NULL, 19, 5, NULL, NULL, NULL),
(47, '2021-07-24 12:20:22.692719', '2021-07-24 12:20:22.692719', NULL, 1, 0, NULL, NULL, '0.00', '0.00', NULL, 200, NULL, 19, 2, 2, NULL, NULL, NULL, 1, NULL, NULL, NULL, 19, 5, NULL, NULL, NULL),
(48, '2021-07-24 12:20:23.068741', '2021-07-24 12:20:23.068741', NULL, 1, 0, NULL, NULL, '0.00', '0.00', NULL, 700, NULL, 29, 2, 2, NULL, NULL, NULL, 1, NULL, NULL, NULL, 19, 5, NULL, NULL, NULL),
(49, '2021-07-24 12:20:23.404359', '2021-07-24 12:20:23.404359', NULL, 1, 0, NULL, NULL, '0.00', '0.00', NULL, 900, NULL, 20, 2, 2, NULL, NULL, NULL, 1, NULL, NULL, NULL, 19, 5, NULL, NULL, NULL),
(50, '2021-07-24 12:20:23.512965', '2021-07-24 12:20:23.512965', NULL, 1, 0, NULL, NULL, '0.00', '0.00', NULL, 50, NULL, 24, 2, 2, NULL, NULL, NULL, 1, NULL, NULL, NULL, 19, 5, NULL, NULL, NULL),
(51, '2021-07-24 12:20:23.606970', '2021-07-24 12:20:23.606970', NULL, 1, 0, NULL, NULL, '0.00', '0.00', NULL, 900, NULL, 38, 2, 2, NULL, NULL, NULL, 1, NULL, NULL, NULL, 19, 5, NULL, NULL, NULL),
(52, '2021-07-24 12:20:23.835181', '2021-07-24 12:20:23.835181', NULL, 1, 0, NULL, NULL, '0.00', '0.00', NULL, 800, NULL, 30, 2, 2, NULL, NULL, NULL, 1, NULL, NULL, NULL, 19, 5, NULL, NULL, NULL),
(53, '2021-07-24 12:20:24.711619', '2021-07-24 12:20:24.711619', NULL, 1, 0, NULL, NULL, '0.00', '0.00', NULL, 100, NULL, 21, 2, 2, NULL, NULL, NULL, 1, NULL, NULL, NULL, 19, 5, NULL, NULL, NULL),
(54, '2021-07-24 12:20:24.893220', '2021-07-24 12:20:24.893220', NULL, 1, 0, NULL, NULL, '0.00', '0.00', NULL, 200, NULL, 27, 2, 2, NULL, NULL, NULL, 1, NULL, NULL, NULL, 19, 5, NULL, NULL, NULL),
(55, '2021-07-24 12:20:25.029228', '2021-07-24 12:20:25.029228', NULL, 1, 0, NULL, NULL, '0.00', '0.00', NULL, 500, NULL, 28, 2, 2, NULL, NULL, NULL, 1, NULL, NULL, NULL, 19, 5, NULL, NULL, NULL),
(56, '2021-07-24 12:20:25.134031', '2021-07-24 12:20:25.134031', NULL, 1, 0, NULL, NULL, '0.00', '0.00', NULL, 1400, NULL, 25, 2, 2, NULL, NULL, NULL, 1, NULL, NULL, NULL, 19, 5, NULL, NULL, NULL),
(57, '2021-07-24 12:20:25.248835', '2021-07-24 12:20:25.248835', NULL, 1, 0, NULL, NULL, '0.00', '0.00', NULL, 700, NULL, 31, 2, 2, NULL, NULL, NULL, 1, NULL, NULL, NULL, 19, 5, NULL, NULL, NULL),
(58, '2021-07-24 12:20:25.373636', '2021-07-24 12:20:25.373636', NULL, 1, 0, NULL, NULL, '0.00', '0.00', NULL, 650, NULL, 10, 2, 2, NULL, NULL, NULL, 1, NULL, NULL, NULL, 19, 5, NULL, NULL, NULL),
(59, '2021-07-24 12:20:25.707236', '2021-07-24 12:20:25.707236', NULL, 1, 0, NULL, NULL, '0.00', '0.00', NULL, 1000, NULL, 13, 2, 2, NULL, NULL, NULL, 1, NULL, NULL, NULL, 19, 5, NULL, NULL, NULL),
(60, '2021-07-24 12:20:26.081637', '2021-07-24 12:20:26.081637', NULL, 1, 0, NULL, NULL, '0.00', '0.00', NULL, 400, NULL, 15, 2, 2, NULL, NULL, NULL, 1, NULL, NULL, NULL, 19, 5, NULL, NULL, NULL),
(61, '2021-07-24 12:20:26.202239', '2021-07-24 12:20:26.202239', NULL, 1, 0, NULL, NULL, '0.00', '0.00', NULL, 100, NULL, 16, 2, 2, NULL, NULL, NULL, 1, NULL, NULL, NULL, 19, 5, NULL, NULL, NULL),
(62, '2021-07-24 12:20:26.280239', '2021-07-24 12:20:26.280239', NULL, 1, 0, NULL, NULL, '0.00', '0.00', NULL, 200, NULL, 18, 2, 2, NULL, NULL, NULL, 1, NULL, NULL, NULL, 19, 5, NULL, NULL, NULL),
(63, '2021-07-24 12:20:26.389439', '2021-07-24 12:20:26.389439', NULL, 1, 0, NULL, NULL, '0.00', '0.00', NULL, 650, NULL, 26, 2, 2, NULL, NULL, NULL, 1, NULL, NULL, NULL, 19, 5, NULL, NULL, NULL),
(64, '2021-07-24 12:20:26.467439', '2021-07-24 12:20:26.467439', NULL, 1, 0, NULL, NULL, '0.00', '0.00', NULL, 750, NULL, 42, 2, 2, NULL, NULL, NULL, 1, NULL, NULL, NULL, 19, 5, NULL, NULL, NULL),
(65, '2021-07-24 12:20:26.561039', '2021-07-24 12:20:26.561039', NULL, 1, 0, NULL, NULL, '0.00', '0.00', NULL, 1000, NULL, 1, 2, 2, NULL, NULL, NULL, 1, NULL, NULL, NULL, 19, 5, NULL, NULL, NULL),
(66, '2021-07-24 12:20:26.639040', '2021-07-24 12:20:26.639040', NULL, 1, 0, NULL, NULL, '0.00', '0.00', NULL, 400, NULL, 3, 2, 2, NULL, NULL, NULL, 1, NULL, NULL, NULL, 19, 5, NULL, NULL, NULL),
(67, '2021-07-24 12:20:26.750244', '2021-07-24 12:20:26.750244', NULL, 1, 0, NULL, NULL, '0.00', '0.00', NULL, 600, NULL, 32, 2, 2, NULL, NULL, NULL, 1, NULL, NULL, NULL, 19, 5, NULL, NULL, NULL),
(68, '2021-07-24 12:20:26.976248', '2021-07-24 12:20:26.976248', NULL, 1, 0, NULL, NULL, '0.00', '0.00', NULL, 50, NULL, 34, 2, 2, NULL, NULL, NULL, 1, NULL, NULL, NULL, 19, 5, NULL, NULL, NULL),
(69, '2021-07-24 12:50:28.246316', '2021-07-24 12:50:28.246316', NULL, 1, 0, NULL, NULL, '0.00', '0.00', NULL, 500, NULL, 50, 2, 2, NULL, NULL, NULL, 1, NULL, NULL, NULL, 19, 5, NULL, NULL, NULL),
(70, '2021-07-24 12:50:28.807917', '2021-07-24 12:50:28.807917', NULL, 1, 0, NULL, NULL, '0.00', '0.00', NULL, 450, NULL, 51, 2, 2, NULL, NULL, NULL, 1, NULL, NULL, NULL, 19, 5, NULL, NULL, NULL),
(71, '2021-07-24 14:04:54.800925', '2021-07-24 14:04:54.800925', NULL, 0, 0, NULL, NULL, NULL, NULL, 2, NULL, NULL, NULL, NULL, 2, 19, 5, NULL, 3, 121, 103, NULL, NULL, NULL, NULL, NULL, NULL),
(72, '2021-07-24 14:05:34.260278', '2021-07-24 14:05:34.260278', NULL, 0, 0, NULL, NULL, NULL, NULL, 8, NULL, NULL, NULL, NULL, 2, 19, 5, NULL, 3, 122, 103, NULL, NULL, NULL, NULL, NULL, NULL),
(73, '2021-07-24 14:08:19.721170', '2021-07-24 14:08:19.721170', NULL, 0, 0, NULL, NULL, NULL, NULL, 1, NULL, NULL, NULL, NULL, 2, 19, 5, NULL, 3, 124, 84, NULL, NULL, NULL, NULL, NULL, NULL),
(74, '2021-07-24 14:09:35.484149', '2021-07-24 14:09:35.484149', NULL, 0, 0, NULL, NULL, NULL, NULL, 3, NULL, NULL, NULL, NULL, 2, 19, 5, NULL, 3, 126, 101, NULL, NULL, NULL, NULL, NULL, NULL),
(75, '2021-07-24 14:12:49.621961', '2021-07-24 14:12:49.621961', NULL, 0, 0, NULL, NULL, NULL, NULL, 5, NULL, NULL, NULL, NULL, 2, 19, 5, NULL, 3, 130, 101, NULL, NULL, NULL, NULL, NULL, NULL),
(76, '2021-07-24 14:16:03.261097', '2021-07-24 14:16:03.261097', NULL, 0, 0, NULL, NULL, NULL, NULL, 6, NULL, NULL, NULL, NULL, 2, 19, 5, NULL, 3, 133, 101, NULL, NULL, NULL, NULL, NULL, NULL),
(77, '2021-07-24 14:17:06.471244', '2021-07-24 14:17:06.471244', NULL, 0, 0, NULL, NULL, NULL, NULL, 1, NULL, NULL, NULL, NULL, 2, 19, 5, NULL, 3, 134, 84, NULL, NULL, NULL, NULL, NULL, NULL),
(78, '2021-07-24 14:17:27.441095', '2021-07-24 14:17:27.441095', NULL, 0, 0, NULL, NULL, NULL, NULL, 1, NULL, NULL, NULL, NULL, 2, 19, 5, NULL, 3, 135, 85, NULL, NULL, NULL, NULL, NULL, NULL),
(79, '2021-07-24 14:29:06.128512', '2021-07-24 14:29:06.128512', NULL, 1, 0, NULL, NULL, '0.00', '0.00', 1, NULL, NULL, NULL, 1, 1, NULL, NULL, NULL, 1, NULL, 84, NULL, 19, 5, NULL, NULL, NULL),
(80, '2021-07-25 05:24:02.312147', '2021-07-25 05:24:02.312147', NULL, 1, 0, NULL, NULL, NULL, NULL, 7, NULL, NULL, NULL, 2, 2, 16, 5, NULL, 2, NULL, 88, NULL, 15, 3, NULL, NULL, NULL),
(81, '2021-07-25 05:24:02.792148', '2021-07-25 05:24:02.792148', NULL, 1, 0, NULL, NULL, NULL, NULL, 12, NULL, NULL, NULL, 2, 2, 16, 5, NULL, 2, NULL, 81, NULL, 15, 3, NULL, NULL, NULL),
(82, '2021-07-25 05:26:37.819377', '2021-07-25 05:26:37.819377', NULL, 1, 0, NULL, NULL, NULL, NULL, 20, NULL, NULL, NULL, 2, 2, 16, 5, NULL, 2, NULL, 103, NULL, 19, 5, NULL, NULL, NULL),
(83, '2021-07-25 05:26:37.929377', '2021-07-25 05:26:37.929377', NULL, 1, 0, NULL, NULL, NULL, NULL, 36, NULL, NULL, NULL, 2, 2, 16, 5, NULL, 2, NULL, 101, NULL, 19, 5, NULL, NULL, NULL),
(84, '2021-07-25 05:26:38.079377', '2021-07-25 05:26:38.079377', NULL, 1, 0, NULL, NULL, NULL, NULL, 24, NULL, NULL, NULL, 2, 2, 16, 5, NULL, 2, NULL, 81, NULL, 19, 5, NULL, NULL, NULL),
(85, '2021-07-25 05:26:38.239378', '2021-07-25 05:26:38.239378', NULL, 1, 0, NULL, NULL, NULL, NULL, 24, NULL, NULL, NULL, 2, 2, 16, 5, NULL, 2, NULL, 84, NULL, 19, 5, NULL, NULL, NULL),
(86, '2021-07-25 05:32:29.598890', '2021-07-25 05:32:29.598890', NULL, 1, 0, NULL, NULL, '0.00', '0.00', NULL, 11000, NULL, 1, 2, 2, NULL, NULL, NULL, 1, NULL, NULL, NULL, 16, 5, NULL, NULL, NULL),
(87, '2021-07-25 05:32:29.831892', '2021-07-25 05:32:29.831892', NULL, 1, 0, NULL, NULL, '0.00', '0.00', NULL, 1000, NULL, 18, 2, 2, NULL, NULL, NULL, 1, NULL, NULL, NULL, 16, 5, NULL, NULL, NULL),
(88, '2021-07-25 05:32:30.270893', '2021-07-25 05:32:30.270893', NULL, 1, 0, NULL, NULL, '0.00', '0.00', NULL, 1000, NULL, 13, 2, 2, NULL, NULL, NULL, 1, NULL, NULL, NULL, 16, 5, NULL, NULL, NULL),
(89, '2021-07-25 05:32:30.560893', '2021-07-25 05:32:30.560893', NULL, 1, 0, NULL, NULL, '0.00', '0.00', NULL, 2000, NULL, 5, 2, 2, NULL, NULL, NULL, 1, NULL, NULL, NULL, 16, 5, NULL, NULL, NULL),
(90, '2021-07-25 05:32:30.650893', '2021-07-25 05:32:30.650893', NULL, 1, 0, NULL, NULL, '0.00', '0.00', NULL, 1000, NULL, 4, 2, 2, NULL, NULL, NULL, 1, NULL, NULL, NULL, 16, 5, NULL, NULL, NULL),
(91, '2021-07-25 05:32:49.420920', '2021-07-25 05:32:49.420920', NULL, 1, 0, NULL, NULL, NULL, NULL, NULL, 1000, NULL, 4, 2, 2, 16, 5, NULL, 2, NULL, NULL, NULL, 19, 5, NULL, NULL, NULL),
(92, '2021-07-25 14:00:42.645355', '2021-07-25 14:00:42.645355', NULL, 0, 0, NULL, NULL, NULL, NULL, 1, NULL, NULL, NULL, NULL, 2, 19, 5, NULL, 3, 137, 131, NULL, NULL, NULL, NULL, NULL, NULL),
(93, '2021-07-25 14:00:42.645355', '2021-07-25 14:00:42.645355', NULL, 0, 0, NULL, NULL, NULL, NULL, 3, NULL, NULL, NULL, NULL, 2, 19, 5, NULL, 3, 140, 84, NULL, NULL, NULL, NULL, NULL, NULL),
(94, '2021-07-25 14:00:42.660955', '2021-07-25 14:00:42.660955', NULL, 0, 0, NULL, NULL, NULL, NULL, 1, NULL, NULL, NULL, NULL, 2, 19, 5, NULL, 3, 138, 87, NULL, NULL, NULL, NULL, NULL, NULL),
(95, '2021-07-25 14:00:42.660955', '2021-07-25 14:00:42.660955', NULL, 0, 0, NULL, NULL, NULL, NULL, 1, NULL, NULL, NULL, NULL, 2, 19, 5, NULL, 3, 139, 88, NULL, NULL, NULL, NULL, NULL, NULL),
(96, '2021-07-26 04:41:57.339671', '2021-07-26 04:41:57.339671', NULL, 1, 0, NULL, NULL, '1650.00', '118800.00', 72, NULL, NULL, NULL, 2, 2, NULL, NULL, NULL, 1, NULL, 86, NULL, 16, 5, NULL, NULL, NULL),
(97, '2021-07-26 04:43:53.171874', '2021-07-26 04:43:53.171874', NULL, 1, 0, NULL, NULL, '1650.00', '277200.00', 168, NULL, NULL, NULL, 2, 2, NULL, NULL, NULL, 1, NULL, 84, NULL, 16, 5, NULL, NULL, NULL),
(98, '2021-07-26 04:43:53.281075', '2021-07-26 04:43:53.281075', NULL, 1, 0, NULL, NULL, '740.00', '62160.00', 84, NULL, NULL, NULL, 2, 2, NULL, NULL, NULL, 1, NULL, 81, NULL, 16, 5, NULL, NULL, NULL),
(99, '2021-07-26 05:24:51.463729', '2021-07-26 05:24:51.463729', NULL, 1, 0, NULL, NULL, NULL, NULL, 24, NULL, NULL, NULL, 2, 2, 16, 5, NULL, 2, NULL, 84, NULL, 19, 5, NULL, NULL, NULL),
(100, '2021-07-26 05:24:51.858751', '2021-07-26 05:24:51.858751', NULL, 1, 0, NULL, NULL, NULL, NULL, 12, NULL, NULL, NULL, 2, 2, 16, 5, NULL, 2, NULL, 81, NULL, 19, 5, NULL, NULL, NULL),
(101, '2021-07-26 05:53:31.363260', '2021-07-26 05:53:31.363260', NULL, 1, 0, NULL, NULL, '0.00', '0.00', 1, NULL, NULL, NULL, 1, 1, NULL, NULL, NULL, 1, NULL, 106, NULL, 19, 5, NULL, NULL, NULL),
(102, '2021-07-26 05:59:52.526355', '2021-07-26 05:59:52.526355', NULL, 1, 0, NULL, NULL, '0.00', '0.00', NULL, 450, NULL, 22, 1, 1, NULL, NULL, NULL, 1, NULL, NULL, NULL, 19, 5, NULL, NULL, NULL),
(103, '2021-07-26 09:49:45.771819', '2021-07-26 09:49:45.771819', NULL, 1, 0, NULL, NULL, NULL, NULL, 20, NULL, NULL, NULL, 2, 2, 16, 5, NULL, 2, NULL, 103, NULL, 19, 5, NULL, NULL, NULL),
(104, '2021-07-26 09:49:46.115019', '2021-07-26 09:49:46.115019', NULL, 1, 0, NULL, NULL, NULL, NULL, 12, NULL, NULL, NULL, 2, 2, 16, 5, NULL, 2, NULL, 101, NULL, 19, 5, NULL, NULL, NULL),
(105, '2021-07-26 10:05:06.056316', '2021-07-26 10:05:06.056316', NULL, 1, 0, NULL, NULL, NULL, NULL, 24, NULL, NULL, NULL, 2, 2, 16, 5, NULL, 2, NULL, 84, NULL, 17, 3, NULL, NULL, NULL),
(106, '2021-07-26 10:05:06.524316', '2021-07-26 10:05:06.524316', NULL, 1, 0, NULL, NULL, NULL, NULL, 12, NULL, NULL, NULL, 2, 2, 16, 5, NULL, 2, NULL, 81, NULL, 17, 3, NULL, NULL, NULL),
(107, '2021-07-26 12:51:39.626000', '2021-07-26 12:51:39.626000', NULL, 1, 0, NULL, NULL, '0.00', '0.00', 2, NULL, NULL, NULL, 2, 2, NULL, NULL, NULL, 1, NULL, 103, NULL, 19, 5, NULL, NULL, NULL),
(108, '2021-07-26 12:53:37.907408', '2021-07-26 12:53:37.907408', NULL, 0, 0, NULL, NULL, NULL, NULL, 1, NULL, NULL, NULL, NULL, 2, 19, 5, NULL, 3, 144, 85, NULL, NULL, NULL, NULL, NULL, NULL),
(109, '2021-07-26 13:09:22.774868', '2021-07-26 13:09:22.774868', NULL, 1, 0, NULL, NULL, '0.00', '0.00', 100, NULL, NULL, NULL, 2, 2, NULL, NULL, NULL, 1, NULL, 236, NULL, 19, 5, NULL, NULL, NULL),
(110, '2021-07-26 13:10:09.184949', '2021-07-26 13:10:09.184949', NULL, 1, 0, NULL, NULL, '0.00', '0.00', 19, NULL, NULL, NULL, 2, 2, NULL, NULL, NULL, 1, NULL, 235, NULL, 19, 5, NULL, NULL, NULL),
(111, '2021-07-26 13:11:52.693131', '2021-07-26 13:11:52.693131', NULL, 0, 0, NULL, NULL, NULL, NULL, 1, NULL, NULL, NULL, NULL, 2, 19, 5, NULL, 3, 149, 235, NULL, NULL, NULL, NULL, NULL, NULL),
(112, '2021-07-26 13:13:11.968871', '2021-07-26 13:13:11.968871', NULL, 0, 0, NULL, NULL, NULL, NULL, 1, NULL, NULL, NULL, NULL, 2, 19, 5, NULL, 3, 152, 85, NULL, NULL, NULL, NULL, NULL, NULL),
(113, '2021-07-26 13:16:32.273223', '2021-07-26 13:16:32.273223', NULL, 0, 0, NULL, NULL, NULL, NULL, 1, NULL, NULL, NULL, NULL, 2, 19, 5, NULL, 3, 155, 106, NULL, NULL, NULL, NULL, NULL, NULL),
(114, '2021-07-26 13:22:47.737683', '2021-07-26 13:22:47.737683', NULL, 0, 0, NULL, NULL, NULL, NULL, 1, NULL, NULL, NULL, NULL, 2, 19, 5, NULL, 3, 166, 103, NULL, NULL, NULL, NULL, NULL, NULL),
(115, '2021-07-26 13:34:01.278879', '2021-07-26 13:34:01.278879', 1, 0, 0, NULL, NULL, NULL, NULL, NULL, 50, NULL, 28, NULL, 2, 19, 5, NULL, 4, 171, NULL, NULL, NULL, NULL, 173, NULL, NULL),
(116, '2021-07-26 13:34:01.294479', '2021-07-26 13:34:01.294479', NULL, 0, 0, NULL, NULL, NULL, NULL, 2, NULL, NULL, NULL, NULL, 2, 19, 5, NULL, 3, 172, 103, NULL, NULL, NULL, NULL, NULL, NULL),
(117, '2021-07-26 13:51:07.009682', '2021-07-26 13:51:07.009682', NULL, 0, 0, NULL, NULL, NULL, NULL, 1, NULL, NULL, NULL, NULL, 2, 19, 5, NULL, 3, 175, 85, NULL, NULL, NULL, NULL, NULL, NULL),
(118, '2021-07-26 13:51:07.009682', '2021-07-26 13:51:07.009682', NULL, 0, 0, NULL, NULL, NULL, NULL, 1, NULL, NULL, NULL, NULL, 2, 19, 5, NULL, 3, 178, 235, NULL, NULL, NULL, NULL, NULL, NULL),
(119, '2021-07-26 14:10:08.485015', '2021-07-26 14:10:08.485015', NULL, 0, 0, NULL, NULL, NULL, NULL, 2, NULL, NULL, NULL, NULL, 2, 19, 5, NULL, 3, 186, 81, NULL, NULL, NULL, NULL, NULL, NULL),
(120, '2021-07-26 14:13:10.514419', '2021-07-26 14:13:10.514419', NULL, 0, 0, NULL, NULL, NULL, NULL, 4, NULL, NULL, NULL, NULL, 2, 19, 5, NULL, 3, 188, 235, NULL, NULL, NULL, NULL, NULL, NULL),
(121, '2021-07-26 14:16:20.681753', '2021-07-26 14:16:20.681753', NULL, 0, 0, NULL, NULL, NULL, NULL, 1, NULL, NULL, NULL, NULL, 2, 19, 5, NULL, 3, 190, 81, NULL, NULL, NULL, NULL, NULL, NULL),
(122, '2021-07-26 14:22:24.038991', '2021-07-26 14:22:24.038991', NULL, 0, 0, NULL, NULL, NULL, NULL, 1, NULL, NULL, NULL, NULL, 2, 19, 5, NULL, 3, 199, 81, NULL, NULL, NULL, NULL, NULL, NULL),
(123, '2021-07-26 14:22:24.063993', '2021-07-26 14:22:24.063993', NULL, 0, 0, NULL, NULL, NULL, NULL, 1, NULL, NULL, NULL, NULL, 2, 19, 5, NULL, 3, 200, 101, NULL, NULL, NULL, NULL, NULL, NULL),
(124, '2021-07-26 14:22:52.961646', '2021-07-26 14:22:52.961646', NULL, 0, 0, NULL, NULL, NULL, NULL, 2, NULL, NULL, NULL, NULL, 2, 19, 5, NULL, 3, 203, 103, NULL, NULL, NULL, NULL, NULL, NULL),
(125, '2021-07-26 14:24:09.324331', '2021-07-26 14:24:09.324331', NULL, 0, 0, NULL, NULL, NULL, NULL, 3, NULL, NULL, NULL, NULL, 2, 19, 5, NULL, 3, 204, 103, NULL, NULL, NULL, NULL, NULL, NULL),
(126, '2021-07-26 14:28:01.423539', '2021-07-26 14:28:01.423539', NULL, 0, 0, NULL, NULL, NULL, NULL, 2, NULL, NULL, NULL, NULL, 2, 19, 5, NULL, 3, 205, 101, NULL, NULL, NULL, NULL, NULL, NULL),
(127, '2021-07-27 05:33:01.438548', '2021-07-27 05:33:01.438548', NULL, 1, 0, NULL, NULL, NULL, NULL, 12, NULL, NULL, NULL, 2, 2, 16, 5, NULL, 2, NULL, 81, NULL, 17, 3, NULL, NULL, NULL),
(128, '2021-07-27 05:52:55.096822', '2021-07-27 05:52:55.097822', NULL, 1, 0, NULL, NULL, '0.00', '0.00', NULL, 250, NULL, 52, 1, 1, NULL, NULL, NULL, 1, NULL, NULL, NULL, 19, 5, NULL, NULL, NULL),
(129, '2021-07-27 05:52:55.405840', '2021-07-27 05:52:55.405840', NULL, 1, 0, NULL, NULL, '0.00', '0.00', NULL, 250, NULL, 54, 1, 1, NULL, NULL, NULL, 1, NULL, NULL, NULL, 19, 5, NULL, NULL, NULL),
(130, '2021-07-27 05:52:55.505845', '2021-07-27 05:52:55.505845', NULL, 1, 0, NULL, NULL, '0.00', '0.00', NULL, 1000, NULL, 53, 1, 1, NULL, NULL, NULL, 1, NULL, NULL, NULL, 19, 5, NULL, NULL, NULL),
(131, '2021-07-27 05:52:55.598851', '2021-07-27 05:52:55.598851', NULL, 1, 0, NULL, NULL, '0.00', '0.00', NULL, 2000, NULL, 55, 1, 1, NULL, NULL, NULL, 1, NULL, NULL, NULL, 19, 5, NULL, NULL, NULL),
(132, '2021-07-27 05:52:55.681855', '2021-07-27 05:52:55.681855', NULL, 1, 0, NULL, NULL, '0.00', '0.00', NULL, 500, NULL, 56, 1, 1, NULL, NULL, NULL, 1, NULL, NULL, NULL, 19, 5, NULL, NULL, NULL),
(133, '2021-07-27 05:53:17.688114', '2021-07-27 05:53:17.688114', NULL, 0, 0, NULL, NULL, NULL, NULL, 2, NULL, NULL, NULL, NULL, 6, 19, 5, NULL, 3, 210, 85, NULL, NULL, NULL, NULL, NULL, NULL),
(134, '2021-07-27 05:59:03.287881', '2021-07-27 05:59:03.288881', 1, 0, 0, NULL, NULL, NULL, NULL, NULL, 250, NULL, 53, NULL, 6, 19, 5, NULL, 4, 211, NULL, NULL, NULL, NULL, 240, NULL, NULL),
(135, '2021-07-27 06:01:26.292061', '2021-07-27 06:01:26.292061', NULL, 0, 0, NULL, NULL, NULL, NULL, 1, NULL, NULL, NULL, NULL, 6, 19, 5, NULL, 3, 215, 86, NULL, NULL, NULL, NULL, NULL, NULL),
(136, '2021-07-27 06:01:26.302061', '2021-07-27 06:01:26.302061', NULL, 0, 0, NULL, NULL, NULL, NULL, 1, NULL, NULL, NULL, NULL, 6, 19, 5, NULL, 3, 214, 84, NULL, NULL, NULL, NULL, NULL, NULL),
(137, '2021-07-27 06:11:56.516107', '2021-07-27 06:11:56.516107', 1, 0, 0, NULL, NULL, NULL, NULL, NULL, 250, NULL, 55, NULL, 6, 19, 5, NULL, 4, 222, NULL, NULL, NULL, NULL, 242, NULL, NULL),
(138, '2021-07-27 06:11:56.836126', '2021-07-27 06:11:56.836126', NULL, 0, 0, NULL, NULL, NULL, NULL, 1, NULL, NULL, NULL, NULL, 6, 19, 5, NULL, 3, 227, 84, NULL, NULL, NULL, NULL, NULL, NULL),
(139, '2021-07-27 07:23:49.184120', '2021-07-27 07:23:49.184120', NULL, 0, 0, NULL, NULL, NULL, NULL, 1, NULL, NULL, NULL, NULL, 6, 19, 5, NULL, 3, 234, 235, NULL, NULL, NULL, NULL, NULL, NULL),
(140, '2021-07-27 08:13:32.288358', '2021-07-27 08:13:32.288358', NULL, 0, 0, NULL, NULL, NULL, NULL, 2, NULL, NULL, NULL, NULL, 2, 19, 5, NULL, 3, 238, 193, NULL, NULL, NULL, NULL, NULL, NULL),
(141, '2021-07-27 08:49:17.434540', '2021-07-27 08:49:17.434540', NULL, 0, 0, NULL, NULL, NULL, NULL, 1, NULL, NULL, NULL, NULL, 6, 19, 5, NULL, 3, 241, 235, NULL, NULL, NULL, NULL, NULL, NULL),
(142, '2021-07-27 09:44:43.631649', '2021-07-27 09:44:43.631649', NULL, 0, 0, NULL, NULL, NULL, NULL, 1, NULL, NULL, NULL, NULL, 6, 19, 5, NULL, 3, 242, 236, NULL, NULL, NULL, NULL, NULL, NULL),
(143, '2021-07-27 13:48:45.628434', '2021-07-27 13:48:45.628434', NULL, 0, 0, NULL, NULL, NULL, NULL, 4, NULL, NULL, NULL, NULL, 2, 19, 5, NULL, 3, 245, 103, NULL, NULL, NULL, NULL, NULL, NULL),
(144, '2021-07-27 13:56:35.723660', '2021-07-27 13:56:35.723660', 1, 0, 0, NULL, NULL, NULL, NULL, NULL, 60, NULL, 22, NULL, 2, 19, 5, NULL, 4, 257, NULL, NULL, NULL, NULL, 220, NULL, NULL),
(145, '2021-07-27 13:56:35.848460', '2021-07-27 13:56:35.848460', 2, 0, 0, NULL, NULL, NULL, NULL, NULL, 40, NULL, 24, NULL, 2, 19, 5, NULL, 4, 261, NULL, NULL, NULL, NULL, 211, NULL, NULL),
(146, '2021-07-27 13:56:35.848460', '2021-07-27 13:56:35.848460', 1, 0, 0, NULL, NULL, NULL, NULL, NULL, 60, NULL, 20, NULL, 2, 19, 5, NULL, 4, 260, NULL, NULL, NULL, NULL, 221, NULL, NULL),
(147, '2021-07-27 13:56:35.848460', '2021-07-27 13:56:35.848460', 1, 0, 0, NULL, NULL, NULL, NULL, NULL, 50, NULL, 4, NULL, 2, 19, 5, NULL, 4, 262, NULL, NULL, NULL, NULL, 217, NULL, NULL),
(148, '2021-07-27 13:56:36.098060', '2021-07-27 13:56:36.098060', 1, 0, 0, NULL, NULL, NULL, NULL, NULL, 15, NULL, 42, NULL, 2, 19, 5, NULL, 4, 257, NULL, NULL, NULL, NULL, 220, NULL, NULL),
(149, '2021-07-27 13:56:36.176060', '2021-07-27 13:56:36.176060', 1, 0, 0, NULL, NULL, NULL, NULL, NULL, 15, NULL, 42, NULL, 2, 19, 5, NULL, 4, 260, NULL, NULL, NULL, NULL, 221, NULL, NULL),
(150, '2021-07-27 13:56:36.269661', '2021-07-27 13:56:36.269661', 2, 0, 0, NULL, NULL, NULL, NULL, NULL, 40, NULL, 25, NULL, 2, 19, 5, NULL, 4, 261, NULL, NULL, NULL, NULL, 211, NULL, NULL),
(151, '2021-07-27 13:56:36.269661', '2021-07-27 13:56:36.269661', 1, 0, 0, NULL, NULL, NULL, NULL, NULL, 15, NULL, 42, NULL, 2, 19, 5, NULL, 4, 262, NULL, NULL, NULL, NULL, 217, NULL, NULL),
(152, '2021-07-27 13:56:36.378861', '2021-07-27 13:56:36.378861', 1, 0, 0, NULL, NULL, NULL, NULL, NULL, 20, NULL, 38, NULL, 2, 19, 5, NULL, 4, 257, NULL, NULL, NULL, NULL, 220, NULL, NULL),
(153, '2021-07-27 13:56:36.488061', '2021-07-27 13:56:36.488061', 2, 0, 0, NULL, NULL, NULL, NULL, NULL, 40, NULL, 38, NULL, 2, 19, 5, NULL, 4, 261, NULL, NULL, NULL, NULL, 211, NULL, NULL),
(154, '2021-07-27 13:56:36.846862', '2021-07-27 13:56:36.846862', 1, 0, 0, NULL, NULL, NULL, NULL, 1, NULL, NULL, NULL, NULL, 2, 19, 5, NULL, 4, 262, 86, NULL, NULL, NULL, 217, NULL, NULL),
(155, '2021-07-27 13:57:31.571758', '2021-07-27 13:57:31.571758', NULL, 0, 0, NULL, NULL, NULL, NULL, 2, NULL, NULL, NULL, NULL, 2, 19, 5, NULL, 3, 263, 101, NULL, NULL, NULL, NULL, NULL, NULL),
(156, '2021-07-27 13:58:46.311489', '2021-07-27 13:58:46.311489', 1, 0, 0, NULL, NULL, NULL, NULL, NULL, 60, NULL, 20, NULL, 2, 19, 5, NULL, 4, 267, NULL, NULL, NULL, NULL, 221, NULL, NULL),
(157, '2021-07-27 13:58:46.342689', '2021-07-27 13:58:46.342689', 1, 0, 0, NULL, NULL, NULL, NULL, NULL, 60, NULL, 19, NULL, 2, 19, 5, NULL, 4, 269, NULL, NULL, NULL, NULL, 205, NULL, NULL),
(158, '2021-07-27 13:58:46.467489', '2021-07-27 13:58:46.467489', 1, 0, 0, NULL, NULL, NULL, NULL, NULL, 15, NULL, 42, NULL, 2, 19, 5, NULL, 4, 267, NULL, NULL, NULL, NULL, 221, NULL, NULL),
(159, '2021-07-27 13:58:46.483089', '2021-07-27 13:58:46.483089', 1, 0, 0, NULL, NULL, NULL, NULL, NULL, 15, NULL, 42, NULL, 2, 19, 5, NULL, 4, 269, NULL, NULL, NULL, NULL, 205, NULL, NULL),
(160, '2021-07-27 13:58:47.419091', '2021-07-27 13:58:47.419091', 1, 0, 0, NULL, NULL, NULL, NULL, 1, NULL, NULL, NULL, NULL, 2, 19, 5, NULL, 4, 269, 87, NULL, NULL, NULL, 205, NULL, NULL),
(161, '2021-07-27 13:59:34.250373', '2021-07-27 13:59:34.250373', NULL, 0, 0, NULL, NULL, NULL, NULL, 2, NULL, NULL, NULL, NULL, 2, 19, 5, NULL, 3, 272, 101, NULL, NULL, NULL, NULL, NULL, NULL),
(162, '2021-07-27 14:00:32.500876', '2021-07-27 14:00:32.500876', 1, 0, 0, NULL, NULL, NULL, NULL, NULL, 60, NULL, 19, NULL, 2, 19, 5, NULL, 4, 274, NULL, NULL, NULL, NULL, 205, NULL, NULL),
(163, '2021-07-27 14:00:32.875276', '2021-07-27 14:00:32.875276', 1, 0, 0, NULL, NULL, NULL, NULL, NULL, 15, NULL, 42, NULL, 2, 19, 5, NULL, 4, 274, NULL, NULL, NULL, NULL, 205, NULL, NULL),
(164, '2021-07-27 14:00:32.937676', '2021-07-27 14:00:32.937676', 1, 0, 0, NULL, NULL, NULL, NULL, 1, NULL, NULL, NULL, NULL, 2, 19, 5, NULL, 4, 274, 87, NULL, NULL, NULL, 205, NULL, NULL),
(165, '2021-07-27 14:02:13.651453', '2021-07-27 14:02:13.651453', NULL, 0, 0, NULL, NULL, NULL, NULL, 1, NULL, NULL, NULL, NULL, 2, 19, 5, NULL, 3, 280, 84, NULL, NULL, NULL, NULL, NULL, NULL),
(166, '2021-07-27 14:02:13.651453', '2021-07-27 14:02:13.651453', NULL, 0, 0, NULL, NULL, NULL, NULL, 1, NULL, NULL, NULL, NULL, 2, 19, 5, NULL, 3, 278, 103, NULL, NULL, NULL, NULL, NULL, NULL),
(167, '2021-07-27 14:02:14.509455', '2021-07-27 14:02:14.509455', NULL, 0, 0, NULL, NULL, NULL, NULL, 1, NULL, NULL, NULL, NULL, 2, 19, 5, NULL, 3, 284, 101, NULL, NULL, NULL, NULL, NULL, NULL),
(168, '2021-07-27 14:02:14.556255', '2021-07-27 14:02:14.556255', NULL, 0, 0, NULL, NULL, NULL, NULL, 4, NULL, NULL, NULL, NULL, 2, 19, 5, NULL, 3, 283, 235, NULL, NULL, NULL, NULL, NULL, NULL),
(169, '2021-07-27 14:02:14.571855', '2021-07-27 14:02:14.571855', NULL, 0, 0, NULL, NULL, NULL, NULL, 3, NULL, NULL, NULL, NULL, 2, 19, 5, NULL, 3, 282, 81, NULL, NULL, NULL, NULL, NULL, NULL),
(170, '2021-07-27 14:09:27.034714', '2021-07-27 14:09:27.034714', NULL, 0, 0, NULL, NULL, NULL, NULL, 3, NULL, NULL, NULL, NULL, 2, 19, 5, NULL, 3, 285, 101, NULL, NULL, NULL, NULL, NULL, NULL),
(171, '2021-07-27 14:09:27.041715', '2021-07-27 14:09:27.041715', NULL, 0, 0, NULL, NULL, NULL, NULL, 1, NULL, NULL, NULL, NULL, 2, 19, 5, NULL, 3, 289, 235, NULL, NULL, NULL, NULL, NULL, NULL),
(172, '2021-07-27 14:09:27.057716', '2021-07-27 14:09:27.057716', 2, 0, 0, NULL, NULL, NULL, NULL, NULL, 100, NULL, 21, NULL, 2, 19, 5, NULL, 4, 290, NULL, NULL, NULL, NULL, 159, NULL, NULL),
(173, '2021-07-27 14:25:23.611233', '2021-07-27 14:25:23.611233', NULL, 1, 0, NULL, NULL, '0.00', '0.00', 1, NULL, NULL, NULL, 1, 1, NULL, NULL, NULL, 1, NULL, 190, NULL, 19, 5, NULL, NULL, NULL),
(174, '2021-07-28 03:29:03.486021', '2021-07-28 03:29:03.486021', NULL, 1, 0, NULL, NULL, NULL, NULL, 20, NULL, NULL, NULL, 2, 2, 16, 5, NULL, 2, NULL, 101, NULL, 19, 5, NULL, NULL, NULL),
(175, '2021-07-28 03:29:03.798021', '2021-07-28 03:29:03.798021', NULL, 1, 0, NULL, NULL, NULL, NULL, 24, NULL, NULL, NULL, 2, 2, 16, 5, NULL, 2, NULL, 84, NULL, 19, 5, NULL, NULL, NULL),
(176, '2021-07-28 03:29:03.969622', '2021-07-28 03:29:03.969622', NULL, 1, 0, NULL, NULL, NULL, NULL, 24, NULL, NULL, NULL, 2, 2, 16, 5, NULL, 2, NULL, 86, NULL, 19, 5, NULL, NULL, NULL),
(177, '2021-07-28 03:29:04.094422', '2021-07-28 03:29:04.110022', NULL, 1, 0, NULL, NULL, NULL, NULL, 22, NULL, NULL, NULL, 2, 2, 16, 5, NULL, 2, NULL, 87, NULL, 19, 5, NULL, NULL, NULL),
(178, '2021-07-28 03:29:04.453222', '2021-07-28 03:29:04.453222', NULL, 1, 0, NULL, NULL, NULL, NULL, 1, NULL, NULL, NULL, 2, 2, 16, 5, NULL, 2, NULL, 110, NULL, 19, 5, NULL, NULL, NULL),
(179, '2021-07-28 03:29:04.609223', '2021-07-28 03:29:04.609223', NULL, 1, 0, NULL, NULL, NULL, NULL, 20, NULL, NULL, NULL, 2, 2, 16, 5, NULL, 2, NULL, 103, NULL, 19, 5, NULL, NULL, NULL),
(180, '2021-07-28 03:29:04.702823', '2021-07-28 03:29:04.702823', NULL, 1, 0, NULL, NULL, NULL, NULL, 9, NULL, NULL, NULL, 2, 2, 16, 5, NULL, 2, NULL, 88, NULL, 19, 5, NULL, NULL, NULL),
(181, '2021-07-28 03:29:51.144105', '2021-07-28 03:29:51.144105', NULL, 1, 0, NULL, NULL, '0.00', '0.00', NULL, 2, NULL, 52, 2, 2, NULL, NULL, NULL, 1, NULL, NULL, NULL, 16, 5, NULL, NULL, NULL),
(182, '2021-07-28 03:30:58.833623', '2021-07-28 03:30:58.833623', NULL, 1, 0, NULL, NULL, '0.00', '0.00', NULL, 1998, NULL, 52, 2, 2, NULL, NULL, NULL, 1, NULL, NULL, NULL, 16, 5, NULL, NULL, NULL),
(183, '2021-07-28 03:30:58.927224', '2021-07-28 03:30:58.927224', NULL, 1, 0, NULL, NULL, '0.00', '0.00', NULL, 1500, NULL, 55, 2, 2, NULL, NULL, NULL, 1, NULL, NULL, NULL, 16, 5, NULL, NULL, NULL),
(184, '2021-07-28 03:31:15.837653', '2021-07-28 03:31:15.837653', NULL, 1, 0, NULL, NULL, NULL, NULL, NULL, 1000, NULL, 52, 2, 2, 16, 5, NULL, 2, NULL, NULL, NULL, 19, 5, NULL, NULL, NULL),
(185, '2021-07-28 03:32:28.011984', '2021-07-28 03:32:28.011984', NULL, 1, 0, NULL, NULL, '0.00', '0.00', 1, NULL, NULL, NULL, 2, 2, NULL, NULL, NULL, 1, NULL, 101, NULL, 19, 5, NULL, NULL, NULL),
(186, '2021-07-28 03:32:28.136784', '2021-07-28 03:32:28.136784', NULL, 1, 0, NULL, NULL, '0.00', '0.00', 1, NULL, NULL, NULL, 2, 2, NULL, NULL, NULL, 1, NULL, 87, NULL, 19, 5, NULL, NULL, NULL),
(187, '2021-07-28 05:34:07.881053', '2021-07-28 05:34:07.881053', NULL, 0, 0, NULL, NULL, NULL, NULL, 3, NULL, NULL, NULL, NULL, 8, 19, 5, NULL, 3, 291, 86, NULL, NULL, NULL, NULL, NULL, NULL),
(188, '2021-07-28 05:59:40.155992', '2021-07-28 05:59:40.155992', NULL, 0, 0, NULL, NULL, NULL, NULL, 3, NULL, NULL, NULL, NULL, 7, 19, 5, NULL, 3, 299, 101, NULL, NULL, NULL, NULL, NULL, NULL),
(189, '2021-07-28 06:18:48.464810', '2021-07-28 06:18:48.464810', NULL, 0, 0, NULL, NULL, NULL, NULL, 2, NULL, NULL, NULL, NULL, 7, 19, 5, NULL, 3, 304, 235, NULL, NULL, NULL, NULL, NULL, NULL),
(190, '2021-07-28 08:38:39.574280', '2021-07-28 08:38:39.574280', NULL, 0, 0, NULL, NULL, NULL, NULL, 1, NULL, NULL, NULL, NULL, 6, 19, 5, NULL, 3, 312, 235, NULL, NULL, NULL, NULL, NULL, NULL),
(191, '2021-07-28 09:25:41.156046', '2021-07-28 09:25:41.156046', NULL, 0, 0, NULL, NULL, NULL, NULL, 1, NULL, NULL, NULL, NULL, 6, 19, 5, NULL, 3, 315, 86, NULL, NULL, NULL, NULL, NULL, NULL),
(192, '2021-07-28 09:30:35.293968', '2021-07-28 09:30:35.293968', NULL, 1, 0, NULL, NULL, '0.00', '0.00', 1, NULL, NULL, NULL, 1, 1, NULL, NULL, NULL, 1, NULL, 131, NULL, 19, 5, NULL, NULL, NULL),
(193, '2021-07-28 11:00:11.573422', '2021-07-28 11:00:11.573422', NULL, 0, 0, NULL, NULL, NULL, NULL, 1, NULL, NULL, NULL, NULL, 6, 19, 5, NULL, 3, 323, 129, NULL, NULL, NULL, NULL, NULL, NULL),
(194, '2021-07-28 11:00:11.979023', '2021-07-28 11:00:11.979023', NULL, 0, 0, NULL, NULL, NULL, NULL, 4, NULL, NULL, NULL, NULL, 6, 19, 5, NULL, 3, 324, 84, NULL, NULL, NULL, NULL, NULL, NULL),
(195, '2021-07-28 13:55:42.472558', '2021-07-28 13:55:42.472558', NULL, 0, 0, NULL, NULL, NULL, NULL, 1, NULL, NULL, NULL, NULL, 2, 19, 5, NULL, 3, 332, 81, NULL, NULL, NULL, NULL, NULL, NULL),
(196, '2021-07-28 13:57:18.319126', '2021-07-28 13:57:18.319126', NULL, 0, 0, NULL, NULL, NULL, NULL, 1, NULL, NULL, NULL, NULL, 2, 19, 5, NULL, 3, 335, 84, NULL, NULL, NULL, NULL, NULL, NULL),
(197, '2021-07-28 13:57:18.365926', '2021-07-28 13:57:18.365926', NULL, 0, 0, NULL, NULL, NULL, NULL, 1, NULL, NULL, NULL, NULL, 2, 19, 5, NULL, 3, 336, 235, NULL, NULL, NULL, NULL, NULL, NULL),
(198, '2021-07-28 13:58:37.021265', '2021-07-28 13:58:37.021265', NULL, 0, 0, NULL, NULL, NULL, NULL, 2, NULL, NULL, NULL, NULL, 2, 19, 5, NULL, 3, 342, 235, NULL, NULL, NULL, NULL, NULL, NULL),
(199, '2021-07-28 13:58:37.099265', '2021-07-28 13:58:37.099265', 1, 0, 0, NULL, NULL, NULL, NULL, NULL, 250, NULL, 56, NULL, 2, 19, 5, NULL, 4, 343, NULL, NULL, NULL, NULL, 89, NULL, NULL),
(200, '2021-07-28 14:02:43.286698', '2021-07-28 14:02:43.286698', NULL, 1, 0, NULL, NULL, '0.00', '0.00', 10, NULL, NULL, NULL, 2, 2, NULL, NULL, NULL, 1, NULL, 235, NULL, 19, 5, NULL, NULL, NULL),
(201, '2021-07-28 14:04:55.403330', '2021-07-28 14:04:55.403330', NULL, 0, 0, NULL, NULL, NULL, NULL, 1, NULL, NULL, NULL, NULL, 2, 19, 5, NULL, 3, 344, 236, NULL, NULL, NULL, NULL, NULL, NULL),
(202, '2021-07-28 14:04:55.418930', '2021-07-28 14:04:55.418930', NULL, 0, 0, NULL, NULL, NULL, NULL, 1, NULL, NULL, NULL, NULL, 2, 19, 5, NULL, 3, 348, 103, NULL, NULL, NULL, NULL, NULL, NULL),
(203, '2021-07-28 14:04:55.418930', '2021-07-28 14:04:55.418930', NULL, 0, 0, NULL, NULL, NULL, NULL, 1, NULL, NULL, NULL, NULL, 2, 19, 5, NULL, 3, 345, 235, NULL, NULL, NULL, NULL, NULL, NULL),
(204, '2021-07-28 14:04:55.418930', '2021-07-28 14:04:55.418930', NULL, 0, 0, NULL, NULL, NULL, NULL, 1, NULL, NULL, NULL, NULL, 2, 19, 5, NULL, 3, 347, 101, NULL, NULL, NULL, NULL, NULL, NULL),
(205, '2021-07-28 14:08:08.141669', '2021-07-28 14:08:08.141669', NULL, 0, 0, NULL, NULL, NULL, NULL, 2, NULL, NULL, NULL, NULL, 2, 19, 5, NULL, 3, 353, 81, NULL, NULL, NULL, NULL, NULL, NULL),
(206, '2021-07-28 14:08:08.282069', '2021-07-28 14:08:08.282069', 1, 0, 0, NULL, NULL, NULL, NULL, NULL, 250, NULL, 53, NULL, 2, 19, 5, NULL, 4, 355, NULL, NULL, NULL, NULL, 240, NULL, NULL),
(207, '2021-07-28 14:13:30.214235', '2021-07-28 14:13:30.214235', NULL, 0, 0, NULL, NULL, NULL, NULL, 4, NULL, NULL, NULL, NULL, 2, 19, 5, NULL, 3, 362, 84, NULL, NULL, NULL, NULL, NULL, NULL),
(208, '2021-07-28 14:13:30.214235', '2021-07-28 14:13:30.214235', NULL, 0, 0, NULL, NULL, NULL, NULL, 17, NULL, NULL, NULL, NULL, 2, 19, 5, NULL, 3, 364, 81, NULL, NULL, NULL, NULL, NULL, NULL),
(209, '2021-07-28 14:13:30.214235', '2021-07-28 14:13:30.214235', NULL, 0, 0, NULL, NULL, NULL, NULL, 3, NULL, NULL, NULL, NULL, 2, 19, 5, NULL, 3, 363, 86, NULL, NULL, NULL, NULL, NULL, NULL),
(210, '2021-07-28 14:13:31.353037', '2021-07-28 14:13:31.353037', NULL, 0, 0, NULL, NULL, NULL, NULL, 2, NULL, NULL, NULL, NULL, 2, 19, 5, NULL, 3, 365, 110, NULL, NULL, NULL, NULL, NULL, NULL),
(211, '2021-07-28 14:13:31.555837', '2021-07-28 14:13:31.555837', NULL, 0, 0, NULL, NULL, NULL, NULL, 5, NULL, NULL, NULL, NULL, 2, 19, 5, NULL, 3, 368, 103, NULL, NULL, NULL, NULL, NULL, NULL),
(212, '2021-07-28 14:16:37.856365', '2021-07-28 14:16:37.856365', NULL, 0, 0, NULL, NULL, NULL, NULL, 1, NULL, NULL, NULL, NULL, 2, 19, 5, NULL, 3, 369, 88, NULL, NULL, NULL, NULL, NULL, NULL),
(213, '2021-07-28 14:23:10.543255', '2021-07-28 14:23:10.543255', NULL, 0, 0, NULL, NULL, NULL, NULL, 3, NULL, NULL, NULL, NULL, 2, 19, 5, NULL, 3, 371, 101, NULL, NULL, NULL, NULL, NULL, NULL),
(214, '2021-07-28 14:23:10.574455', '2021-07-28 14:23:10.574455', 1, 0, 0, NULL, NULL, NULL, NULL, NULL, 60, NULL, 22, NULL, 2, 19, 5, NULL, 4, 372, NULL, NULL, NULL, NULL, 220, NULL, NULL),
(215, '2021-07-28 14:23:10.590055', '2021-07-28 14:23:10.590055', 1, 0, 0, NULL, NULL, NULL, NULL, NULL, 50, NULL, 4, NULL, 2, 19, 5, NULL, 4, 373, NULL, NULL, NULL, NULL, 217, NULL, NULL),
(216, '2021-07-28 14:23:10.683655', '2021-07-28 14:23:10.683655', 1, 0, 0, NULL, NULL, NULL, NULL, NULL, 60, NULL, 19, NULL, 2, 19, 5, NULL, 4, 374, NULL, NULL, NULL, NULL, 205, NULL, NULL),
(217, '2021-07-28 14:23:10.714855', '2021-07-28 14:23:10.714855', 1, 0, 0, NULL, NULL, NULL, NULL, NULL, 60, NULL, 20, NULL, 2, 19, 5, NULL, 4, 375, NULL, NULL, NULL, NULL, 221, NULL, NULL),
(218, '2021-07-28 14:23:10.714855', '2021-07-28 14:23:10.714855', 1, 0, 0, NULL, NULL, NULL, NULL, NULL, 15, NULL, 42, NULL, 2, 19, 5, NULL, 4, 373, NULL, NULL, NULL, NULL, 217, NULL, NULL),
(219, '2021-07-28 14:23:10.761655', '2021-07-28 14:23:10.761655', 1, 0, 0, NULL, NULL, NULL, NULL, NULL, 15, NULL, 42, NULL, 2, 19, 5, NULL, 4, 372, NULL, NULL, NULL, NULL, 220, NULL, NULL),
(220, '2021-07-28 14:23:10.808455', '2021-07-28 14:23:10.808455', 2, 0, 0, NULL, NULL, NULL, NULL, NULL, 500, NULL, 53, NULL, 2, 19, 5, NULL, 4, 376, NULL, NULL, NULL, NULL, 240, NULL, NULL),
(221, '2021-07-28 14:23:10.855255', '2021-07-28 14:23:10.855255', 1, 0, 0, NULL, NULL, NULL, NULL, NULL, 15, NULL, 42, NULL, 2, 19, 5, NULL, 4, 374, NULL, NULL, NULL, NULL, 205, NULL, NULL),
(222, '2021-07-28 14:23:10.870855', '2021-07-28 14:23:10.870855', 1, 0, 0, NULL, NULL, NULL, NULL, 1, NULL, NULL, NULL, NULL, 2, 19, 5, NULL, 4, 373, 86, NULL, NULL, NULL, 217, NULL, NULL),
(223, '2021-07-28 14:23:10.886455', '2021-07-28 14:23:10.886455', 1, 0, 0, NULL, NULL, NULL, NULL, NULL, 15, NULL, 42, NULL, 2, 19, 5, NULL, 4, 375, NULL, NULL, NULL, NULL, 221, NULL, NULL),
(224, '2021-07-28 14:23:10.980055', '2021-07-28 14:23:10.980055', 1, 0, 0, NULL, NULL, NULL, NULL, NULL, 20, NULL, 38, NULL, 2, 19, 5, NULL, 4, 372, NULL, NULL, NULL, NULL, 220, NULL, NULL),
(225, '2021-07-28 14:23:11.307656', '2021-07-28 14:23:11.307656', 1, 0, 0, NULL, NULL, NULL, NULL, 1, NULL, NULL, NULL, NULL, 2, 19, 5, NULL, 4, 374, 87, NULL, NULL, NULL, 205, NULL, NULL),
(226, '2021-07-28 14:25:04.189454', '2021-07-28 14:25:04.189454', NULL, 0, 0, NULL, NULL, NULL, NULL, 9, NULL, NULL, NULL, NULL, 2, 19, 5, NULL, 3, 379, 101, NULL, NULL, NULL, NULL, NULL, NULL),
(227, '2021-07-28 14:27:27.850107', '2021-07-28 14:27:27.850107', NULL, 0, 0, NULL, NULL, NULL, NULL, 6, NULL, NULL, NULL, NULL, 2, 19, 5, NULL, 3, 380, 84, NULL, NULL, NULL, NULL, NULL, NULL),
(228, '2021-07-28 14:27:27.881307', '2021-07-28 14:27:27.881307', NULL, 0, 0, NULL, NULL, NULL, NULL, 2, NULL, NULL, NULL, NULL, 2, 19, 5, NULL, 3, 381, 81, NULL, NULL, NULL, NULL, NULL, NULL),
(229, '2021-07-28 14:28:51.809454', '2021-07-28 14:28:51.809454', NULL, 0, 0, NULL, NULL, NULL, NULL, 3, NULL, NULL, NULL, NULL, 2, 19, 5, NULL, 3, 382, 84, NULL, NULL, NULL, NULL, NULL, NULL),
(230, '2021-07-28 14:29:40.653140', '2021-07-28 14:29:40.653140', NULL, 0, 0, NULL, NULL, NULL, NULL, 3, NULL, NULL, NULL, NULL, 2, 19, 5, NULL, 3, 383, 101, NULL, NULL, NULL, NULL, NULL, NULL),
(231, '2021-07-28 14:29:40.715540', '2021-07-28 14:29:40.715540', NULL, 0, 0, NULL, NULL, NULL, NULL, 6, NULL, NULL, NULL, NULL, 2, 19, 5, NULL, 3, 384, 103, NULL, NULL, NULL, NULL, NULL, NULL),
(232, '2021-07-28 14:47:54.981028', '2021-07-28 14:47:54.981028', NULL, 0, 0, NULL, NULL, NULL, NULL, 9, NULL, NULL, NULL, NULL, 2, 19, 5, NULL, 3, 387, 101, NULL, NULL, NULL, NULL, NULL, NULL),
(233, '2021-07-28 14:52:45.799545', '2021-07-28 14:52:45.799545', NULL, 0, 0, NULL, NULL, NULL, NULL, 2, NULL, NULL, NULL, NULL, 2, 19, 5, NULL, 3, 391, 84, NULL, NULL, NULL, NULL, NULL, NULL),
(234, '2021-07-28 14:52:45.799545', '2021-07-28 14:52:45.799545', NULL, 0, 0, NULL, NULL, NULL, NULL, 2, NULL, NULL, NULL, NULL, 2, 19, 5, NULL, 3, 393, 86, NULL, NULL, NULL, NULL, NULL, NULL),
(235, '2021-07-28 14:52:45.815145', '2021-07-28 14:52:45.815145', NULL, 0, 0, NULL, NULL, NULL, NULL, 12, NULL, NULL, NULL, NULL, 2, 19, 5, NULL, 3, 394, 103, NULL, NULL, NULL, NULL, NULL, NULL),
(236, '2021-07-28 14:52:45.815145', '2021-07-28 14:52:45.815145', NULL, 0, 0, NULL, NULL, NULL, NULL, 2, NULL, NULL, NULL, NULL, 2, 19, 5, NULL, 3, 390, 193, NULL, NULL, NULL, NULL, NULL, NULL),
(237, '2021-07-29 04:55:38.825693', '2021-07-29 04:55:38.825693', NULL, 1, 0, NULL, NULL, '0.00', '0.00', 2, NULL, NULL, NULL, 2, 2, NULL, NULL, NULL, 1, NULL, 84, NULL, 19, 5, NULL, NULL, NULL),
(238, '2021-07-29 05:21:07.792644', '2021-07-29 05:21:07.792644', NULL, 1, 0, NULL, NULL, '0.00', '0.00', NULL, 1000, NULL, 53, 2, 2, NULL, NULL, NULL, 1, NULL, NULL, NULL, 19, 5, NULL, NULL, NULL),
(239, '2021-07-29 05:58:46.521404', '2021-07-29 05:58:46.521404', NULL, 1, 0, NULL, NULL, NULL, NULL, 24, NULL, NULL, NULL, 2, 2, 16, 5, NULL, 2, NULL, 81, NULL, 19, 5, NULL, NULL, NULL),
(240, '2021-07-29 05:58:47.061435', '2021-07-29 05:58:47.061435', NULL, 1, 0, NULL, NULL, NULL, NULL, 20, NULL, NULL, NULL, 2, 2, 16, 5, NULL, 2, NULL, 101, NULL, 19, 5, NULL, NULL, NULL),
(241, '2021-07-29 05:58:47.233445', '2021-07-29 05:58:47.233445', NULL, 1, 0, NULL, NULL, NULL, NULL, 20, NULL, NULL, NULL, 2, 2, 16, 5, NULL, 2, NULL, 103, NULL, 19, 5, NULL, NULL, NULL),
(242, '2021-07-29 05:58:47.357452', '2021-07-29 05:58:47.357452', NULL, 1, 0, NULL, NULL, NULL, NULL, 2, NULL, NULL, NULL, 2, 2, 16, 5, NULL, 2, NULL, 110, NULL, 19, 5, NULL, NULL, NULL),
(243, '2021-07-29 06:26:01.647928', '2021-07-29 06:26:01.647928', NULL, 0, 0, NULL, NULL, NULL, NULL, 1, NULL, NULL, NULL, NULL, 8, 19, 5, NULL, 3, 398, 235, NULL, NULL, NULL, NULL, NULL, NULL),
(244, '2021-07-29 06:26:01.649928', '2021-07-29 06:26:01.649928', 2, 0, 0, NULL, NULL, NULL, NULL, NULL, 500, NULL, 52, NULL, 8, 19, 5, NULL, 4, 397, NULL, NULL, NULL, NULL, 241, NULL, NULL),
(245, '2021-07-29 06:27:35.305285', '2021-07-29 06:27:35.305285', NULL, 0, 0, NULL, NULL, NULL, NULL, 2, NULL, NULL, NULL, NULL, 8, 19, 5, NULL, 3, 400, 81, NULL, NULL, NULL, NULL, NULL, NULL),
(246, '2021-07-29 06:30:30.015278', '2021-07-29 06:30:30.015278', NULL, 0, 0, NULL, NULL, NULL, NULL, 2, NULL, NULL, NULL, NULL, 8, 19, 5, NULL, 3, 403, 86, NULL, NULL, NULL, NULL, NULL, NULL),
(247, '2021-07-29 06:31:14.763837', '2021-07-29 06:31:14.763837', NULL, 0, 0, NULL, NULL, NULL, NULL, 2, NULL, NULL, NULL, NULL, 8, 19, 5, NULL, 3, 406, 84, NULL, NULL, NULL, NULL, NULL, NULL),
(248, '2021-07-29 07:29:08.245509', '2021-07-29 07:29:08.245509', NULL, 0, 0, NULL, NULL, NULL, NULL, 3, NULL, NULL, NULL, NULL, 8, 19, 5, NULL, 3, 412, 84, NULL, NULL, NULL, NULL, NULL, NULL),
(249, '2021-07-29 07:42:45.087726', '2021-07-29 07:42:45.087726', NULL, 0, 0, NULL, NULL, NULL, NULL, 1, NULL, NULL, NULL, NULL, 8, 19, 5, NULL, 3, 414, 81, NULL, NULL, NULL, NULL, NULL, NULL),
(250, '2021-07-29 08:15:00.195050', '2021-07-29 08:15:00.195050', NULL, 0, 0, NULL, NULL, NULL, NULL, 1, NULL, NULL, NULL, NULL, 8, 19, 5, NULL, 3, 415, 81, NULL, NULL, NULL, NULL, NULL, NULL),
(251, '2021-07-29 08:16:35.030418', '2021-07-29 08:16:35.030418', NULL, 0, 0, NULL, NULL, NULL, NULL, 1, NULL, NULL, NULL, NULL, 8, 19, 5, NULL, 3, 419, 84, NULL, NULL, NULL, NULL, NULL, NULL),
(252, '2021-07-29 08:24:11.897222', '2021-07-29 08:24:11.897222', NULL, 0, 0, NULL, NULL, NULL, NULL, 1, NULL, NULL, NULL, NULL, 8, 19, 5, NULL, 3, 423, 84, NULL, NULL, NULL, NULL, NULL, NULL),
(253, '2021-07-29 08:29:22.911373', '2021-07-29 08:29:22.911373', NULL, 0, 0, NULL, NULL, NULL, NULL, 1, NULL, NULL, NULL, NULL, 8, 19, 5, NULL, 3, 424, 81, NULL, NULL, NULL, NULL, NULL, NULL),
(254, '2021-07-29 09:18:38.058583', '2021-07-29 09:18:38.058583', NULL, 0, 0, NULL, NULL, NULL, NULL, 1, NULL, NULL, NULL, NULL, 8, 19, 5, NULL, 3, 427, 86, NULL, NULL, NULL, NULL, NULL, NULL),
(255, '2021-07-29 09:34:58.489506', '2021-07-29 09:34:58.489506', NULL, 0, 0, NULL, NULL, NULL, NULL, 2, NULL, NULL, NULL, NULL, 8, 19, 5, NULL, 3, 429, 86, NULL, NULL, NULL, NULL, NULL, NULL),
(256, '2021-07-29 10:13:05.669138', '2021-07-29 10:13:05.669138', NULL, 0, 0, NULL, NULL, NULL, NULL, 1, NULL, NULL, NULL, NULL, 8, 19, 5, NULL, 3, 431, 86, NULL, NULL, NULL, NULL, NULL, NULL),
(257, '2021-07-29 10:13:59.957234', '2021-07-29 10:13:59.957234', 1, 0, 0, NULL, NULL, NULL, NULL, NULL, 60, NULL, 19, NULL, 8, 19, 5, NULL, 4, 432, NULL, NULL, NULL, NULL, 205, NULL, NULL);
INSERT INTO `product_app_item_transfer` (`id`, `created_at`, `updated_at`, `product_quantity`, `is_confirmed`, `recieved_ebarimt`, `comment`, `unit_size`, `unit_price`, `total_amount`, `quantity`, `size`, `budget_id`, `commodity_id`, `confirmed_by_id`, `created_by_id`, `fr_client_id`, `fr_division_id`, `fr_user_id`, `item_transfer_type_id`, `order_detial_id`, `product_id`, `store_id`, `to_client_id`, `to_division_id`, `to_product_id`, `to_user_id`, `updated_by_id`) VALUES
(258, '2021-07-29 10:14:00.004034', '2021-07-29 10:14:00.004034', 1, 0, 0, NULL, NULL, NULL, NULL, NULL, 60, NULL, 22, NULL, 8, 19, 5, NULL, 4, 433, NULL, NULL, NULL, NULL, 220, NULL, NULL),
(259, '2021-07-29 10:14:00.331634', '2021-07-29 10:14:00.331634', 1, 0, 0, NULL, NULL, NULL, NULL, NULL, 15, NULL, 42, NULL, 8, 19, 5, NULL, 4, 432, NULL, NULL, NULL, NULL, 205, NULL, NULL),
(260, '2021-07-29 10:14:00.362835', '2021-07-29 10:14:00.362835', 1, 0, 0, NULL, NULL, NULL, NULL, NULL, 15, NULL, 42, NULL, 8, 19, 5, NULL, 4, 433, NULL, NULL, NULL, NULL, 220, NULL, NULL),
(261, '2021-07-29 10:14:00.690435', '2021-07-29 10:14:00.690435', 1, 0, 0, NULL, NULL, NULL, NULL, 1, NULL, NULL, NULL, NULL, 8, 19, 5, NULL, 4, 432, 87, NULL, NULL, NULL, 205, NULL, NULL),
(262, '2021-07-29 10:14:00.706035', '2021-07-29 10:14:00.706035', 1, 0, 0, NULL, NULL, NULL, NULL, NULL, 20, NULL, 38, NULL, 8, 19, 5, NULL, 4, 433, NULL, NULL, NULL, NULL, 220, NULL, NULL),
(263, '2021-07-29 11:11:46.496537', '2021-07-29 11:11:46.496537', NULL, 0, 0, NULL, NULL, NULL, NULL, 1, NULL, NULL, NULL, NULL, 8, 19, 5, NULL, 3, 435, 85, NULL, NULL, NULL, NULL, NULL, NULL),
(264, '2021-07-29 11:13:19.254300', '2021-07-29 11:13:19.254300', NULL, 0, 0, NULL, NULL, NULL, NULL, 4, NULL, NULL, NULL, NULL, 6, 19, 5, NULL, 3, 442, 81, NULL, NULL, NULL, NULL, NULL, NULL),
(265, '2021-07-29 11:13:19.254300', '2021-07-29 11:13:19.254300', NULL, 0, 0, NULL, NULL, NULL, NULL, 1, NULL, NULL, NULL, NULL, 6, 19, 5, NULL, 3, 441, 86, NULL, NULL, NULL, NULL, NULL, NULL),
(266, '2021-07-29 11:13:19.269900', '2021-07-29 11:13:19.269900', NULL, 0, 0, NULL, NULL, NULL, NULL, 1, NULL, NULL, NULL, NULL, 6, 19, 5, NULL, 3, 440, 124, NULL, NULL, NULL, NULL, NULL, NULL),
(267, '2021-07-29 11:13:19.269900', '2021-07-29 11:13:19.269900', NULL, 0, 0, NULL, NULL, NULL, NULL, 3, NULL, NULL, NULL, NULL, 6, 19, 5, NULL, 3, 443, 84, NULL, NULL, NULL, NULL, NULL, NULL),
(268, '2021-07-29 11:26:40.222714', '2021-07-29 11:26:40.222714', NULL, 0, 0, NULL, NULL, NULL, NULL, 1, NULL, NULL, NULL, NULL, 6, 19, 5, NULL, 3, 444, 235, NULL, NULL, NULL, NULL, NULL, NULL),
(269, '2021-07-29 11:36:17.829329', '2021-07-29 11:36:17.829329', NULL, 0, 0, NULL, NULL, NULL, NULL, 1, NULL, NULL, NULL, NULL, 6, 19, 5, NULL, 3, 447, 84, NULL, NULL, NULL, NULL, NULL, NULL),
(270, '2021-07-29 11:36:17.829329', '2021-07-29 11:36:17.829329', NULL, 0, 0, NULL, NULL, NULL, NULL, 1, NULL, NULL, NULL, NULL, 6, 19, 5, NULL, 3, 446, 101, NULL, NULL, NULL, NULL, NULL, NULL),
(271, '2021-07-29 12:02:54.529342', '2021-07-29 12:02:54.529342', NULL, 0, 0, NULL, NULL, NULL, NULL, 1, NULL, NULL, NULL, NULL, 6, 19, 5, NULL, 3, 449, 236, NULL, NULL, NULL, NULL, NULL, NULL),
(272, '2021-07-29 12:14:13.848942', '2021-07-29 12:14:13.848942', 1, 0, 0, NULL, NULL, NULL, NULL, NULL, 50, NULL, 4, NULL, 6, 19, 5, NULL, 4, 451, NULL, NULL, NULL, NULL, 217, NULL, NULL),
(273, '2021-07-29 12:14:13.880142', '2021-07-29 12:14:13.880142', 1, 0, 0, NULL, NULL, NULL, NULL, NULL, 60, NULL, 20, NULL, 6, 19, 5, NULL, 4, 453, NULL, NULL, NULL, NULL, 221, NULL, NULL),
(274, '2021-07-29 12:14:13.942542', '2021-07-29 12:14:13.942542', 1, 0, 0, NULL, NULL, NULL, NULL, NULL, 60, NULL, 19, NULL, 6, 19, 5, NULL, 4, 452, NULL, NULL, NULL, NULL, 225, NULL, NULL),
(275, '2021-07-29 12:14:14.254542', '2021-07-29 12:14:14.254542', 1, 0, 0, NULL, NULL, NULL, NULL, NULL, 15, NULL, 42, NULL, 6, 19, 5, NULL, 4, 453, NULL, NULL, NULL, NULL, 221, NULL, NULL),
(276, '2021-07-29 12:14:14.301342', '2021-07-29 12:14:14.301342', 1, 0, 0, NULL, NULL, NULL, NULL, NULL, 15, NULL, 42, NULL, 6, 19, 5, NULL, 4, 451, NULL, NULL, NULL, NULL, 217, NULL, NULL),
(277, '2021-07-29 12:14:14.301342', '2021-07-29 12:14:14.301342', 1, 0, 0, NULL, NULL, NULL, NULL, NULL, 15, NULL, 42, NULL, 6, 19, 5, NULL, 4, 452, NULL, NULL, NULL, NULL, 225, NULL, NULL),
(278, '2021-07-29 12:14:14.457343', '2021-07-29 12:14:14.457343', 1, 0, 0, NULL, NULL, NULL, NULL, 1, NULL, NULL, NULL, NULL, 6, 19, 5, NULL, 4, 451, 86, NULL, NULL, NULL, 217, NULL, NULL),
(279, '2021-07-29 12:14:14.504143', '2021-07-29 12:14:14.504143', 1, 0, 0, NULL, NULL, NULL, NULL, 1, NULL, NULL, NULL, NULL, 6, 19, 5, NULL, 4, 452, 87, NULL, NULL, NULL, 225, NULL, NULL),
(280, '2021-07-29 12:14:38.091384', '2021-07-29 12:14:38.091384', 1, 0, 0, NULL, NULL, NULL, NULL, NULL, 60, NULL, 19, NULL, 6, 19, 5, NULL, 4, 454, NULL, NULL, NULL, NULL, 205, NULL, NULL),
(281, '2021-07-29 12:14:38.200584', '2021-07-29 12:14:38.200584', 1, 0, 0, NULL, NULL, NULL, NULL, NULL, 15, NULL, 42, NULL, 6, 19, 5, NULL, 4, 454, NULL, NULL, NULL, NULL, 205, NULL, NULL),
(282, '2021-07-29 12:14:38.434585', '2021-07-29 12:14:38.434585', 1, 0, 0, NULL, NULL, NULL, NULL, 1, NULL, NULL, NULL, NULL, 6, 19, 5, NULL, 4, 454, 87, NULL, NULL, NULL, 205, NULL, NULL),
(283, '2021-07-29 14:06:50.568441', '2021-07-29 14:06:50.568441', NULL, 0, 0, NULL, NULL, NULL, NULL, 1, NULL, NULL, NULL, NULL, 2, 19, 5, NULL, 3, 457, 236, NULL, NULL, NULL, NULL, NULL, NULL),
(284, '2021-07-29 14:09:17.723499', '2021-07-29 14:09:17.723499', 1, 0, 0, NULL, NULL, NULL, NULL, NULL, 50, NULL, 19, NULL, 2, 19, 5, NULL, 4, 458, NULL, NULL, NULL, NULL, 206, NULL, NULL),
(285, '2021-07-29 14:09:17.895099', '2021-07-29 14:09:17.895099', 1, 0, 0, NULL, NULL, NULL, NULL, NULL, 15, NULL, 42, NULL, 2, 19, 5, NULL, 4, 458, NULL, NULL, NULL, NULL, 206, NULL, NULL),
(286, '2021-07-29 14:09:17.973099', '2021-07-29 14:09:17.973099', 1, 0, 0, NULL, NULL, NULL, NULL, 1, NULL, NULL, NULL, NULL, 2, 19, 5, NULL, 4, 458, 87, NULL, NULL, NULL, 206, NULL, NULL),
(287, '2021-07-29 14:10:22.572813', '2021-07-29 14:10:22.572813', 1, 0, 0, NULL, NULL, NULL, NULL, NULL, 60, NULL, 19, NULL, 2, 19, 5, NULL, 4, 460, NULL, NULL, NULL, NULL, 205, NULL, NULL),
(288, '2021-07-29 14:10:22.604013', '2021-07-29 14:10:22.604013', 1, 0, 0, NULL, NULL, NULL, NULL, NULL, 50, NULL, 4, NULL, 2, 19, 5, NULL, 4, 461, NULL, NULL, NULL, NULL, 217, NULL, NULL),
(289, '2021-07-29 14:10:22.744413', '2021-07-29 14:10:22.744413', 1, 0, 0, NULL, NULL, NULL, NULL, NULL, 15, NULL, 42, NULL, 2, 19, 5, NULL, 4, 460, NULL, NULL, NULL, NULL, 205, NULL, NULL),
(290, '2021-07-29 14:10:22.775613', '2021-07-29 14:10:22.775613', 1, 0, 0, NULL, NULL, NULL, NULL, NULL, 15, NULL, 42, NULL, 2, 19, 5, NULL, 4, 461, NULL, NULL, NULL, NULL, 217, NULL, NULL),
(291, '2021-07-29 14:10:22.869213', '2021-07-29 14:10:22.869213', 1, 0, 0, NULL, NULL, NULL, NULL, 1, NULL, NULL, NULL, NULL, 2, 19, 5, NULL, 4, 460, 87, NULL, NULL, NULL, 205, NULL, NULL),
(292, '2021-07-29 14:10:22.900414', '2021-07-29 14:10:22.900414', 1, 0, 0, NULL, NULL, NULL, NULL, 1, NULL, NULL, NULL, NULL, 2, 19, 5, NULL, 4, 461, 86, NULL, NULL, NULL, 217, NULL, NULL),
(293, '2021-07-29 14:13:05.703700', '2021-07-29 14:13:05.703700', NULL, 1, 0, NULL, NULL, '0.00', '0.00', NULL, 1000, NULL, 19, 2, 2, NULL, NULL, NULL, 1, NULL, NULL, NULL, 19, 5, NULL, NULL, NULL),
(294, '2021-07-29 14:16:59.567711', '2021-07-29 14:16:59.567711', 2, 0, 0, NULL, NULL, NULL, NULL, NULL, 120, NULL, 22, NULL, 2, 19, 5, NULL, 4, 463, NULL, NULL, NULL, NULL, 220, NULL, NULL),
(295, '2021-07-29 14:16:59.583311', '2021-07-29 14:16:59.583311', NULL, 0, 0, NULL, NULL, NULL, NULL, 1, NULL, NULL, NULL, NULL, 2, 19, 5, NULL, 3, 465, 84, NULL, NULL, NULL, NULL, NULL, NULL),
(296, '2021-07-29 14:16:59.598911', '2021-07-29 14:16:59.598911', 2, 0, 0, NULL, NULL, NULL, NULL, NULL, 100, NULL, 4, NULL, 2, 19, 5, NULL, 4, 462, NULL, NULL, NULL, NULL, 204, NULL, NULL),
(297, '2021-07-29 14:16:59.864112', '2021-07-29 14:16:59.864112', 2, 0, 0, NULL, NULL, NULL, NULL, NULL, 30, NULL, 42, NULL, 2, 19, 5, NULL, 4, 463, NULL, NULL, NULL, NULL, 220, NULL, NULL),
(298, '2021-07-29 14:17:00.129312', '2021-07-29 14:17:00.129312', 2, 0, 0, NULL, NULL, NULL, NULL, 2, NULL, NULL, NULL, NULL, 2, 19, 5, NULL, 4, 462, 86, NULL, NULL, NULL, 204, NULL, NULL),
(299, '2021-07-29 14:17:00.971714', '2021-07-29 14:17:00.971714', 2, 0, 0, NULL, NULL, NULL, NULL, NULL, 40, NULL, 38, NULL, 2, 19, 5, NULL, 4, 463, NULL, NULL, NULL, NULL, 220, NULL, NULL),
(300, '2021-07-29 14:23:13.765569', '2021-07-29 14:23:13.765569', NULL, 0, 0, NULL, NULL, NULL, NULL, 6, NULL, NULL, NULL, NULL, 2, 19, 5, NULL, 3, 471, 101, NULL, NULL, NULL, NULL, NULL, NULL),
(301, '2021-07-29 14:23:13.796769', '2021-07-29 14:23:13.796769', NULL, 0, 0, NULL, NULL, NULL, NULL, 1, NULL, NULL, NULL, NULL, 2, 19, 5, NULL, 3, 470, 112, NULL, NULL, NULL, NULL, NULL, NULL),
(302, '2021-07-29 14:23:13.999569', '2021-07-29 14:23:13.999569', NULL, 0, 0, NULL, NULL, NULL, NULL, 4, NULL, NULL, NULL, NULL, 2, 19, 5, NULL, 3, 472, 86, NULL, NULL, NULL, NULL, NULL, NULL),
(303, '2021-07-29 14:23:14.061969', '2021-07-29 14:23:14.061969', NULL, 0, 0, NULL, NULL, NULL, NULL, 5, NULL, NULL, NULL, NULL, 2, 19, 5, NULL, 3, 473, 84, NULL, NULL, NULL, NULL, NULL, NULL),
(304, '2021-07-29 14:23:14.124369', '2021-07-29 14:23:14.124369', NULL, 0, 0, NULL, NULL, NULL, NULL, 4, NULL, NULL, NULL, NULL, 2, 19, 5, NULL, 3, 474, 81, NULL, NULL, NULL, NULL, NULL, NULL),
(305, '2021-07-29 14:23:33.406003', '2021-07-29 14:23:33.406003', 1, 0, 0, NULL, NULL, NULL, NULL, NULL, 50, NULL, 22, NULL, 2, 19, 5, NULL, 4, 477, NULL, NULL, NULL, NULL, 161, NULL, NULL),
(306, '2021-07-29 14:34:27.078309', '2021-07-29 14:34:27.078309', NULL, 0, 0, NULL, NULL, NULL, NULL, 1, NULL, NULL, NULL, NULL, 2, 19, 5, NULL, 3, 481, 103, NULL, NULL, NULL, NULL, NULL, NULL),
(307, '2021-07-29 14:34:27.085309', '2021-07-29 14:34:27.085309', NULL, 0, 0, NULL, NULL, NULL, NULL, 10, NULL, NULL, NULL, NULL, 2, 19, 5, NULL, 3, 479, 101, NULL, NULL, NULL, NULL, NULL, NULL),
(308, '2021-07-29 14:34:27.088309', '2021-07-29 14:34:27.088309', NULL, 0, 0, NULL, NULL, NULL, NULL, 3, NULL, NULL, NULL, NULL, 2, 19, 5, NULL, 3, 480, 86, NULL, NULL, NULL, NULL, NULL, NULL),
(309, '2021-07-30 03:55:38.371846', '2021-07-30 03:55:38.372846', NULL, 1, 0, NULL, NULL, '0.00', '0.00', 2, NULL, NULL, NULL, 1, 1, NULL, NULL, NULL, 1, NULL, 86, NULL, 19, 5, NULL, NULL, NULL),
(310, '2021-07-30 03:55:38.709866', '2021-07-30 03:55:38.709866', NULL, 1, 0, NULL, NULL, '0.00', '0.00', 3, NULL, NULL, NULL, 1, 1, NULL, NULL, NULL, 1, NULL, 87, NULL, 19, 5, NULL, NULL, NULL),
(311, '2021-07-30 08:34:06.751276', '2021-07-30 08:34:06.751276', NULL, 1, 0, NULL, NULL, NULL, NULL, 1, NULL, NULL, NULL, 2, 2, 16, 5, NULL, 2, NULL, 112, NULL, 19, 5, NULL, NULL, NULL),
(312, '2021-07-30 08:34:07.221303', '2021-07-30 08:34:07.221303', NULL, 1, 0, NULL, NULL, NULL, NULL, 1, NULL, NULL, NULL, 2, 2, 16, 5, NULL, 2, NULL, 124, NULL, 19, 5, NULL, NULL, NULL),
(313, '2021-07-30 08:34:07.363311', '2021-07-30 08:34:07.363311', NULL, 1, 0, NULL, NULL, NULL, NULL, 1, NULL, NULL, NULL, 2, 2, 16, 5, NULL, 2, NULL, 126, NULL, 19, 5, NULL, NULL, NULL),
(314, '2021-07-30 08:35:42.158733', '2021-07-30 08:35:42.159733', NULL, 1, 0, NULL, NULL, '0.00', '0.00', NULL, 2, NULL, 42, 2, 2, NULL, NULL, NULL, 1, NULL, NULL, NULL, 16, 5, NULL, NULL, NULL),
(315, '2021-07-30 08:36:08.125218', '2021-07-30 08:36:08.125218', NULL, 1, 0, NULL, NULL, '0.00', '0.00', NULL, 1498, NULL, 42, 2, 2, NULL, NULL, NULL, 1, NULL, NULL, NULL, 16, 5, NULL, NULL, NULL),
(316, '2021-07-30 08:36:24.072130', '2021-07-30 08:36:24.072130', NULL, 1, 0, NULL, NULL, NULL, NULL, NULL, 750, NULL, 42, 2, 2, 16, 5, NULL, 2, NULL, NULL, NULL, 19, 5, NULL, NULL, NULL),
(317, '2021-08-07 04:35:50.131620', '2021-08-07 04:35:50.131620', NULL, 1, 0, NULL, NULL, '0.00', '0.00', 0, NULL, NULL, NULL, 1, 1, NULL, NULL, NULL, 1, NULL, 86, NULL, 19, 5, NULL, NULL, NULL),
(318, '2021-08-07 05:38:40.406267', '2021-08-07 05:38:40.406267', NULL, 1, 0, NULL, NULL, '0.00', '0.00', 0, NULL, NULL, NULL, 1, 1, NULL, NULL, NULL, 1, NULL, 103, NULL, 16, 5, NULL, NULL, NULL),
(319, '2021-08-07 05:42:13.327446', '2021-08-07 05:42:13.327446', NULL, 1, 0, NULL, NULL, '0.00', '0.00', 0, NULL, NULL, NULL, 1, 1, NULL, NULL, NULL, 1, NULL, 101, NULL, 16, 5, NULL, NULL, NULL),
(320, '2021-08-07 05:42:13.478454', '2021-08-07 05:42:13.478454', NULL, 1, 0, NULL, NULL, '0.00', '0.00', 0, NULL, NULL, NULL, 1, 1, NULL, NULL, NULL, 1, NULL, 108, NULL, 16, 5, NULL, NULL, NULL),
(321, '2021-08-07 05:42:13.576460', '2021-08-07 05:42:13.576460', NULL, 1, 0, NULL, NULL, '0.00', '0.00', 96, NULL, NULL, NULL, 1, 1, NULL, NULL, NULL, 1, NULL, 84, NULL, 16, 5, NULL, NULL, NULL),
(322, '2021-08-07 05:42:13.670465', '2021-08-07 05:42:13.670465', NULL, 1, 0, NULL, NULL, '0.00', '0.00', 95, NULL, NULL, NULL, 1, 1, NULL, NULL, NULL, 1, NULL, 87, NULL, 16, 5, NULL, NULL, NULL),
(323, '2021-08-07 05:42:13.794472', '2021-08-07 05:42:13.794472', NULL, 1, 0, NULL, NULL, '0.00', '0.00', 72, NULL, NULL, NULL, 1, 1, NULL, NULL, NULL, 1, NULL, 81, NULL, 16, 5, NULL, NULL, NULL),
(324, '2021-08-07 05:42:13.891478', '2021-08-07 05:42:13.891478', NULL, 1, 0, NULL, NULL, '0.00', '0.00', 0, NULL, NULL, NULL, 1, 1, NULL, NULL, NULL, 1, NULL, 160, NULL, 16, 5, NULL, NULL, NULL),
(325, '2021-08-07 05:42:13.977483', '2021-08-07 05:42:13.977483', NULL, 1, 0, NULL, NULL, '0.00', '0.00', 0, NULL, NULL, NULL, 1, 1, NULL, NULL, NULL, 1, NULL, 149, NULL, 16, 5, NULL, NULL, NULL),
(326, '2021-08-07 05:42:14.074489', '2021-08-07 05:42:14.074489', NULL, 1, 0, NULL, NULL, '0.00', '0.00', 0, NULL, NULL, NULL, 1, 1, NULL, NULL, NULL, 1, NULL, 133, NULL, 16, 5, NULL, NULL, NULL),
(327, '2021-08-07 05:42:14.165494', '2021-08-07 05:42:14.165494', NULL, 1, 0, NULL, NULL, '0.00', '0.00', 0, NULL, NULL, NULL, 1, 1, NULL, NULL, NULL, 1, NULL, 116, NULL, 16, 5, NULL, NULL, NULL),
(328, '2021-08-07 05:42:14.272500', '2021-08-07 05:42:14.273500', NULL, 1, 0, NULL, NULL, '0.00', '0.00', 0, NULL, NULL, NULL, 1, 1, NULL, NULL, NULL, 1, NULL, 112, NULL, 16, 5, NULL, NULL, NULL),
(329, '2021-08-07 05:42:14.374506', '2021-08-07 05:42:14.374506', NULL, 1, 0, NULL, NULL, '0.00', '0.00', 24, NULL, NULL, NULL, 1, 1, NULL, NULL, NULL, 1, NULL, 227, NULL, 16, 5, NULL, NULL, NULL),
(330, '2021-08-07 05:42:14.881535', '2021-08-07 05:42:14.881535', NULL, 1, 0, NULL, NULL, '0.00', '0.00', 72, NULL, NULL, NULL, 1, 1, NULL, NULL, NULL, 1, NULL, 86, NULL, 16, 5, NULL, NULL, NULL),
(331, '2021-08-07 05:44:16.648499', '2021-08-07 05:44:16.648499', NULL, 1, 0, NULL, NULL, '0.00', '0.00', NULL, 0, NULL, 5, 1, 1, NULL, NULL, NULL, 1, NULL, NULL, NULL, 16, 5, NULL, NULL, NULL),
(332, '2021-08-07 05:44:16.877512', '2021-08-07 05:44:16.877512', NULL, 1, 0, NULL, NULL, '0.00', '0.00', NULL, 0, NULL, 52, 1, 1, NULL, NULL, NULL, 1, NULL, NULL, NULL, 16, 5, NULL, NULL, NULL),
(333, '2021-08-07 05:44:16.989519', '2021-08-07 05:44:16.989519', NULL, 1, 0, NULL, NULL, '0.00', '0.00', NULL, 0, NULL, 55, 1, 1, NULL, NULL, NULL, 1, NULL, NULL, NULL, 16, 5, NULL, NULL, NULL),
(334, '2021-08-07 05:44:17.113526', '2021-08-07 05:44:17.113526', NULL, 1, 0, NULL, NULL, '0.00', '0.00', NULL, 0, NULL, 42, 1, 1, NULL, NULL, NULL, 1, NULL, NULL, NULL, 16, 5, NULL, NULL, NULL),
(335, '2021-08-07 05:55:00.149305', '2021-08-07 05:55:00.149305', NULL, 1, 0, NULL, NULL, '0.00', '0.00', 0, NULL, NULL, NULL, 1, 1, NULL, NULL, NULL, 1, NULL, 116, NULL, 19, 5, NULL, NULL, NULL),
(336, '2021-08-07 05:55:00.292314', '2021-08-07 05:55:00.292314', NULL, 1, 0, NULL, NULL, '0.00', '0.00', 0, NULL, NULL, NULL, 1, 1, NULL, NULL, NULL, 1, NULL, 131, NULL, 19, 5, NULL, NULL, NULL),
(337, '2021-08-07 05:55:00.415321', '2021-08-07 05:55:00.416321', NULL, 1, 0, NULL, NULL, '0.00', '0.00', 0, NULL, NULL, NULL, 1, 1, NULL, NULL, NULL, 1, NULL, 110, NULL, 19, 5, NULL, NULL, NULL),
(338, '2021-08-07 05:55:00.568329', '2021-08-07 05:55:00.568329', NULL, 1, 0, NULL, NULL, '0.00', '0.00', 21, NULL, NULL, NULL, 1, 1, NULL, NULL, NULL, 1, NULL, 86, NULL, 19, 5, NULL, NULL, NULL),
(339, '2021-08-07 05:55:00.644334', '2021-08-07 05:55:00.644334', NULL, 1, 0, NULL, NULL, '0.00', '0.00', 5, NULL, NULL, NULL, 1, 1, NULL, NULL, NULL, 1, NULL, 84, NULL, 19, 5, NULL, NULL, NULL),
(340, '2021-08-07 05:55:00.727339', '2021-08-07 05:55:00.727339', NULL, 1, 0, NULL, NULL, '0.00', '0.00', 15, NULL, NULL, NULL, 1, 1, NULL, NULL, NULL, 1, NULL, 88, NULL, 19, 5, NULL, NULL, NULL),
(341, '2021-08-07 05:55:00.809343', '2021-08-07 05:55:00.809343', NULL, 1, 0, NULL, NULL, '0.00', '0.00', 0, NULL, NULL, NULL, 1, 1, NULL, NULL, NULL, 1, NULL, 193, NULL, 19, 5, NULL, NULL, NULL),
(342, '2021-08-07 05:55:00.901348', '2021-08-07 05:55:00.901348', NULL, 1, 0, NULL, NULL, '0.00', '0.00', 18, NULL, NULL, NULL, 1, 1, NULL, NULL, NULL, 1, NULL, 85, NULL, 19, 5, NULL, NULL, NULL),
(343, '2021-08-07 05:55:01.002354', '2021-08-07 05:55:01.002354', NULL, 1, 0, NULL, NULL, '0.00', '0.00', 4, NULL, NULL, NULL, 1, 1, NULL, NULL, NULL, 1, NULL, 87, NULL, 19, 5, NULL, NULL, NULL),
(344, '2021-08-07 05:55:01.091359', '2021-08-07 05:55:01.091359', NULL, 1, 0, NULL, NULL, '0.00', '0.00', 16, NULL, NULL, NULL, 1, 1, NULL, NULL, NULL, 1, NULL, 81, NULL, 19, 5, NULL, NULL, NULL),
(345, '2021-08-07 05:55:01.490382', '2021-08-07 05:55:01.490382', NULL, 1, 0, NULL, NULL, '0.00', '0.00', 1, NULL, NULL, NULL, 1, 1, NULL, NULL, NULL, 1, NULL, 227, NULL, 19, 5, NULL, NULL, NULL),
(346, '2021-08-07 05:55:01.600388', '2021-08-07 05:55:01.600388', NULL, 1, 0, NULL, NULL, '0.00', '0.00', 0, NULL, NULL, NULL, 1, 1, NULL, NULL, NULL, 1, NULL, 101, NULL, 19, 5, NULL, NULL, NULL),
(347, '2021-08-07 05:55:01.684393', '2021-08-07 05:55:01.684393', NULL, 1, 0, NULL, NULL, '0.00', '0.00', 10, NULL, NULL, NULL, 1, 1, NULL, NULL, NULL, 1, NULL, 103, NULL, 19, 5, NULL, NULL, NULL),
(348, '2021-08-07 05:55:01.758398', '2021-08-07 05:55:01.758398', NULL, 1, 0, NULL, NULL, '0.00', '0.00', 20, NULL, NULL, NULL, 1, 1, NULL, NULL, NULL, 1, NULL, 235, NULL, 19, 5, NULL, NULL, NULL),
(349, '2021-08-07 05:55:01.842402', '2021-08-07 05:55:01.842402', NULL, 1, 0, NULL, NULL, '0.00', '0.00', 0, NULL, NULL, NULL, 1, 1, NULL, NULL, NULL, 1, NULL, 190, NULL, 19, 5, NULL, NULL, NULL),
(350, '2021-08-07 05:55:01.941408', '2021-08-07 05:55:01.941408', NULL, 1, 0, NULL, NULL, '0.00', '0.00', 0, NULL, NULL, NULL, 1, 1, NULL, NULL, NULL, 1, NULL, 124, NULL, 19, 5, NULL, NULL, NULL),
(351, '2021-08-07 06:05:17.196516', '2021-08-07 06:05:17.197516', NULL, 1, 0, NULL, NULL, '0.00', '0.00', NULL, 900, NULL, 5, 1, 1, NULL, NULL, NULL, 1, NULL, NULL, NULL, 19, 5, NULL, NULL, NULL),
(352, '2021-08-07 06:05:17.371526', '2021-08-07 06:05:17.371526', NULL, 1, 0, NULL, NULL, '0.00', '0.00', NULL, 0, NULL, 19, 1, 1, NULL, NULL, NULL, 1, NULL, NULL, NULL, 19, 5, NULL, NULL, NULL),
(353, '2021-08-07 06:05:17.472532', '2021-08-07 06:05:17.472532', NULL, 1, 0, NULL, NULL, '0.00', '0.00', NULL, 0, NULL, 20, 1, 1, NULL, NULL, NULL, 1, NULL, NULL, NULL, 19, 5, NULL, NULL, NULL),
(354, '2021-08-07 06:05:17.703545', '2021-08-07 06:05:17.703545', NULL, 1, 0, NULL, NULL, '0.00', '0.00', NULL, 0, NULL, 24, 1, 1, NULL, NULL, NULL, 1, NULL, NULL, NULL, 19, 5, NULL, NULL, NULL),
(355, '2021-08-07 06:05:17.789550', '2021-08-07 06:05:17.789550', NULL, 1, 0, NULL, NULL, '0.00', '0.00', NULL, 0, NULL, 38, 1, 1, NULL, NULL, NULL, 1, NULL, NULL, NULL, 19, 5, NULL, NULL, NULL),
(356, '2021-08-07 06:05:17.884555', '2021-08-07 06:05:17.884555', NULL, 1, 0, NULL, NULL, '0.00', '0.00', NULL, 0, NULL, 27, 1, 1, NULL, NULL, NULL, 1, NULL, NULL, NULL, 19, 5, NULL, NULL, NULL),
(357, '2021-08-07 06:05:18.285578', '2021-08-07 06:05:18.286578', NULL, 1, 0, NULL, NULL, '0.00', '0.00', NULL, 0, NULL, 28, 1, 1, NULL, NULL, NULL, 1, NULL, NULL, NULL, 19, 5, NULL, NULL, NULL),
(358, '2021-08-07 06:05:18.548593', '2021-08-07 06:05:18.548593', NULL, 1, 0, NULL, NULL, '0.00', '0.00', NULL, 0, NULL, 25, 1, 1, NULL, NULL, NULL, 1, NULL, NULL, NULL, 19, 5, NULL, NULL, NULL),
(359, '2021-08-07 06:05:18.642599', '2021-08-07 06:05:18.642599', NULL, 1, 0, NULL, NULL, '0.00', '0.00', NULL, 0, NULL, 13, 1, 1, NULL, NULL, NULL, 1, NULL, NULL, NULL, 19, 5, NULL, NULL, NULL),
(360, '2021-08-07 06:05:18.723603', '2021-08-07 06:05:18.723603', NULL, 1, 0, NULL, NULL, '0.00', '0.00', NULL, 0, NULL, 26, 1, 1, NULL, NULL, NULL, 1, NULL, NULL, NULL, 19, 5, NULL, NULL, NULL),
(361, '2021-08-07 06:05:18.899613', '2021-08-07 06:05:18.899613', NULL, 1, 0, NULL, NULL, '0.00', '0.00', NULL, 0, NULL, 1, 1, 1, NULL, NULL, NULL, 1, NULL, NULL, NULL, 19, 5, NULL, NULL, NULL),
(362, '2021-08-07 06:05:18.974617', '2021-08-07 06:05:18.974617', NULL, 1, 0, NULL, NULL, '0.00', '0.00', NULL, 0, NULL, 34, 1, 1, NULL, NULL, NULL, 1, NULL, NULL, NULL, 19, 5, NULL, NULL, NULL),
(363, '2021-08-07 06:05:19.128626', '2021-08-07 06:05:19.128626', NULL, 1, 0, NULL, NULL, '0.00', '0.00', NULL, 0, NULL, 51, 1, 1, NULL, NULL, NULL, 1, NULL, NULL, NULL, 19, 5, NULL, NULL, NULL),
(364, '2021-08-07 06:05:19.199630', '2021-08-07 06:05:19.199630', NULL, 1, 0, NULL, NULL, '0.00', '0.00', NULL, 650, NULL, 22, 1, 1, NULL, NULL, NULL, 1, NULL, NULL, NULL, 19, 5, NULL, NULL, NULL),
(365, '2021-08-07 07:17:57.148448', '2021-08-07 07:17:57.148448', NULL, 0, 0, NULL, NULL, NULL, NULL, 2, NULL, NULL, NULL, NULL, 6, 19, 5, NULL, 3, 485, 86, NULL, NULL, NULL, NULL, NULL, NULL),
(366, '2021-08-07 07:32:06.865174', '2021-08-07 07:32:06.865174', NULL, 0, 0, NULL, NULL, NULL, NULL, 4, NULL, NULL, NULL, NULL, 6, 19, 5, NULL, 3, 487, 86, NULL, NULL, NULL, NULL, NULL, NULL),
(367, '2021-08-07 07:32:06.974374', '2021-08-07 07:32:06.974374', NULL, 0, 0, NULL, NULL, NULL, NULL, 3, NULL, NULL, NULL, NULL, 6, 19, 5, NULL, 3, 489, 84, NULL, NULL, NULL, NULL, NULL, NULL),
(368, '2021-08-07 07:32:07.379975', '2021-08-07 07:32:07.379975', NULL, 0, 0, NULL, NULL, NULL, NULL, 2, NULL, NULL, NULL, NULL, 6, 19, 5, NULL, 3, 492, 85, NULL, NULL, NULL, NULL, NULL, NULL),
(369, '2021-08-07 08:18:42.410247', '2021-08-07 08:18:42.410247', NULL, 0, 0, NULL, NULL, NULL, NULL, 2, NULL, NULL, NULL, NULL, 2, 19, 5, NULL, 3, 495, 235, NULL, NULL, NULL, NULL, NULL, NULL),
(370, '2021-08-07 08:18:43.127848', '2021-08-07 08:18:43.127848', NULL, 0, 0, NULL, NULL, NULL, NULL, 1, NULL, NULL, NULL, NULL, 2, 19, 5, NULL, 3, 501, 236, NULL, NULL, NULL, NULL, NULL, NULL),
(371, '2021-08-07 08:21:09.034905', '2021-08-07 08:21:09.034905', NULL, 0, 0, NULL, NULL, NULL, NULL, 2, NULL, NULL, NULL, NULL, 2, 19, 5, NULL, 3, 507, 84, NULL, NULL, NULL, NULL, NULL, NULL),
(372, '2021-08-07 08:23:43.693576', '2021-08-07 08:23:43.693576', NULL, 0, 0, NULL, NULL, NULL, NULL, 1, NULL, NULL, NULL, NULL, 2, 19, 5, NULL, 3, 514, 235, NULL, NULL, NULL, NULL, NULL, NULL),
(373, '2021-08-07 08:32:14.072073', '2021-08-07 08:32:14.072073', NULL, 0, 0, NULL, NULL, NULL, NULL, 1, NULL, NULL, NULL, NULL, 2, 19, 5, NULL, 3, 525, 86, NULL, NULL, NULL, NULL, NULL, NULL),
(374, '2021-08-07 08:32:14.087673', '2021-08-07 08:32:14.087673', NULL, 0, 0, NULL, NULL, NULL, NULL, 2, NULL, NULL, NULL, NULL, 2, 19, 5, NULL, 3, 527, 235, NULL, NULL, NULL, NULL, NULL, NULL),
(375, '2021-08-07 08:32:14.165673', '2021-08-07 08:32:14.165673', NULL, 0, 0, NULL, NULL, NULL, NULL, 1, NULL, NULL, NULL, NULL, 2, 19, 5, NULL, 3, 526, 84, NULL, NULL, NULL, NULL, NULL, NULL),
(376, '2021-08-07 08:33:00.456528', '2021-08-07 08:33:00.456528', NULL, 0, 0, NULL, NULL, NULL, NULL, 2, NULL, NULL, NULL, NULL, 2, 19, 5, NULL, 3, 530, 101, NULL, NULL, NULL, NULL, NULL, NULL),
(377, '2021-08-07 08:34:03.309123', '2021-08-07 08:34:03.309123', NULL, 0, 0, NULL, NULL, NULL, NULL, 4, NULL, NULL, NULL, NULL, 2, 19, 5, NULL, 3, 531, 103, NULL, NULL, NULL, NULL, NULL, NULL),
(378, '2021-08-07 08:35:46.243010', '2021-08-07 08:35:46.243010', NULL, 0, 0, NULL, NULL, NULL, NULL, 1, NULL, NULL, NULL, NULL, 2, 19, 5, NULL, 3, 538, 84, NULL, NULL, NULL, NULL, NULL, NULL),
(379, '2021-08-07 09:03:28.039647', '2021-08-07 09:03:28.039647', NULL, 1, 0, NULL, NULL, '81000.00', '243000.00', 3, NULL, NULL, NULL, 1, 1, NULL, NULL, NULL, 1, NULL, 133, NULL, 16, 5, NULL, NULL, NULL),
(380, '2021-08-07 09:03:28.375667', '2021-08-07 09:03:28.375667', NULL, 1, 0, NULL, NULL, '110000.00', '110000.00', 1, NULL, NULL, NULL, 1, 1, NULL, NULL, NULL, 1, NULL, 135, NULL, 16, 5, NULL, NULL, NULL),
(381, '2021-08-07 09:04:29.405600', '2021-08-07 09:04:29.406600', NULL, 1, 0, NULL, NULL, '47500.00', '142500.00', 3, NULL, NULL, NULL, 1, 1, NULL, NULL, NULL, 1, NULL, 116, NULL, 16, 5, NULL, NULL, NULL),
(382, '2021-08-07 09:04:29.540607', '2021-08-07 09:04:29.540607', NULL, 1, 0, NULL, NULL, '57000.00', '171000.00', 3, NULL, NULL, NULL, 1, 1, NULL, NULL, NULL, 1, NULL, 160, NULL, 16, 5, NULL, NULL, NULL),
(383, '2021-08-07 09:04:30.132641', '2021-08-07 09:04:30.132641', NULL, 1, 0, NULL, NULL, '47500.00', '142500.00', 3, NULL, NULL, NULL, 1, 1, NULL, NULL, NULL, 1, NULL, 116, NULL, 16, 5, NULL, NULL, NULL),
(384, '2021-08-07 09:04:30.288650', '2021-08-07 09:04:30.288650', NULL, 1, 0, NULL, NULL, '57000.00', '171000.00', 3, NULL, NULL, NULL, 1, 1, NULL, NULL, NULL, 1, NULL, 160, NULL, 16, 5, NULL, NULL, NULL),
(385, '2021-08-07 09:05:31.545982', '2021-08-07 09:05:31.545982', NULL, 1, 0, NULL, NULL, '70900.00', '141800.00', NULL, 2000, NULL, 20, 1, 1, NULL, NULL, NULL, 1, NULL, NULL, NULL, 16, 5, NULL, NULL, NULL),
(386, '2021-08-07 09:05:31.736993', '2021-08-07 09:05:31.736993', NULL, 1, 0, NULL, NULL, '42000.00', '84000.00', NULL, 2000, NULL, 4, 1, 1, NULL, NULL, NULL, 1, NULL, NULL, NULL, 16, 5, NULL, NULL, NULL),
(387, '2021-08-07 09:06:28.375484', '2021-08-07 09:06:28.375484', NULL, 1, 0, NULL, NULL, NULL, NULL, 1, NULL, NULL, NULL, 1, 1, 16, 5, NULL, 2, NULL, 135, NULL, 19, 5, NULL, NULL, NULL),
(388, '2021-08-07 09:06:28.861511', '2021-08-07 09:06:28.861511', NULL, 1, 0, NULL, NULL, NULL, NULL, 1, NULL, NULL, NULL, 1, 1, 16, 5, NULL, 2, NULL, 116, NULL, 19, 5, NULL, NULL, NULL),
(389, '2021-08-07 09:08:12.563866', '2021-08-07 09:08:12.563866', NULL, 1, 0, NULL, NULL, '0.00', '0.00', 0, NULL, NULL, NULL, 1, 1, NULL, NULL, NULL, 1, NULL, 116, NULL, 16, 5, NULL, NULL, NULL),
(390, '2021-08-07 09:09:02.678469', '2021-08-07 09:09:02.678469', NULL, 1, 0, NULL, NULL, NULL, NULL, NULL, 1000, NULL, 20, 1, 1, 16, 5, NULL, 2, NULL, NULL, NULL, 19, 5, NULL, NULL, NULL),
(391, '2021-08-07 09:15:59.941940', '2021-08-07 09:15:59.941940', NULL, 0, 0, NULL, NULL, NULL, NULL, 1, NULL, NULL, NULL, NULL, 2, 19, 5, NULL, 3, 541, 86, NULL, NULL, NULL, NULL, NULL, NULL),
(392, '2021-08-07 09:15:59.957941', '2021-08-07 09:15:59.958941', 1, 0, 0, NULL, NULL, NULL, NULL, NULL, 50, NULL, 5, NULL, 2, 19, 5, NULL, 4, 542, NULL, NULL, NULL, NULL, 117, NULL, NULL),
(393, '2021-08-07 09:19:57.065705', '2021-08-07 09:19:57.065705', 1, 0, 0, NULL, NULL, NULL, NULL, NULL, 250, NULL, 56, NULL, 2, 19, 5, NULL, 4, 543, NULL, NULL, NULL, NULL, 89, NULL, NULL),
(394, '2021-08-07 11:19:20.783410', '2021-08-07 11:19:20.783410', NULL, 0, 0, NULL, NULL, NULL, NULL, 1, NULL, NULL, NULL, NULL, 2, 19, 5, NULL, 3, 548, 101, NULL, NULL, NULL, NULL, NULL, NULL),
(395, '2021-08-07 11:19:20.845810', '2021-08-07 11:19:20.845810', NULL, 0, 0, NULL, NULL, NULL, NULL, 4, NULL, NULL, NULL, NULL, 2, 19, 5, NULL, 3, 551, 103, NULL, NULL, NULL, NULL, NULL, NULL),
(396, '2021-08-07 11:19:21.173411', '2021-08-07 11:19:21.173411', NULL, 0, 0, NULL, NULL, NULL, NULL, 1, NULL, NULL, NULL, NULL, 2, 19, 5, NULL, 3, 553, 85, NULL, NULL, NULL, NULL, NULL, NULL),
(397, '2021-08-07 11:23:58.574992', '2021-08-07 11:23:58.574992', 1, 0, 0, NULL, NULL, NULL, NULL, NULL, 250, NULL, 53, NULL, 2, 19, 5, NULL, 4, 555, NULL, NULL, NULL, NULL, 240, NULL, NULL),
(398, '2021-08-07 11:23:58.591993', '2021-08-07 11:23:58.591993', 1, 0, 0, NULL, NULL, NULL, NULL, NULL, 250, NULL, 52, NULL, 2, 19, 5, NULL, 4, 556, NULL, NULL, NULL, NULL, 241, NULL, NULL),
(399, '2021-08-07 13:24:18.475725', '2021-08-07 13:24:18.475725', NULL, 0, 0, NULL, NULL, NULL, NULL, 2, NULL, NULL, NULL, NULL, 8, 19, 5, NULL, 3, 558, 235, NULL, NULL, NULL, NULL, NULL, NULL),
(400, '2021-08-07 13:24:18.506925', '2021-08-07 13:24:18.506925', NULL, 0, 0, NULL, NULL, NULL, NULL, 1, NULL, NULL, NULL, NULL, 8, 19, 5, NULL, 3, 559, 236, NULL, NULL, NULL, NULL, NULL, NULL),
(401, '2021-08-07 13:37:14.436580', '2021-08-07 13:37:14.436580', 1, 0, 0, NULL, NULL, NULL, NULL, NULL, 20, NULL, 4, NULL, 8, 19, 5, NULL, 4, 560, NULL, NULL, NULL, NULL, 201, NULL, NULL),
(402, '2021-08-07 13:37:14.514580', '2021-08-07 13:37:14.514580', 1, 0, 0, NULL, NULL, NULL, NULL, NULL, 250, NULL, 53, NULL, 8, 19, 5, NULL, 4, 562, NULL, NULL, NULL, NULL, 240, NULL, NULL),
(403, '2021-08-07 13:37:14.623780', '2021-08-07 13:37:14.623780', 1, 0, 0, NULL, NULL, NULL, NULL, NULL, 20, NULL, 19, NULL, 8, 19, 5, NULL, 4, 560, NULL, NULL, NULL, NULL, 201, NULL, NULL),
(404, '2021-08-07 13:37:14.748581', '2021-08-07 13:37:14.748581', 1, 0, 0, NULL, NULL, NULL, NULL, NULL, 20, NULL, 22, NULL, 8, 19, 5, NULL, 4, 560, NULL, NULL, NULL, NULL, 201, NULL, NULL),
(405, '2021-08-07 13:37:15.481782', '2021-08-07 13:37:15.481782', 1, 0, 0, NULL, NULL, NULL, NULL, NULL, 20, NULL, 29, NULL, 8, 19, 5, NULL, 4, 560, NULL, NULL, NULL, NULL, 201, NULL, NULL),
(406, '2021-08-07 13:37:15.559782', '2021-08-07 13:37:15.559782', 1, 0, 0, NULL, NULL, NULL, NULL, NULL, 20, NULL, 13, NULL, 8, 19, 5, NULL, 4, 560, NULL, NULL, NULL, NULL, 201, NULL, NULL),
(407, '2021-08-07 13:37:15.653382', '2021-08-07 13:37:15.653382', 1, 0, 0, NULL, NULL, NULL, NULL, NULL, 15, NULL, 42, NULL, 8, 19, 5, NULL, 4, 560, NULL, NULL, NULL, NULL, 201, NULL, NULL),
(408, '2021-08-07 13:37:15.731382', '2021-08-07 13:37:15.731382', 1, 0, 0, NULL, NULL, NULL, NULL, 1, NULL, NULL, NULL, NULL, 8, 19, 5, NULL, 4, 560, 84, NULL, NULL, NULL, 201, NULL, NULL),
(409, '2021-08-07 13:39:47.658485', '2021-08-07 13:39:47.658485', NULL, 0, 0, NULL, NULL, NULL, NULL, 4, NULL, NULL, NULL, NULL, 8, 19, 5, NULL, 3, 563, 103, NULL, NULL, NULL, NULL, NULL, NULL),
(410, '2021-08-07 13:39:47.727489', '2021-08-07 13:39:47.727489', NULL, 0, 0, NULL, NULL, NULL, NULL, 5, NULL, NULL, NULL, NULL, 8, 19, 5, NULL, 3, 564, 101, NULL, NULL, NULL, NULL, NULL, NULL),
(411, '2021-08-07 13:39:47.750490', '2021-08-07 13:39:47.751491', 1, 0, 0, NULL, NULL, NULL, NULL, NULL, 50, NULL, 4, NULL, 8, 19, 5, NULL, 4, 566, NULL, NULL, NULL, NULL, 204, NULL, NULL),
(412, '2021-08-07 13:39:47.880498', '2021-08-07 13:39:47.880498', 1, 0, 0, NULL, NULL, NULL, NULL, 1, NULL, NULL, NULL, NULL, 8, 19, 5, NULL, 4, 566, 86, NULL, NULL, NULL, 204, NULL, NULL),
(413, '2021-08-07 13:42:36.616468', '2021-08-07 13:42:36.616468', NULL, 0, 0, NULL, NULL, NULL, NULL, 4, NULL, NULL, NULL, NULL, 8, 19, 5, NULL, 3, 568, 101, NULL, NULL, NULL, NULL, NULL, NULL),
(414, '2021-08-07 13:42:36.944069', '2021-08-07 13:42:36.944069', NULL, 0, 0, NULL, NULL, NULL, NULL, 1, NULL, NULL, NULL, NULL, 8, 19, 5, NULL, 3, 569, 81, NULL, NULL, NULL, NULL, NULL, NULL),
(415, '2021-08-07 13:42:36.959669', '2021-08-07 13:42:36.959669', 1, 0, 0, NULL, NULL, NULL, NULL, NULL, 250, NULL, 53, NULL, 8, 19, 5, NULL, 4, 571, NULL, NULL, NULL, NULL, 240, NULL, NULL),
(416, '2021-08-07 13:44:52.808231', '2021-08-07 13:44:52.808231', NULL, 0, 0, NULL, NULL, NULL, NULL, 3, NULL, NULL, NULL, NULL, 2, 19, 5, NULL, 3, 572, 86, NULL, NULL, NULL, NULL, NULL, NULL),
(417, '2021-08-07 13:44:52.813231', '2021-08-07 13:44:52.813231', NULL, 0, 0, NULL, NULL, NULL, NULL, 1, NULL, NULL, NULL, NULL, 2, 19, 5, NULL, 3, 573, 84, NULL, NULL, NULL, NULL, NULL, NULL),
(418, '2021-08-07 13:44:52.842233', '2021-08-07 13:44:52.843233', NULL, 0, 0, NULL, NULL, NULL, NULL, 1, NULL, NULL, NULL, NULL, 2, 19, 5, NULL, 3, 576, 81, NULL, NULL, NULL, NULL, NULL, NULL),
(419, '2021-08-07 13:44:52.850233', '2021-08-07 13:44:52.850233', 1, 0, 0, NULL, NULL, NULL, NULL, NULL, 50, NULL, 4, NULL, 2, 19, 5, NULL, 4, 575, NULL, NULL, NULL, NULL, 204, NULL, NULL),
(420, '2021-08-07 13:44:52.938238', '2021-08-07 13:44:52.938238', 1, 0, 0, NULL, NULL, NULL, NULL, NULL, 20, NULL, 4, NULL, 2, 19, 5, NULL, 4, 574, NULL, NULL, NULL, NULL, 202, NULL, NULL),
(421, '2021-08-07 13:44:53.221254', '2021-08-07 13:44:53.221254', 1, 0, 0, NULL, NULL, NULL, NULL, NULL, 20, NULL, 19, NULL, 2, 19, 5, NULL, 4, 574, NULL, NULL, NULL, NULL, 202, NULL, NULL),
(422, '2021-08-07 13:44:53.254256', '2021-08-07 13:44:53.254256', 1, 0, 0, NULL, NULL, NULL, NULL, 1, NULL, NULL, NULL, NULL, 2, 19, 5, NULL, 4, 575, 86, NULL, NULL, NULL, 204, NULL, NULL),
(423, '2021-08-07 13:44:53.341261', '2021-08-07 13:44:53.341261', 1, 0, 0, NULL, NULL, NULL, NULL, NULL, 20, NULL, 22, NULL, 2, 19, 5, NULL, 4, 574, NULL, NULL, NULL, NULL, 202, NULL, NULL),
(424, '2021-08-07 13:44:53.451267', '2021-08-07 13:44:53.451267', 1, 0, 0, NULL, NULL, NULL, NULL, NULL, 20, NULL, 29, NULL, 2, 19, 5, NULL, 4, 574, NULL, NULL, NULL, NULL, 202, NULL, NULL),
(425, '2021-08-07 13:44:53.746284', '2021-08-07 13:44:53.746284', 1, 0, 0, NULL, NULL, NULL, NULL, 1, NULL, NULL, NULL, NULL, 2, 19, 5, NULL, 4, 574, 86, NULL, NULL, NULL, 202, NULL, NULL),
(426, '2021-08-07 13:44:53.865291', '2021-08-07 13:44:53.865291', 1, 0, 0, NULL, NULL, NULL, NULL, 1, NULL, NULL, NULL, NULL, 2, 19, 5, NULL, 4, 574, 86, NULL, NULL, NULL, 202, NULL, NULL),
(427, '2021-08-07 13:49:20.441830', '2021-08-07 13:49:20.441830', NULL, 0, 0, NULL, NULL, NULL, NULL, 3, NULL, NULL, NULL, NULL, 8, 19, 5, NULL, 3, 580, 86, NULL, NULL, NULL, NULL, NULL, NULL),
(428, '2021-08-07 13:49:20.504230', '2021-08-07 13:49:20.504230', NULL, 0, 0, NULL, NULL, NULL, NULL, 2, NULL, NULL, NULL, NULL, 8, 19, 5, NULL, 3, 581, 103, NULL, NULL, NULL, NULL, NULL, NULL),
(429, '2021-08-07 13:49:20.753831', '2021-08-07 13:49:20.753831', 2, 0, 0, NULL, NULL, NULL, NULL, NULL, 100, NULL, 22, NULL, 8, 19, 5, NULL, 4, 582, NULL, NULL, NULL, NULL, 161, NULL, NULL),
(430, '2021-08-07 13:49:20.753831', '2021-08-07 13:49:20.753831', 3, 0, 0, NULL, NULL, NULL, NULL, NULL, 60, NULL, 4, NULL, 8, 19, 5, NULL, 4, 583, NULL, NULL, NULL, NULL, 201, NULL, NULL),
(431, '2021-08-07 13:49:20.769431', '2021-08-07 13:49:20.769431', 1, 0, 0, NULL, NULL, NULL, NULL, NULL, 60, NULL, 22, NULL, 8, 19, 5, NULL, 4, 585, NULL, NULL, NULL, NULL, 220, NULL, NULL),
(432, '2021-08-07 13:49:20.972231', '2021-08-07 13:49:20.972231', NULL, 0, 0, NULL, NULL, NULL, NULL, 1, NULL, NULL, NULL, NULL, 8, 19, 5, NULL, 3, 586, 81, NULL, NULL, NULL, NULL, NULL, NULL),
(433, '2021-08-07 13:49:21.159432', '2021-08-07 13:49:21.159432', 3, 0, 0, NULL, NULL, NULL, NULL, NULL, 60, NULL, 19, NULL, 8, 19, 5, NULL, 4, 583, NULL, NULL, NULL, NULL, 201, NULL, NULL),
(434, '2021-08-07 13:49:21.159432', '2021-08-07 13:49:21.159432', 1, 0, 0, NULL, NULL, NULL, NULL, NULL, 15, NULL, 42, NULL, 8, 19, 5, NULL, 4, 585, NULL, NULL, NULL, NULL, 220, NULL, NULL),
(435, '2021-08-07 13:49:21.299832', '2021-08-07 13:49:21.299832', 3, 0, 0, NULL, NULL, NULL, NULL, NULL, 60, NULL, 22, NULL, 8, 19, 5, NULL, 4, 583, NULL, NULL, NULL, NULL, 201, NULL, NULL),
(436, '2021-08-07 13:49:21.299832', '2021-08-07 13:49:21.299832', 1, 0, 0, NULL, NULL, NULL, NULL, NULL, 20, NULL, 38, NULL, 8, 19, 5, NULL, 4, 585, NULL, NULL, NULL, NULL, 220, NULL, NULL),
(437, '2021-08-07 13:49:21.424632', '2021-08-07 13:49:21.424632', 3, 0, 0, NULL, NULL, NULL, NULL, NULL, 60, NULL, 29, NULL, 8, 19, 5, NULL, 4, 583, NULL, NULL, NULL, NULL, 201, NULL, NULL),
(438, '2021-08-07 13:49:21.549432', '2021-08-07 13:49:21.549432', 3, 0, 0, NULL, NULL, NULL, NULL, NULL, 60, NULL, 13, NULL, 8, 19, 5, NULL, 4, 583, NULL, NULL, NULL, NULL, 201, NULL, NULL),
(439, '2021-08-07 13:49:22.267033', '2021-08-07 13:49:22.267033', 3, 0, 0, NULL, NULL, NULL, NULL, NULL, 45, NULL, 42, NULL, 8, 19, 5, NULL, 4, 583, NULL, NULL, NULL, NULL, 201, NULL, NULL),
(440, '2021-08-07 13:49:22.391834', '2021-08-07 13:49:22.391834', 3, 0, 0, NULL, NULL, NULL, NULL, 3, NULL, NULL, NULL, NULL, 8, 19, 5, NULL, 4, 583, 84, NULL, NULL, NULL, 201, NULL, NULL),
(441, '2021-08-07 13:51:32.420062', '2021-08-07 13:51:32.420062', NULL, 0, 0, NULL, NULL, NULL, NULL, 3, NULL, NULL, NULL, NULL, 8, 19, 5, NULL, 3, 587, 103, NULL, NULL, NULL, NULL, NULL, NULL),
(442, '2021-08-07 13:51:32.732063', '2021-08-07 13:51:32.732063', 1, 0, 0, NULL, NULL, NULL, NULL, NULL, 20, NULL, 4, NULL, 8, 19, 5, NULL, 4, 591, NULL, NULL, NULL, NULL, 201, NULL, NULL),
(443, '2021-08-07 13:51:32.747663', '2021-08-07 13:51:32.747663', 1, 0, 0, NULL, NULL, NULL, NULL, NULL, 50, NULL, 4, NULL, 8, 19, 5, NULL, 4, 590, NULL, NULL, NULL, NULL, 217, NULL, NULL),
(444, '2021-08-07 13:51:33.044063', '2021-08-07 13:51:33.044063', 1, 0, 0, NULL, NULL, NULL, NULL, NULL, 15, NULL, 42, NULL, 8, 19, 5, NULL, 4, 590, NULL, NULL, NULL, NULL, 217, NULL, NULL),
(445, '2021-08-07 13:51:33.059663', '2021-08-07 13:51:33.059663', 1, 0, 0, NULL, NULL, NULL, NULL, NULL, 20, NULL, 19, NULL, 8, 19, 5, NULL, 4, 591, NULL, NULL, NULL, NULL, 201, NULL, NULL),
(446, '2021-08-07 13:51:33.231264', '2021-08-07 13:51:33.231264', 1, 0, 0, NULL, NULL, NULL, NULL, 1, NULL, NULL, NULL, NULL, 8, 19, 5, NULL, 4, 590, 86, NULL, NULL, NULL, 217, NULL, NULL),
(447, '2021-08-07 13:51:33.262464', '2021-08-07 13:51:33.262464', 1, 0, 0, NULL, NULL, NULL, NULL, NULL, 20, NULL, 22, NULL, 8, 19, 5, NULL, 4, 591, NULL, NULL, NULL, NULL, 201, NULL, NULL),
(448, '2021-08-07 13:51:33.480864', '2021-08-07 13:51:33.480864', 1, 0, 0, NULL, NULL, NULL, NULL, NULL, 20, NULL, 29, NULL, 8, 19, 5, NULL, 4, 591, NULL, NULL, NULL, NULL, 201, NULL, NULL),
(449, '2021-08-07 13:51:33.574464', '2021-08-07 13:51:33.574464', 1, 0, 0, NULL, NULL, NULL, NULL, NULL, 20, NULL, 13, NULL, 8, 19, 5, NULL, 4, 591, NULL, NULL, NULL, NULL, 201, NULL, NULL),
(450, '2021-08-07 13:51:33.668064', '2021-08-07 13:51:33.668064', 1, 0, 0, NULL, NULL, NULL, NULL, NULL, 15, NULL, 42, NULL, 8, 19, 5, NULL, 4, 591, NULL, NULL, NULL, NULL, 201, NULL, NULL),
(451, '2021-08-07 13:51:33.730464', '2021-08-07 13:51:33.730464', 1, 0, 0, NULL, NULL, NULL, NULL, 1, NULL, NULL, NULL, NULL, 8, 19, 5, NULL, 4, 591, 84, NULL, NULL, NULL, 201, NULL, NULL),
(452, '2021-08-07 13:52:45.896191', '2021-08-07 13:52:45.896191', NULL, 0, 0, NULL, NULL, NULL, NULL, 2, NULL, NULL, NULL, NULL, 8, 19, 5, NULL, 3, 592, 101, NULL, NULL, NULL, NULL, NULL, NULL),
(453, '2021-08-07 13:54:08.053979', '2021-08-07 13:54:08.053979', NULL, 0, 0, NULL, NULL, NULL, NULL, 2, NULL, NULL, NULL, NULL, 8, 19, 5, NULL, 3, 598, 103, NULL, NULL, NULL, NULL, NULL, NULL),
(454, '2021-08-07 13:54:08.109982', '2021-08-07 13:54:08.109982', NULL, 0, 0, NULL, NULL, NULL, NULL, 2, NULL, NULL, NULL, NULL, 8, 19, 5, NULL, 3, 599, 101, NULL, NULL, NULL, NULL, NULL, NULL),
(455, '2021-08-07 14:00:52.209803', '2021-08-07 14:00:52.209803', NULL, 0, 0, NULL, NULL, NULL, NULL, 7, NULL, NULL, NULL, NULL, 8, 19, 5, NULL, 3, 601, 101, NULL, NULL, NULL, NULL, NULL, NULL),
(456, '2021-08-08 06:49:25.362765', '2021-08-08 06:49:25.362765', NULL, 1, 0, NULL, NULL, '0.00', '0.00', 6, NULL, NULL, NULL, 2, 2, NULL, NULL, NULL, 1, NULL, 81, NULL, 19, 5, NULL, NULL, NULL),
(457, '2021-08-08 06:49:26.039804', '2021-08-08 06:49:26.039804', NULL, 1, 0, NULL, NULL, '0.00', '0.00', 2, NULL, NULL, NULL, 2, 2, NULL, NULL, NULL, 1, NULL, 86, NULL, 19, 5, NULL, NULL, NULL),
(458, '2021-08-08 06:49:26.129809', '2021-08-08 06:49:26.129809', NULL, 1, 0, NULL, NULL, '0.00', '0.00', 5, NULL, NULL, NULL, 2, 2, NULL, NULL, NULL, 1, NULL, 84, NULL, 19, 5, NULL, NULL, NULL),
(459, '2021-08-08 13:59:54.134887', '2021-08-08 13:59:54.134887', NULL, 0, 0, NULL, NULL, NULL, NULL, 1, NULL, NULL, NULL, NULL, 6, 19, 5, NULL, 3, 603, 86, NULL, NULL, NULL, NULL, NULL, NULL),
(460, '2021-08-08 14:02:23.351150', '2021-08-08 14:02:23.351150', NULL, 0, 0, NULL, NULL, NULL, NULL, 1, NULL, NULL, NULL, NULL, 6, 19, 5, NULL, 3, 613, 235, NULL, NULL, NULL, NULL, NULL, NULL),
(461, '2021-08-08 14:03:06.853027', '2021-08-08 14:03:06.853027', NULL, 0, 0, NULL, NULL, NULL, NULL, 2, NULL, NULL, NULL, NULL, 6, 19, 5, NULL, 3, 614, 84, NULL, NULL, NULL, NULL, NULL, NULL),
(462, '2021-08-08 14:03:06.868627', '2021-08-08 14:03:06.868627', NULL, 0, 0, NULL, NULL, NULL, NULL, 3, NULL, NULL, NULL, NULL, 6, 19, 5, NULL, 3, 615, 81, NULL, NULL, NULL, NULL, NULL, NULL),
(463, '2021-08-08 14:05:40.842897', '2021-08-08 14:05:40.842897', NULL, 0, 0, NULL, NULL, NULL, NULL, 3, NULL, NULL, NULL, NULL, 6, 19, 5, NULL, 3, 622, 84, NULL, NULL, NULL, NULL, NULL, NULL),
(464, '2021-08-08 14:05:41.139298', '2021-08-08 14:05:41.139298', NULL, 0, 0, NULL, NULL, NULL, NULL, 3, NULL, NULL, NULL, NULL, 6, 19, 5, NULL, 3, 626, 86, NULL, NULL, NULL, NULL, NULL, NULL),
(465, '2021-08-08 14:12:41.850522', '2021-08-08 14:12:41.850522', NULL, 0, 0, NULL, NULL, NULL, NULL, 1, NULL, NULL, NULL, NULL, 6, 19, 5, NULL, 3, 630, 81, NULL, NULL, NULL, NULL, NULL, NULL),
(466, '2021-08-08 14:14:50.196863', '2021-08-08 14:14:50.196863', NULL, 0, 0, NULL, NULL, NULL, NULL, 1, NULL, NULL, NULL, NULL, 6, 19, 5, NULL, 3, 637, 235, NULL, NULL, NULL, NULL, NULL, NULL),
(467, '2021-08-08 14:15:58.700781', '2021-08-08 14:15:58.700781', NULL, 0, 0, NULL, NULL, NULL, NULL, 1, NULL, NULL, NULL, NULL, 6, 19, 5, NULL, 3, 643, 235, NULL, NULL, NULL, NULL, NULL, NULL),
(468, '2021-08-08 14:17:47.270991', '2021-08-08 14:17:47.270991', NULL, 0, 0, NULL, NULL, NULL, NULL, 2, NULL, NULL, NULL, NULL, 6, 19, 5, NULL, 3, 645, 227, NULL, NULL, NULL, NULL, NULL, NULL),
(469, '2021-08-08 14:17:47.314993', '2021-08-08 14:17:47.314993', NULL, 0, 0, NULL, NULL, NULL, NULL, 5, NULL, NULL, NULL, NULL, 6, 19, 5, NULL, 3, 646, 84, NULL, NULL, NULL, NULL, NULL, NULL),
(470, '2021-08-08 14:17:47.500004', '2021-08-08 14:17:47.500004', NULL, 0, 0, NULL, NULL, NULL, NULL, 5, NULL, NULL, NULL, NULL, 6, 19, 5, NULL, 3, 651, 86, NULL, NULL, NULL, NULL, NULL, NULL),
(471, '2021-08-08 14:17:47.642012', '2021-08-08 14:17:47.642012', NULL, 0, 0, NULL, NULL, NULL, NULL, 2, NULL, NULL, NULL, NULL, 6, 19, 5, NULL, 3, 652, 85, NULL, NULL, NULL, NULL, NULL, NULL),
(472, '2021-08-08 14:19:19.927291', '2021-08-08 14:19:19.928291', NULL, 0, 0, NULL, NULL, NULL, NULL, 1, NULL, NULL, NULL, NULL, 6, 19, 5, NULL, 3, 654, 235, NULL, NULL, NULL, NULL, NULL, NULL),
(473, '2021-08-08 14:19:19.993294', '2021-08-08 14:19:19.993294', NULL, 0, 0, NULL, NULL, NULL, NULL, 2, NULL, NULL, NULL, NULL, 6, 19, 5, NULL, 3, 658, 103, NULL, NULL, NULL, NULL, NULL, NULL),
(474, '2021-08-08 14:19:19.996295', '2021-08-08 14:19:19.996295', NULL, 0, 0, NULL, NULL, NULL, NULL, 2, NULL, NULL, NULL, NULL, 6, 19, 5, NULL, 3, 655, 101, NULL, NULL, NULL, NULL, NULL, NULL),
(475, '2021-08-08 14:20:54.555703', '2021-08-08 14:20:54.555703', NULL, 0, 0, NULL, NULL, NULL, NULL, 3, NULL, NULL, NULL, NULL, 6, 19, 5, NULL, 3, 659, 101, NULL, NULL, NULL, NULL, NULL, NULL),
(476, '2021-08-08 14:20:54.630707', '2021-08-08 14:20:54.630707', NULL, 0, 0, NULL, NULL, NULL, NULL, 3, NULL, NULL, NULL, NULL, 6, 19, 5, NULL, 3, 660, 103, NULL, NULL, NULL, NULL, NULL, NULL),
(477, '2021-08-08 14:25:19.962883', '2021-08-08 14:25:19.962883', NULL, 0, 0, NULL, NULL, NULL, NULL, 1, NULL, NULL, NULL, NULL, 6, 19, 5, NULL, 3, 664, 84, NULL, NULL, NULL, NULL, NULL, NULL),
(478, '2021-08-08 14:25:20.025887', '2021-08-08 14:25:20.025887', NULL, 0, 0, NULL, NULL, NULL, NULL, 1, NULL, NULL, NULL, NULL, 6, 19, 5, NULL, 3, 665, 101, NULL, NULL, NULL, NULL, NULL, NULL),
(483, '2021-08-08 14:28:37.093159', '2021-08-08 14:28:37.093159', NULL, 1, 0, NULL, NULL, '0.00', '0.00', 40, NULL, NULL, NULL, 2, 2, NULL, NULL, NULL, 1, NULL, 101, NULL, 19, 5, NULL, NULL, NULL),
(487, '2021-08-08 14:35:44.105518', '2021-08-08 14:35:44.105518', NULL, 0, 0, NULL, NULL, NULL, NULL, 4, NULL, NULL, NULL, NULL, 6, 19, 5, NULL, 3, 676, 87, NULL, NULL, NULL, NULL, NULL, NULL),
(488, '2021-08-08 14:35:44.175522', '2021-08-08 14:35:44.175522', NULL, 0, 0, NULL, NULL, NULL, NULL, 2, NULL, NULL, NULL, NULL, 6, 19, 5, NULL, 3, 679, 81, NULL, NULL, NULL, NULL, NULL, NULL),
(489, '2021-08-08 14:35:44.177522', '2021-08-08 14:35:44.177522', 4, 0, 0, NULL, NULL, NULL, NULL, NULL, 200, NULL, 5, NULL, 6, 19, 5, NULL, 4, 680, NULL, NULL, NULL, NULL, 117, NULL, NULL),
(490, '2021-08-08 14:35:44.188523', '2021-08-08 14:35:44.188523', NULL, 0, 0, NULL, NULL, NULL, NULL, 2, NULL, NULL, NULL, NULL, 6, 19, 5, NULL, 3, 677, 101, NULL, NULL, NULL, NULL, NULL, NULL),
(491, '2021-08-08 14:35:44.343532', '2021-08-08 14:35:44.343532', NULL, 0, 0, NULL, NULL, NULL, NULL, 1, NULL, NULL, NULL, NULL, 6, 19, 5, NULL, 3, 678, 116, NULL, NULL, NULL, NULL, NULL, NULL),
(492, '2021-08-08 14:39:43.053185', '2021-08-08 14:39:43.053185', NULL, 0, 0, NULL, NULL, NULL, NULL, 2, NULL, NULL, NULL, NULL, 6, 19, 5, NULL, 3, 684, 101, NULL, NULL, NULL, NULL, NULL, NULL),
(493, '2021-08-08 14:39:43.065186', '2021-08-08 14:39:43.065186', 1, 0, 0, NULL, NULL, NULL, NULL, NULL, 50, NULL, 4, NULL, 6, 19, 5, NULL, 4, 681, NULL, NULL, NULL, NULL, 217, NULL, NULL),
(494, '2021-08-08 14:39:43.122189', '2021-08-08 14:39:43.122189', 1, 0, 0, NULL, NULL, NULL, NULL, NULL, 30, NULL, 4, NULL, 6, 19, 5, NULL, 4, 683, NULL, NULL, NULL, NULL, 213, NULL, NULL),
(495, '2021-08-08 14:39:43.327201', '2021-08-08 14:39:43.327201', 1, 0, 0, NULL, NULL, NULL, NULL, NULL, 20, NULL, 38, NULL, 6, 19, 5, NULL, 4, 683, NULL, NULL, NULL, NULL, 213, NULL, NULL),
(496, '2021-08-08 14:39:43.653219', '2021-08-08 14:39:43.653219', 1, 0, 0, NULL, NULL, NULL, NULL, NULL, 15, NULL, 42, NULL, 6, 19, 5, NULL, 4, 681, NULL, NULL, NULL, NULL, 217, NULL, NULL),
(497, '2021-08-08 14:39:43.943236', '2021-08-08 14:39:43.943236', 1, 0, 0, NULL, NULL, NULL, NULL, NULL, 15, NULL, 42, NULL, 6, 19, 5, NULL, 4, 683, NULL, NULL, NULL, NULL, 213, NULL, NULL),
(498, '2021-08-08 14:39:44.147248', '2021-08-08 14:39:44.147248', 1, 0, 0, NULL, NULL, NULL, NULL, 1, NULL, NULL, NULL, NULL, 6, 19, 5, NULL, 4, 681, 86, NULL, NULL, NULL, 217, NULL, NULL),
(499, '2021-08-08 14:45:05.167609', '2021-08-08 14:45:05.167609', NULL, 0, 0, NULL, NULL, NULL, NULL, 2, NULL, NULL, NULL, NULL, 6, 19, 5, NULL, 3, 694, 84, NULL, NULL, NULL, NULL, NULL, NULL),
(500, '2021-08-08 14:45:05.396622', '2021-08-08 14:45:05.396622', NULL, 0, 0, NULL, NULL, NULL, NULL, 3, NULL, NULL, NULL, NULL, 6, 19, 5, NULL, 3, 699, 86, NULL, NULL, NULL, NULL, NULL, NULL),
(501, '2021-08-08 14:45:05.419623', '2021-08-08 14:45:05.419623', NULL, 0, 0, NULL, NULL, NULL, NULL, 4, NULL, NULL, NULL, NULL, 6, 19, 5, NULL, 3, 698, 85, NULL, NULL, NULL, NULL, NULL, NULL),
(502, '2021-08-08 14:45:05.771644', '2021-08-08 14:45:05.771644', 1, 0, 0, NULL, NULL, NULL, NULL, NULL, 50, NULL, 4, NULL, 6, 19, 5, NULL, 4, 700, NULL, NULL, NULL, NULL, 218, NULL, NULL),
(503, '2021-08-08 14:45:05.773644', '2021-08-08 14:45:05.773644', 1, 0, 0, NULL, NULL, NULL, NULL, NULL, 250, NULL, 53, NULL, 6, 19, 5, NULL, 4, 697, NULL, NULL, NULL, NULL, 240, NULL, NULL),
(504, '2021-08-08 14:45:05.896651', '2021-08-08 14:45:05.896651', 2, 0, 0, NULL, NULL, NULL, NULL, NULL, 40, NULL, 4, NULL, 6, 19, 5, NULL, 4, 701, NULL, NULL, NULL, NULL, 201, NULL, NULL),
(505, '2021-08-08 14:45:06.148665', '2021-08-08 14:45:06.148665', 2, 0, 0, NULL, NULL, NULL, NULL, NULL, 40, NULL, 19, NULL, 6, 19, 5, NULL, 4, 701, NULL, NULL, NULL, NULL, 201, NULL, NULL),
(506, '2021-08-08 14:45:06.280673', '2021-08-08 14:45:06.280673', 2, 0, 0, NULL, NULL, NULL, NULL, NULL, 40, NULL, 22, NULL, 6, 19, 5, NULL, 4, 701, NULL, NULL, NULL, NULL, 201, NULL, NULL),
(507, '2021-08-08 14:45:08.037773', '2021-08-08 14:45:08.037773', 2, 0, 0, NULL, NULL, NULL, NULL, NULL, 40, NULL, 29, NULL, 6, 19, 5, NULL, 4, 701, NULL, NULL, NULL, NULL, 201, NULL, NULL),
(508, '2021-08-08 14:45:08.142779', '2021-08-08 14:45:08.142779', 2, 0, 0, NULL, NULL, NULL, NULL, NULL, 40, NULL, 13, NULL, 6, 19, 5, NULL, 4, 701, NULL, NULL, NULL, NULL, 201, NULL, NULL),
(509, '2021-08-08 14:45:08.237785', '2021-08-08 14:45:08.237785', 2, 0, 0, NULL, NULL, NULL, NULL, NULL, 30, NULL, 42, NULL, 6, 19, 5, NULL, 4, 701, NULL, NULL, NULL, NULL, 201, NULL, NULL),
(510, '2021-08-08 14:45:08.363792', '2021-08-08 14:45:08.363792', 2, 0, 0, NULL, NULL, NULL, NULL, 2, NULL, NULL, NULL, NULL, 6, 19, 5, NULL, 4, 701, 84, NULL, NULL, NULL, 201, NULL, NULL),
(511, '2021-08-08 14:47:22.048438', '2021-08-08 14:47:22.048438', NULL, 0, 0, NULL, NULL, NULL, NULL, 3, NULL, NULL, NULL, NULL, 6, 19, 5, NULL, 3, 708, 101, NULL, NULL, NULL, NULL, NULL, NULL),
(512, '2021-08-08 14:47:22.086440', '2021-08-08 14:47:22.086440', NULL, 0, 0, NULL, NULL, NULL, NULL, 3, NULL, NULL, NULL, NULL, 6, 19, 5, NULL, 3, 709, 103, NULL, NULL, NULL, NULL, NULL, NULL),
(513, '2021-08-08 14:54:34.018409', '2021-08-08 14:54:34.018409', NULL, 0, 0, NULL, NULL, NULL, NULL, 2, NULL, NULL, NULL, NULL, 6, 19, 5, NULL, 3, 719, 101, NULL, NULL, NULL, NULL, NULL, NULL),
(514, '2021-08-08 14:54:34.065209', '2021-08-08 14:54:34.065209', 6, 0, 0, NULL, NULL, NULL, NULL, NULL, 300, NULL, 3, NULL, 6, 19, 5, NULL, 4, 720, NULL, NULL, NULL, NULL, 113, NULL, NULL),
(515, '2021-08-08 14:54:34.158810', '2021-08-08 14:54:34.158810', NULL, 0, 0, NULL, NULL, NULL, NULL, 1, NULL, NULL, NULL, NULL, 6, 19, 5, NULL, 3, 721, 84, NULL, NULL, NULL, NULL, NULL, NULL),
(516, '2021-08-09 03:32:41.936561', '2021-08-09 03:32:41.936561', NULL, 1, 0, NULL, NULL, '108990.00', '653940.00', 6, NULL, NULL, NULL, 2, 2, NULL, NULL, NULL, 1, NULL, 118, NULL, 16, 5, NULL, NULL, NULL),
(517, '2021-08-09 03:37:34.551230', '2021-08-09 03:37:34.551230', NULL, 1, 0, NULL, NULL, '0.00', '0.00', NULL, 750, NULL, 24, 2, 2, NULL, NULL, NULL, 1, NULL, NULL, NULL, 19, 5, NULL, NULL, NULL),
(518, '2021-08-09 03:37:34.689238', '2021-08-09 03:37:34.689238', NULL, 1, 0, NULL, NULL, '0.00', '0.00', NULL, 1000, NULL, 34, 2, 2, NULL, NULL, NULL, 1, NULL, NULL, NULL, 19, 5, NULL, NULL, NULL),
(519, '2021-08-09 03:39:44.609415', '2021-08-09 03:39:44.609415', NULL, 1, 0, NULL, NULL, '97499.00', '97499.00', 1, NULL, NULL, NULL, 2, 2, NULL, NULL, NULL, 1, NULL, 131, NULL, 19, 5, NULL, NULL, NULL),
(520, '2021-08-09 03:41:35.927258', '2021-08-09 03:41:35.927258', NULL, 1, 0, NULL, NULL, NULL, NULL, 1, NULL, NULL, NULL, 2, 2, 16, 5, NULL, 2, NULL, 118, NULL, 19, 5, NULL, NULL, NULL),
(521, '2021-08-09 03:41:36.110268', '2021-08-09 03:41:36.110268', NULL, 1, 0, NULL, NULL, NULL, NULL, 1, NULL, NULL, NULL, 2, 2, 16, 5, NULL, 2, NULL, 116, NULL, 19, 5, NULL, NULL, NULL),
(522, '2021-08-09 03:42:11.390003', '2021-08-09 03:42:11.391003', NULL, 1, 0, NULL, NULL, '0.00', '0.00', NULL, 200, NULL, 5, 2, 2, NULL, NULL, NULL, 1, NULL, NULL, NULL, 19, 5, NULL, NULL, NULL);
INSERT INTO `product_app_item_transfer` (`id`, `created_at`, `updated_at`, `product_quantity`, `is_confirmed`, `recieved_ebarimt`, `comment`, `unit_size`, `unit_price`, `total_amount`, `quantity`, `size`, `budget_id`, `commodity_id`, `confirmed_by_id`, `created_by_id`, `fr_client_id`, `fr_division_id`, `fr_user_id`, `item_transfer_type_id`, `order_detial_id`, `product_id`, `store_id`, `to_client_id`, `to_division_id`, `to_product_id`, `to_user_id`, `updated_by_id`) VALUES
(523, '2021-08-09 03:42:31.201121', '2021-08-09 03:42:31.201121', NULL, 1, 0, NULL, NULL, '0.00', '0.00', NULL, 0, NULL, 5, 2, 2, NULL, NULL, NULL, 1, NULL, NULL, NULL, 19, 5, NULL, NULL, NULL),
(524, '2021-08-09 03:44:20.541089', '2021-08-09 03:44:20.541089', NULL, 1, 0, NULL, NULL, '0.00', '0.00', 0, NULL, NULL, NULL, 2, 2, NULL, NULL, NULL, 1, NULL, 85, NULL, 19, 5, NULL, NULL, NULL),
(525, '2021-08-09 04:20:53.953425', '2021-08-09 04:20:53.953425', NULL, 0, 0, NULL, NULL, NULL, NULL, 4, NULL, NULL, NULL, NULL, 2, 19, 5, NULL, 3, 728, 84, NULL, NULL, NULL, NULL, NULL, NULL),
(526, '2021-08-09 04:33:09.166388', '2021-08-09 04:33:09.166388', NULL, 1, 0, NULL, NULL, NULL, NULL, 24, NULL, NULL, NULL, 2, 2, 16, 5, NULL, 2, NULL, 86, NULL, 19, 5, NULL, NULL, NULL),
(527, '2021-08-09 04:33:09.662416', '2021-08-09 04:33:09.663417', NULL, 1, 0, NULL, NULL, NULL, NULL, 24, NULL, NULL, NULL, 2, 2, 16, 5, NULL, 2, NULL, 84, NULL, 19, 5, NULL, NULL, NULL),
(528, '2021-08-09 08:29:22.244507', '2021-08-09 08:29:22.244507', NULL, 1, 0, NULL, NULL, '1970.00', '354600.00', 180, NULL, NULL, NULL, 2, 2, NULL, NULL, NULL, 1, NULL, 101, NULL, 16, 5, NULL, NULL, NULL),
(529, '2021-08-09 08:50:42.467369', '2021-08-09 08:50:42.467369', NULL, 1, 0, NULL, NULL, NULL, NULL, 60, NULL, NULL, NULL, 2, 2, 16, 5, NULL, 2, NULL, 101, NULL, 19, 5, NULL, NULL, NULL),
(530, '2021-08-09 10:04:40.254170', '2021-08-09 10:04:40.254170', NULL, 0, 0, NULL, NULL, NULL, NULL, 1, NULL, NULL, NULL, NULL, 9, 19, 5, NULL, 3, 730, 86, NULL, NULL, NULL, NULL, NULL, NULL),
(531, '2021-08-09 10:04:40.285370', '2021-08-09 10:04:40.285370', NULL, 0, 0, NULL, NULL, NULL, NULL, 1, NULL, NULL, NULL, NULL, 9, 19, 5, NULL, 3, 733, 84, NULL, NULL, NULL, NULL, NULL, NULL),
(532, '2021-08-09 10:04:40.690971', '2021-08-09 10:04:40.690971', NULL, 0, 0, NULL, NULL, NULL, NULL, 2, NULL, NULL, NULL, NULL, 9, 19, 5, NULL, 3, 735, 235, NULL, NULL, NULL, NULL, NULL, NULL),
(533, '2021-08-09 12:12:55.290790', '2021-08-09 12:12:55.290790', NULL, 0, 0, NULL, NULL, NULL, NULL, 2, NULL, NULL, NULL, NULL, 2, 19, 5, NULL, 3, 737, 103, NULL, NULL, NULL, NULL, NULL, NULL),
(534, '2021-08-09 12:14:42.119778', '2021-08-09 12:14:42.135378', NULL, 0, 0, NULL, NULL, NULL, NULL, 1, NULL, NULL, NULL, NULL, 2, 19, 5, NULL, 3, 740, 84, NULL, NULL, NULL, NULL, NULL, NULL),
(535, '2021-08-09 12:40:17.224275', '2021-08-09 12:40:17.224275', NULL, 0, 0, NULL, NULL, NULL, NULL, 1, NULL, NULL, NULL, NULL, 2, 19, 5, NULL, 3, 745, 235, NULL, NULL, NULL, NULL, NULL, NULL),
(536, '2021-08-09 12:40:17.224275', '2021-08-09 12:40:17.224275', NULL, 0, 0, NULL, NULL, NULL, NULL, 1, NULL, NULL, NULL, NULL, 2, 19, 5, NULL, 3, 746, 101, NULL, NULL, NULL, NULL, NULL, NULL),
(537, '2021-08-09 12:45:14.655397', '2021-08-09 12:45:14.655397', NULL, 0, 0, NULL, NULL, NULL, NULL, 1, NULL, NULL, NULL, NULL, 2, 19, 5, NULL, 3, 747, 84, NULL, NULL, NULL, NULL, NULL, NULL),
(538, '2021-08-09 12:46:23.638718', '2021-08-09 12:46:23.638718', NULL, 0, 0, NULL, NULL, NULL, NULL, 2, NULL, NULL, NULL, NULL, 2, 19, 5, NULL, 3, 751, 86, NULL, NULL, NULL, NULL, NULL, NULL),
(539, '2021-08-09 12:49:41.166265', '2021-08-09 12:49:41.166265', NULL, 0, 0, NULL, NULL, NULL, NULL, 1, NULL, NULL, NULL, NULL, 2, 19, 5, NULL, 3, 756, 235, NULL, NULL, NULL, NULL, NULL, NULL),
(540, '2021-08-09 12:53:21.313852', '2021-08-09 12:53:21.313852', NULL, 0, 0, NULL, NULL, NULL, NULL, 1, NULL, NULL, NULL, NULL, 2, 19, 5, NULL, 3, 762, 84, NULL, NULL, NULL, NULL, NULL, NULL),
(541, '2021-08-09 12:53:22.249854', '2021-08-09 12:53:22.249854', NULL, 0, 0, NULL, NULL, NULL, NULL, 1, NULL, NULL, NULL, NULL, 2, 19, 5, NULL, 3, 766, 81, NULL, NULL, NULL, NULL, NULL, NULL),
(542, '2021-08-09 12:53:22.249854', '2021-08-09 12:53:22.249854', NULL, 0, 0, NULL, NULL, NULL, NULL, 1, NULL, NULL, NULL, NULL, 2, 19, 5, NULL, 3, 765, 227, NULL, NULL, NULL, NULL, NULL, NULL),
(543, '2021-08-09 12:54:18.768753', '2021-08-09 12:54:18.768753', NULL, 0, 0, NULL, NULL, NULL, NULL, 1, NULL, NULL, NULL, NULL, 2, 19, 5, NULL, 3, 768, 85, NULL, NULL, NULL, NULL, NULL, NULL),
(544, '2021-08-09 12:54:18.784353', '2021-08-09 12:54:18.799953', NULL, 0, 0, NULL, NULL, NULL, NULL, 1, NULL, NULL, NULL, NULL, 2, 19, 5, NULL, 3, 769, 84, NULL, NULL, NULL, NULL, NULL, NULL),
(548, '2021-08-09 13:08:11.500220', '2021-08-09 13:08:11.500220', NULL, 0, 0, NULL, NULL, NULL, NULL, 2, NULL, NULL, NULL, NULL, 2, 19, 5, NULL, 3, 783, 103, NULL, NULL, NULL, NULL, NULL, NULL),
(549, '2021-08-09 13:09:46.726787', '2021-08-09 13:09:46.726787', NULL, 0, 0, NULL, NULL, NULL, NULL, 2, NULL, NULL, NULL, NULL, 2, 19, 5, NULL, 3, 786, 101, NULL, NULL, NULL, NULL, NULL, NULL),
(550, '2021-08-09 13:09:46.742387', '2021-08-09 13:09:46.742387', NULL, 0, 0, NULL, NULL, NULL, NULL, 1, NULL, NULL, NULL, NULL, 2, 19, 5, NULL, 3, 787, 235, NULL, NULL, NULL, NULL, NULL, NULL),
(551, '2021-08-09 13:41:04.536305', '2021-08-09 13:41:04.536305', NULL, 0, 0, NULL, NULL, NULL, NULL, 2, NULL, NULL, NULL, NULL, 2, 19, 5, NULL, 3, 791, 103, NULL, NULL, NULL, NULL, NULL, NULL),
(552, '2021-08-09 13:42:57.091743', '2021-08-09 13:42:57.091743', NULL, 0, 0, NULL, NULL, NULL, NULL, 1, NULL, NULL, NULL, NULL, 2, 19, 5, NULL, 3, 796, 227, NULL, NULL, NULL, NULL, NULL, NULL),
(553, '2021-08-09 13:50:01.166999', '2021-08-09 13:50:01.166999', NULL, 1, 0, NULL, NULL, '0.00', '0.00', 1, NULL, NULL, NULL, 2, 2, NULL, NULL, NULL, 1, NULL, 86, NULL, 19, 5, NULL, NULL, NULL),
(554, '2021-08-09 13:50:01.307007', '2021-08-09 13:50:01.307007', NULL, 1, 0, NULL, NULL, '0.00', '0.00', 1, NULL, NULL, NULL, 2, 2, NULL, NULL, NULL, 1, NULL, 84, NULL, 19, 5, NULL, NULL, NULL),
(555, '2021-08-09 13:50:01.407013', '2021-08-09 13:50:01.407013', NULL, 1, 0, NULL, NULL, '0.00', '0.00', 2, NULL, NULL, NULL, 2, 2, NULL, NULL, NULL, 1, NULL, 235, NULL, 19, 5, NULL, NULL, NULL),
(556, '2021-08-09 13:54:44.385009', '2021-08-09 13:54:44.385009', NULL, 0, 0, NULL, NULL, NULL, NULL, 4, NULL, NULL, NULL, NULL, 2, 19, 5, NULL, 3, 800, 103, NULL, NULL, NULL, NULL, NULL, NULL),
(557, '2021-08-09 13:58:10.601771', '2021-08-09 13:58:10.601771', NULL, 0, 0, NULL, NULL, NULL, NULL, 2, NULL, NULL, NULL, NULL, 2, 19, 5, NULL, 3, 804, 101, NULL, NULL, NULL, NULL, NULL, NULL),
(558, '2021-08-09 14:03:00.793481', '2021-08-09 14:03:00.793481', NULL, 0, 0, NULL, NULL, NULL, NULL, 3, NULL, NULL, NULL, NULL, 2, 19, 5, NULL, 3, 807, 101, NULL, NULL, NULL, NULL, NULL, NULL),
(559, '2021-08-09 14:03:49.543567', '2021-08-09 14:03:49.543567', NULL, 0, 0, NULL, NULL, NULL, NULL, 1, NULL, NULL, NULL, NULL, 2, 19, 5, NULL, 3, 812, 101, NULL, NULL, NULL, NULL, NULL, NULL),
(560, '2021-08-09 14:04:59.166489', '2021-08-09 14:04:59.166489', 1, 0, 0, NULL, NULL, NULL, NULL, NULL, 60, NULL, 19, NULL, 2, 19, 5, NULL, 4, 814, NULL, NULL, NULL, NULL, 205, NULL, NULL),
(561, '2021-08-09 14:04:59.197689', '2021-08-09 14:04:59.197689', NULL, 0, 0, NULL, NULL, NULL, NULL, 1, NULL, NULL, NULL, NULL, 2, 19, 5, NULL, 3, 817, 87, NULL, NULL, NULL, NULL, NULL, NULL),
(562, '2021-08-09 14:04:59.228889', '2021-08-09 14:04:59.228889', 1, 0, 0, NULL, NULL, NULL, NULL, NULL, 50, NULL, 29, NULL, 2, 19, 5, NULL, 4, 816, NULL, NULL, NULL, NULL, 175, NULL, NULL),
(563, '2021-08-09 14:04:59.572090', '2021-08-09 14:04:59.572090', 1, 0, 0, NULL, NULL, NULL, NULL, NULL, 15, NULL, 42, NULL, 2, 19, 5, NULL, 4, 814, NULL, NULL, NULL, NULL, 205, NULL, NULL),
(564, '2021-08-09 14:04:59.603290', '2021-08-09 14:04:59.603290', NULL, 0, 0, NULL, NULL, NULL, NULL, 3, NULL, NULL, NULL, NULL, 2, 19, 5, NULL, 3, 820, 101, NULL, NULL, NULL, NULL, NULL, NULL),
(565, '2021-08-09 14:04:59.915290', '2021-08-09 14:04:59.915290', 1, 0, 0, NULL, NULL, NULL, NULL, 1, NULL, NULL, NULL, NULL, 2, 19, 5, NULL, 4, 814, 87, NULL, NULL, NULL, 205, NULL, NULL),
(566, '2021-08-09 14:06:46.089077', '2021-08-09 14:06:46.089077', NULL, 0, 0, NULL, NULL, NULL, NULL, 10, NULL, NULL, NULL, NULL, 2, 19, 5, NULL, 3, 822, 235, NULL, NULL, NULL, NULL, NULL, NULL),
(567, '2021-08-09 14:06:46.463477', '2021-08-09 14:06:46.463477', NULL, 0, 0, NULL, NULL, NULL, NULL, 1, NULL, NULL, NULL, NULL, 2, 19, 5, NULL, 3, 828, 227, NULL, NULL, NULL, NULL, NULL, NULL),
(568, '2021-08-09 14:10:50.744306', '2021-08-09 14:10:50.744306', NULL, 0, 0, NULL, NULL, NULL, NULL, 1, NULL, NULL, NULL, NULL, 2, 19, 5, NULL, 3, 834, 101, NULL, NULL, NULL, NULL, NULL, NULL),
(569, '2021-08-09 14:10:50.962707', '2021-08-09 14:10:50.962707', NULL, 0, 0, NULL, NULL, NULL, NULL, 6, NULL, NULL, NULL, NULL, 2, 19, 5, NULL, 3, 837, 84, NULL, NULL, NULL, NULL, NULL, NULL),
(570, '2021-08-09 14:10:51.040707', '2021-08-09 14:10:51.040707', NULL, 0, 0, NULL, NULL, NULL, NULL, 3, NULL, NULL, NULL, NULL, 2, 19, 5, NULL, 3, 838, 86, NULL, NULL, NULL, NULL, NULL, NULL),
(571, '2021-08-09 14:10:51.071907', '2021-08-09 14:10:51.071907', NULL, 0, 0, NULL, NULL, NULL, NULL, 1, NULL, NULL, NULL, NULL, 2, 19, 5, NULL, 3, 840, 235, NULL, NULL, NULL, NULL, NULL, NULL),
(572, '2021-08-09 14:10:51.103107', '2021-08-09 14:10:51.103107', NULL, 0, 0, NULL, NULL, NULL, NULL, 9, NULL, NULL, NULL, NULL, 2, 19, 5, NULL, 3, 839, 85, NULL, NULL, NULL, NULL, NULL, NULL),
(573, '2021-08-09 14:10:51.134307', '2021-08-09 14:10:51.134307', NULL, 0, 0, NULL, NULL, NULL, NULL, 7, NULL, NULL, NULL, NULL, 2, 19, 5, NULL, 3, 841, 81, NULL, NULL, NULL, NULL, NULL, NULL),
(574, '2021-08-09 14:11:52.239615', '2021-08-09 14:11:52.239615', NULL, 1, 0, NULL, NULL, NULL, NULL, 5, NULL, NULL, NULL, 1, 1, 16, 5, NULL, 2, NULL, 227, NULL, 19, 5, NULL, NULL, NULL),
(575, '2021-08-09 14:12:04.906837', '2021-08-09 14:12:04.906837', NULL, 0, 0, NULL, NULL, NULL, NULL, 1, NULL, NULL, NULL, NULL, 2, 19, 5, NULL, 3, 842, 227, NULL, NULL, NULL, NULL, NULL, NULL),
(576, '2021-08-10 05:13:54.353341', '2021-08-10 05:13:54.353341', NULL, 1, 0, NULL, NULL, '0.00', '0.00', 1, NULL, NULL, NULL, 2, 2, NULL, NULL, NULL, 1, NULL, 190, NULL, 19, 5, NULL, NULL, NULL),
(577, '2021-08-10 05:13:54.868142', '2021-08-10 05:13:54.868142', NULL, 1, 0, NULL, NULL, '0.00', '0.00', 1, NULL, NULL, NULL, 2, 2, NULL, NULL, NULL, 1, NULL, 200, NULL, 19, 5, NULL, NULL, NULL),
(578, '2021-08-10 05:13:55.117742', '2021-08-10 05:13:55.117742', NULL, 1, 0, NULL, NULL, '0.00', '0.00', 1, NULL, NULL, NULL, 2, 2, NULL, NULL, NULL, 1, NULL, 187, NULL, 19, 5, NULL, NULL, NULL),
(579, '2021-08-10 05:13:55.211343', '2021-08-10 05:13:55.211343', NULL, 1, 0, NULL, NULL, '0.00', '0.00', 1, NULL, NULL, NULL, 2, 2, NULL, NULL, NULL, 1, NULL, 184, NULL, 19, 5, NULL, NULL, NULL),
(580, '2021-08-10 05:13:55.304943', '2021-08-10 05:13:55.304943', NULL, 1, 0, NULL, NULL, '0.00', '0.00', 1, NULL, NULL, NULL, 2, 2, NULL, NULL, NULL, 1, NULL, 190, NULL, 19, 5, NULL, NULL, NULL),
(581, '2021-08-10 06:49:33.380978', '2021-08-10 06:49:33.380978', NULL, 0, 0, NULL, NULL, NULL, NULL, 1, NULL, NULL, NULL, NULL, 8, 19, 5, NULL, 3, 844, 86, NULL, NULL, NULL, NULL, NULL, NULL),
(582, '2021-08-10 06:51:13.143153', '2021-08-10 06:51:13.143153', NULL, 0, 0, NULL, NULL, NULL, NULL, 1, NULL, NULL, NULL, NULL, 8, 19, 5, NULL, 3, 846, 81, NULL, NULL, NULL, NULL, NULL, NULL),
(583, '2021-08-10 06:57:57.873264', '2021-08-10 06:57:57.873264', NULL, 1, 0, NULL, NULL, '0.00', '0.00', 100, NULL, NULL, NULL, 2, 2, NULL, NULL, NULL, 1, NULL, 235, NULL, 19, 5, NULL, NULL, NULL),
(584, '2021-08-10 07:08:21.695363', '2021-08-10 07:08:21.695363', NULL, 0, 0, NULL, NULL, NULL, NULL, 2, NULL, NULL, NULL, NULL, 8, 19, 5, NULL, 3, 848, 235, NULL, NULL, NULL, NULL, NULL, NULL),
(585, '2021-08-10 07:08:21.710963', '2021-08-10 07:08:21.710963', NULL, 0, 0, NULL, NULL, NULL, NULL, 1, NULL, NULL, NULL, NULL, 8, 19, 5, NULL, 3, 849, 236, NULL, NULL, NULL, NULL, NULL, NULL),
(586, '2021-08-10 07:39:29.743645', '2021-08-10 07:39:29.743645', NULL, 0, 0, NULL, NULL, NULL, NULL, 6, NULL, NULL, NULL, NULL, 8, 19, 5, NULL, 3, 856, 86, NULL, NULL, NULL, NULL, NULL, NULL),
(587, '2021-08-10 07:39:29.821645', '2021-08-10 07:39:29.821645', NULL, 0, 0, NULL, NULL, NULL, NULL, 4, NULL, NULL, NULL, NULL, 8, 19, 5, NULL, 3, 858, 235, NULL, NULL, NULL, NULL, NULL, NULL),
(588, '2021-08-10 07:43:48.376499', '2021-08-10 07:43:48.376499', NULL, 0, 0, NULL, NULL, NULL, NULL, 1, NULL, NULL, NULL, NULL, 8, 19, 5, NULL, 3, 864, 235, NULL, NULL, NULL, NULL, NULL, NULL),
(589, '2021-08-10 07:53:22.645708', '2021-08-10 07:53:22.645708', NULL, 0, 0, NULL, NULL, NULL, NULL, 1, NULL, NULL, NULL, NULL, 8, 19, 5, NULL, 3, 865, 235, NULL, NULL, NULL, NULL, NULL, NULL),
(590, '2021-08-10 07:57:10.702509', '2021-08-10 07:57:10.702509', NULL, 0, 0, NULL, NULL, NULL, NULL, 1, NULL, NULL, NULL, NULL, 8, 19, 5, NULL, 3, 875, 235, NULL, NULL, NULL, NULL, NULL, NULL),
(591, '2021-08-10 08:37:24.982565', '2021-08-10 08:37:24.982565', NULL, 0, 0, NULL, NULL, NULL, NULL, 1, NULL, NULL, NULL, NULL, 8, 19, 5, NULL, 3, 878, 227, NULL, NULL, NULL, NULL, NULL, NULL),
(592, '2021-08-10 12:15:51.803791', '2021-08-10 12:15:51.803791', NULL, 1, 0, NULL, NULL, '0.00', '0.00', NULL, 0, NULL, 4, 2, 2, NULL, NULL, NULL, 1, NULL, NULL, NULL, 19, 5, NULL, NULL, NULL),
(593, '2021-08-10 12:16:05.765816', '2021-08-10 12:16:05.765816', NULL, 1, 0, NULL, NULL, '0.00', '0.00', NULL, 1000, NULL, 4, 2, 2, NULL, NULL, NULL, 1, NULL, NULL, NULL, 19, 5, NULL, NULL, NULL),
(594, '2021-08-10 13:50:48.443804', '2021-08-10 13:50:48.443804', 1, 0, 0, NULL, NULL, NULL, NULL, NULL, 250, NULL, 52, NULL, 2, 19, 5, NULL, 4, 881, NULL, NULL, NULL, NULL, 241, NULL, NULL),
(595, '2021-08-10 13:50:48.584204', '2021-08-10 13:50:48.584204', NULL, 0, 0, NULL, NULL, NULL, NULL, 5, NULL, NULL, NULL, NULL, 2, 19, 5, NULL, 3, 882, 103, NULL, NULL, NULL, NULL, NULL, NULL),
(596, '2021-08-10 14:08:50.535568', '2021-08-10 14:08:50.536568', NULL, 0, 0, NULL, NULL, NULL, NULL, 2, NULL, NULL, NULL, NULL, 2, 19, 5, NULL, 3, 886, 87, NULL, NULL, NULL, NULL, NULL, NULL),
(597, '2021-08-10 14:08:50.893588', '2021-08-10 14:08:50.893588', NULL, 0, 0, NULL, NULL, NULL, NULL, 2, NULL, NULL, NULL, NULL, 2, 19, 5, NULL, 3, 889, 85, NULL, NULL, NULL, NULL, NULL, NULL),
(598, '2021-08-10 14:14:14.313087', '2021-08-10 14:14:14.313087', NULL, 0, 0, NULL, NULL, NULL, NULL, 1, NULL, NULL, NULL, NULL, 2, 19, 5, NULL, 3, 894, 81, NULL, NULL, NULL, NULL, NULL, NULL),
(599, '2021-08-10 14:14:14.330088', '2021-08-10 14:14:14.330088', 1, 0, 0, NULL, NULL, NULL, NULL, NULL, 50, NULL, 4, NULL, 2, 19, 5, NULL, 4, 891, NULL, NULL, NULL, NULL, 217, NULL, NULL),
(600, '2021-08-10 14:14:14.343089', '2021-08-10 14:14:14.343089', NULL, 0, 0, NULL, NULL, NULL, NULL, 4, NULL, NULL, NULL, NULL, 2, 19, 5, NULL, 3, 892, 84, NULL, NULL, NULL, NULL, NULL, NULL),
(601, '2021-08-10 14:14:14.372090', '2021-08-10 14:14:14.372090', 1, 0, 0, NULL, NULL, NULL, NULL, NULL, 60, NULL, 20, NULL, 2, 19, 5, NULL, 4, 895, NULL, NULL, NULL, NULL, 221, NULL, NULL),
(602, '2021-08-10 14:14:14.562101', '2021-08-10 14:14:14.563101', 1, 0, 0, NULL, NULL, NULL, NULL, NULL, 15, NULL, 42, NULL, 2, 19, 5, NULL, 4, 891, NULL, NULL, NULL, NULL, 217, NULL, NULL),
(603, '2021-08-10 14:14:14.591103', '2021-08-10 14:14:14.591103', 1, 0, 0, NULL, NULL, NULL, NULL, NULL, 15, NULL, 42, NULL, 2, 19, 5, NULL, 4, 895, NULL, NULL, NULL, NULL, 221, NULL, NULL),
(604, '2021-08-10 14:14:14.626105', '2021-08-10 14:14:14.626105', NULL, 0, 0, NULL, NULL, NULL, NULL, 1, NULL, NULL, NULL, NULL, 2, 19, 5, NULL, 3, 897, 101, NULL, NULL, NULL, NULL, NULL, NULL),
(605, '2021-08-10 14:14:15.403149', '2021-08-10 14:14:15.403149', 1, 0, 0, NULL, NULL, NULL, NULL, 1, NULL, NULL, NULL, NULL, 2, 19, 5, NULL, 4, 891, 86, NULL, NULL, NULL, 217, NULL, NULL),
(606, '2021-08-10 14:15:20.497872', '2021-08-10 14:15:20.497872', 1, 0, 0, NULL, NULL, NULL, NULL, NULL, 60, NULL, 22, NULL, 2, 19, 5, NULL, 4, 899, NULL, NULL, NULL, NULL, 220, NULL, NULL),
(607, '2021-08-10 14:15:20.573877', '2021-08-10 14:15:20.573877', 1, 0, 0, NULL, NULL, NULL, NULL, NULL, 15, NULL, 42, NULL, 2, 19, 5, NULL, 4, 899, NULL, NULL, NULL, NULL, 220, NULL, NULL),
(608, '2021-08-10 14:15:20.673883', '2021-08-10 14:15:20.673883', 1, 0, 0, NULL, NULL, NULL, NULL, NULL, 20, NULL, 38, NULL, 2, 19, 5, NULL, 4, 899, NULL, NULL, NULL, NULL, 220, NULL, NULL),
(609, '2021-08-10 14:21:10.274879', '2021-08-10 14:21:10.274879', NULL, 0, 0, NULL, NULL, NULL, NULL, 3, NULL, NULL, NULL, NULL, 2, 19, 5, NULL, 3, 903, 84, NULL, NULL, NULL, NULL, NULL, NULL),
(610, '2021-08-10 14:21:10.289879', '2021-08-10 14:21:10.289879', NULL, 0, 0, NULL, NULL, NULL, NULL, 1, NULL, NULL, NULL, NULL, 2, 19, 5, NULL, 3, 904, 108, NULL, NULL, NULL, NULL, NULL, NULL),
(611, '2021-08-10 14:21:32.689161', '2021-08-10 14:21:32.690161', NULL, 0, 0, NULL, NULL, NULL, NULL, 4, NULL, NULL, NULL, NULL, 2, 19, 5, NULL, 3, 906, 235, NULL, NULL, NULL, NULL, NULL, NULL),
(612, '2021-08-10 14:22:26.995267', '2021-08-10 14:22:26.995267', NULL, 0, 0, NULL, NULL, NULL, NULL, 6, NULL, NULL, NULL, NULL, 2, 19, 5, NULL, 3, 907, 103, NULL, NULL, NULL, NULL, NULL, NULL),
(613, '2021-08-10 14:23:38.858377', '2021-08-10 14:23:38.858377', NULL, 0, 0, NULL, NULL, NULL, NULL, 2, NULL, NULL, NULL, NULL, 2, 19, 5, NULL, 3, 908, 103, NULL, NULL, NULL, NULL, NULL, NULL),
(614, '2021-08-10 14:36:08.450908', '2021-08-10 14:36:08.450908', NULL, 0, 0, NULL, NULL, NULL, NULL, 2, NULL, NULL, NULL, NULL, 2, 19, 5, NULL, 3, 911, 101, NULL, NULL, NULL, NULL, NULL, NULL),
(615, '2021-08-10 14:36:08.453908', '2021-08-10 14:36:08.453908', NULL, 0, 0, NULL, NULL, NULL, NULL, 1, NULL, NULL, NULL, NULL, 2, 19, 5, NULL, 3, 912, 86, NULL, NULL, NULL, NULL, NULL, NULL),
(616, '2021-08-10 14:36:43.533821', '2021-08-10 14:36:43.533821', NULL, 0, 0, NULL, NULL, NULL, NULL, 1, NULL, NULL, NULL, NULL, 2, 19, 5, NULL, 3, 914, 84, NULL, NULL, NULL, NULL, NULL, NULL),
(617, '2021-08-10 14:36:43.535821', '2021-08-10 14:36:43.536821', NULL, 0, 0, NULL, NULL, NULL, NULL, 2, NULL, NULL, NULL, NULL, 2, 19, 5, NULL, 3, 915, 101, NULL, NULL, NULL, NULL, NULL, NULL),
(618, '2021-08-10 14:37:59.456171', '2021-08-10 14:37:59.456171', 1, 0, 0, NULL, NULL, NULL, NULL, NULL, 60, NULL, 22, NULL, 2, 19, 5, NULL, 4, 918, NULL, NULL, NULL, NULL, 220, NULL, NULL),
(619, '2021-08-10 14:37:59.541176', '2021-08-10 14:37:59.541176', 1, 0, 0, NULL, NULL, NULL, NULL, NULL, 15, NULL, 42, NULL, 2, 19, 5, NULL, 4, 918, NULL, NULL, NULL, NULL, 220, NULL, NULL),
(620, '2021-08-10 14:37:59.619180', '2021-08-10 14:37:59.619180', 1, 0, 0, NULL, NULL, NULL, NULL, NULL, 20, NULL, 38, NULL, 2, 19, 5, NULL, 4, 918, NULL, NULL, NULL, NULL, 220, NULL, NULL),
(621, '2021-08-10 14:40:24.300490', '2021-08-10 14:40:24.300490', NULL, 0, 0, NULL, NULL, NULL, NULL, 7, NULL, NULL, NULL, NULL, 2, 19, 5, NULL, 3, 923, 101, NULL, NULL, NULL, NULL, NULL, NULL),
(622, '2021-08-10 14:40:24.331690', '2021-08-10 14:40:24.331690', NULL, 0, 0, NULL, NULL, NULL, NULL, 1, NULL, NULL, NULL, NULL, 2, 19, 5, NULL, 3, 925, 103, NULL, NULL, NULL, NULL, NULL, NULL),
(623, '2021-08-10 14:41:46.878033', '2021-08-10 14:41:46.878033', 1, 0, 0, NULL, NULL, NULL, NULL, NULL, 60, NULL, 19, NULL, 2, 19, 5, NULL, 4, 927, NULL, NULL, NULL, NULL, 205, NULL, NULL),
(624, '2021-08-10 14:41:46.936036', '2021-08-10 14:41:46.936036', 1, 0, 0, NULL, NULL, NULL, NULL, NULL, 60, NULL, 22, NULL, 2, 19, 5, NULL, 4, 928, NULL, NULL, NULL, NULL, 220, NULL, NULL),
(625, '2021-08-10 14:41:46.991039', '2021-08-10 14:41:46.991039', 1, 0, 0, NULL, NULL, NULL, NULL, NULL, 60, NULL, 20, NULL, 2, 19, 5, NULL, 4, 930, NULL, NULL, NULL, NULL, 221, NULL, NULL),
(626, '2021-08-10 14:41:47.039042', '2021-08-10 14:41:47.039042', 1, 0, 0, NULL, NULL, NULL, NULL, NULL, 20, NULL, 4, NULL, 2, 19, 5, NULL, 4, 932, NULL, NULL, NULL, NULL, 201, NULL, NULL),
(627, '2021-08-10 14:41:47.042042', '2021-08-10 14:41:47.042042', 1, 0, 0, NULL, NULL, NULL, NULL, NULL, 50, NULL, 4, NULL, 2, 19, 5, NULL, 4, 931, NULL, NULL, NULL, NULL, 217, NULL, NULL),
(628, '2021-08-10 14:41:47.050043', '2021-08-10 14:41:47.050043', 1, 0, 0, NULL, NULL, NULL, NULL, NULL, 15, NULL, 42, NULL, 2, 19, 5, NULL, 4, 927, NULL, NULL, NULL, NULL, 205, NULL, NULL),
(629, '2021-08-10 14:41:47.052043', '2021-08-10 14:41:47.052043', 1, 0, 0, NULL, NULL, NULL, NULL, NULL, 20, NULL, 4, NULL, 2, 19, 5, NULL, 4, 929, NULL, NULL, NULL, NULL, 202, NULL, NULL),
(630, '2021-08-10 14:41:47.112046', '2021-08-10 14:41:47.113046', 1, 0, 0, NULL, NULL, NULL, NULL, NULL, 15, NULL, 42, NULL, 2, 19, 5, NULL, 4, 928, NULL, NULL, NULL, NULL, 220, NULL, NULL),
(631, '2021-08-10 14:41:47.163049', '2021-08-10 14:41:47.164049', 1, 0, 0, NULL, NULL, NULL, NULL, NULL, 15, NULL, 42, NULL, 2, 19, 5, NULL, 4, 930, NULL, NULL, NULL, NULL, 221, NULL, NULL),
(632, '2021-08-10 14:41:47.258055', '2021-08-10 14:41:47.258055', 1, 0, 0, NULL, NULL, NULL, NULL, NULL, 20, NULL, 19, NULL, 2, 19, 5, NULL, 4, 932, NULL, NULL, NULL, NULL, 201, NULL, NULL),
(633, '2021-08-10 14:41:47.263055', '2021-08-10 14:41:47.263055', 1, 0, 0, NULL, NULL, NULL, NULL, 1, NULL, NULL, NULL, NULL, 2, 19, 5, NULL, 4, 927, 87, NULL, NULL, NULL, 205, NULL, NULL),
(634, '2021-08-10 14:41:47.291056', '2021-08-10 14:41:47.291056', 1, 0, 0, NULL, NULL, NULL, NULL, NULL, 20, NULL, 19, NULL, 2, 19, 5, NULL, 4, 929, NULL, NULL, NULL, NULL, 202, NULL, NULL),
(635, '2021-08-10 14:41:47.326058', '2021-08-10 14:41:47.326058', 1, 0, 0, NULL, NULL, NULL, NULL, NULL, 15, NULL, 42, NULL, 2, 19, 5, NULL, 4, 931, NULL, NULL, NULL, NULL, 217, NULL, NULL),
(636, '2021-08-10 14:41:47.376061', '2021-08-10 14:41:47.376061', 1, 0, 0, NULL, NULL, NULL, NULL, NULL, 20, NULL, 38, NULL, 2, 19, 5, NULL, 4, 928, NULL, NULL, NULL, NULL, 220, NULL, NULL),
(637, '2021-08-10 14:41:47.483067', '2021-08-10 14:41:47.483067', 1, 0, 0, NULL, NULL, NULL, NULL, NULL, 20, NULL, 22, NULL, 2, 19, 5, NULL, 4, 929, NULL, NULL, NULL, NULL, 202, NULL, NULL),
(638, '2021-08-10 14:41:47.485068', '2021-08-10 14:41:47.485068', 1, 0, 0, NULL, NULL, NULL, NULL, NULL, 20, NULL, 22, NULL, 2, 19, 5, NULL, 4, 932, NULL, NULL, NULL, NULL, 201, NULL, NULL),
(639, '2021-08-10 14:41:47.545071', '2021-08-10 14:41:47.545071', 1, 0, 0, NULL, NULL, NULL, NULL, 1, NULL, NULL, NULL, NULL, 2, 19, 5, NULL, 4, 931, 86, NULL, NULL, NULL, 217, NULL, NULL),
(640, '2021-08-10 14:41:48.577130', '2021-08-10 14:41:48.577130', 1, 0, 0, NULL, NULL, NULL, NULL, NULL, 20, NULL, 29, NULL, 2, 19, 5, NULL, 4, 929, NULL, NULL, NULL, NULL, 202, NULL, NULL),
(641, '2021-08-10 14:41:48.618132', '2021-08-10 14:41:48.618132', 1, 0, 0, NULL, NULL, NULL, NULL, NULL, 20, NULL, 29, NULL, 2, 19, 5, NULL, 4, 932, NULL, NULL, NULL, NULL, 201, NULL, NULL),
(642, '2021-08-10 14:41:48.717138', '2021-08-10 14:41:48.717138', 1, 0, 0, NULL, NULL, NULL, NULL, 1, NULL, NULL, NULL, NULL, 2, 19, 5, NULL, 4, 929, 86, NULL, NULL, NULL, 202, NULL, NULL),
(643, '2021-08-10 14:41:48.757140', '2021-08-10 14:41:48.757140', 1, 0, 0, NULL, NULL, NULL, NULL, NULL, 20, NULL, 13, NULL, 2, 19, 5, NULL, 4, 932, NULL, NULL, NULL, NULL, 201, NULL, NULL),
(644, '2021-08-10 14:41:48.916149', '2021-08-10 14:41:48.916149', 1, 0, 0, NULL, NULL, NULL, NULL, 1, NULL, NULL, NULL, NULL, 2, 19, 5, NULL, 4, 929, 86, NULL, NULL, NULL, 202, NULL, NULL),
(645, '2021-08-10 14:41:49.300171', '2021-08-10 14:41:49.300171', 1, 0, 0, NULL, NULL, NULL, NULL, NULL, 15, NULL, 42, NULL, 2, 19, 5, NULL, 4, 932, NULL, NULL, NULL, NULL, 201, NULL, NULL),
(646, '2021-08-10 14:41:49.547186', '2021-08-10 14:41:49.547186', 1, 0, 0, NULL, NULL, NULL, NULL, 1, NULL, NULL, NULL, NULL, 2, 19, 5, NULL, 4, 932, 84, NULL, NULL, NULL, 201, NULL, NULL),
(647, '2021-08-10 14:43:10.344620', '2021-08-10 14:43:10.344620', 2, 0, 0, NULL, NULL, NULL, NULL, NULL, 100, NULL, 18, NULL, 2, 19, 5, NULL, 4, 935, NULL, NULL, NULL, NULL, 150, NULL, NULL),
(648, '2021-08-10 14:43:10.361621', '2021-08-10 14:43:10.361621', NULL, 0, 0, NULL, NULL, NULL, NULL, 1, NULL, NULL, NULL, NULL, 2, 19, 5, NULL, 3, 936, 84, NULL, NULL, NULL, NULL, NULL, NULL),
(649, '2021-08-10 14:46:04.896108', '2021-08-10 14:46:04.896108', NULL, 1, 0, NULL, NULL, '0.00', '0.00', 3, NULL, NULL, NULL, 2, 2, NULL, NULL, NULL, 1, NULL, 82, NULL, 19, 5, NULL, NULL, NULL),
(650, '2021-08-10 14:46:30.531174', '2021-08-10 14:46:30.531174', 1, 0, 0, NULL, NULL, NULL, NULL, NULL, 60, NULL, 20, NULL, 2, 19, 5, NULL, 4, 937, NULL, NULL, NULL, NULL, 221, NULL, NULL),
(651, '2021-08-10 14:46:30.593575', '2021-08-10 14:46:30.593575', NULL, 0, 0, NULL, NULL, NULL, NULL, 2, NULL, NULL, NULL, NULL, 2, 19, 5, NULL, 3, 938, 82, NULL, NULL, NULL, NULL, NULL, NULL),
(652, '2021-08-10 14:46:30.609175', '2021-08-10 14:46:30.609175', 3, 0, 0, NULL, NULL, NULL, NULL, NULL, 180, NULL, 22, NULL, 2, 19, 5, NULL, 4, 939, NULL, NULL, NULL, NULL, 220, NULL, NULL),
(653, '2021-08-10 14:46:30.765175', '2021-08-10 14:46:30.765175', 1, 0, 0, NULL, NULL, NULL, NULL, NULL, 50, NULL, 4, NULL, 2, 19, 5, NULL, 4, 941, NULL, NULL, NULL, NULL, 217, NULL, NULL),
(654, '2021-08-10 14:46:30.811975', '2021-08-10 14:46:30.811975', 1, 0, 0, NULL, NULL, NULL, NULL, NULL, 15, NULL, 42, NULL, 2, 19, 5, NULL, 4, 937, NULL, NULL, NULL, NULL, 221, NULL, NULL),
(655, '2021-08-10 14:46:31.014775', '2021-08-10 14:46:31.014775', 3, 0, 0, NULL, NULL, NULL, NULL, NULL, 45, NULL, 42, NULL, 2, 19, 5, NULL, 4, 939, NULL, NULL, NULL, NULL, 220, NULL, NULL),
(656, '2021-08-10 14:46:31.061575', '2021-08-10 14:46:31.061575', 1, 0, 0, NULL, NULL, NULL, NULL, NULL, 15, NULL, 42, NULL, 2, 19, 5, NULL, 4, 941, NULL, NULL, NULL, NULL, 217, NULL, NULL),
(657, '2021-08-10 14:46:31.155176', '2021-08-10 14:46:31.155176', 3, 0, 0, NULL, NULL, NULL, NULL, NULL, 60, NULL, 38, NULL, 2, 19, 5, NULL, 4, 939, NULL, NULL, NULL, NULL, 220, NULL, NULL),
(658, '2021-08-10 14:46:31.233176', '2021-08-10 14:46:31.233176', 1, 0, 0, NULL, NULL, NULL, NULL, 1, NULL, NULL, NULL, NULL, 2, 19, 5, NULL, 4, 941, 86, NULL, NULL, NULL, 217, NULL, NULL),
(659, '2021-08-10 14:47:02.948031', '2021-08-10 14:47:02.948031', 1, 0, 0, NULL, NULL, NULL, NULL, NULL, 60, NULL, 22, NULL, 2, 19, 5, NULL, 4, 942, NULL, NULL, NULL, NULL, 220, NULL, NULL),
(660, '2021-08-10 14:47:03.057232', '2021-08-10 14:47:03.057232', 1, 0, 0, NULL, NULL, NULL, NULL, NULL, 15, NULL, 42, NULL, 2, 19, 5, NULL, 4, 942, NULL, NULL, NULL, NULL, 220, NULL, NULL),
(661, '2021-08-10 14:47:03.150832', '2021-08-10 14:47:03.150832', 1, 0, 0, NULL, NULL, NULL, NULL, NULL, 20, NULL, 38, NULL, 2, 19, 5, NULL, 4, 942, NULL, NULL, NULL, NULL, 220, NULL, NULL),
(662, '2021-08-10 14:48:13.870066', '2021-08-10 14:48:13.870066', 1, 0, 0, NULL, NULL, NULL, NULL, NULL, 60, NULL, 19, NULL, 2, 19, 5, NULL, 4, 943, NULL, NULL, NULL, NULL, 205, NULL, NULL),
(663, '2021-08-10 14:48:13.912068', '2021-08-10 14:48:13.912068', 2, 0, 0, NULL, NULL, NULL, NULL, NULL, 100, NULL, 4, NULL, 2, 19, 5, NULL, 4, 946, NULL, NULL, NULL, NULL, 218, NULL, NULL),
(664, '2021-08-10 14:48:13.919069', '2021-08-10 14:48:13.919069', 1, 0, 0, NULL, NULL, NULL, NULL, NULL, 50, NULL, 4, NULL, 2, 19, 5, NULL, 4, 947, NULL, NULL, NULL, NULL, 204, NULL, NULL),
(665, '2021-08-10 14:48:14.229087', '2021-08-10 14:48:14.229087', 1, 0, 0, NULL, NULL, NULL, NULL, NULL, 15, NULL, 42, NULL, 2, 19, 5, NULL, 4, 943, NULL, NULL, NULL, NULL, 205, NULL, NULL),
(666, '2021-08-10 14:48:14.280090', '2021-08-10 14:48:14.280090', 1, 0, 0, NULL, NULL, NULL, NULL, 1, NULL, NULL, NULL, NULL, 2, 19, 5, NULL, 4, 947, 86, NULL, NULL, NULL, 204, NULL, NULL),
(667, '2021-08-10 14:48:14.311091', '2021-08-10 14:48:14.311091', 1, 0, 0, NULL, NULL, NULL, NULL, 1, NULL, NULL, NULL, NULL, 2, 19, 5, NULL, 4, 943, 87, NULL, NULL, NULL, 205, NULL, NULL),
(668, '2021-08-10 14:48:45.955318', '2021-08-10 14:48:45.955318', 1, 0, 0, NULL, NULL, NULL, NULL, NULL, 50, NULL, 4, NULL, 2, 19, 5, NULL, 4, 948, NULL, NULL, NULL, NULL, 204, NULL, NULL),
(669, '2021-08-10 14:48:46.324339', '2021-08-10 14:48:46.324339', 1, 0, 0, NULL, NULL, NULL, NULL, 1, NULL, NULL, NULL, NULL, 2, 19, 5, NULL, 4, 948, 86, NULL, NULL, NULL, 204, NULL, NULL),
(670, '2021-08-10 14:50:46.476636', '2021-08-10 14:50:46.476636', NULL, 0, 0, NULL, NULL, NULL, NULL, 5, NULL, NULL, NULL, NULL, 2, 19, 5, NULL, 3, 954, 87, NULL, NULL, NULL, NULL, NULL, NULL),
(671, '2021-08-10 14:50:46.492236', '2021-08-10 14:50:46.492236', NULL, 0, 0, NULL, NULL, NULL, NULL, 25, NULL, NULL, NULL, NULL, 2, 19, 5, NULL, 3, 953, 101, NULL, NULL, NULL, NULL, NULL, NULL),
(672, '2021-08-10 14:50:46.492236', '2021-08-10 14:50:46.492236', NULL, 0, 0, NULL, NULL, NULL, NULL, 5, NULL, NULL, NULL, NULL, 2, 19, 5, NULL, 3, 950, 84, NULL, NULL, NULL, NULL, NULL, NULL),
(673, '2021-08-10 14:50:46.507836', '2021-08-10 14:50:46.507836', NULL, 0, 0, NULL, NULL, NULL, NULL, 1, NULL, NULL, NULL, NULL, 2, 19, 5, NULL, 3, 949, 133, NULL, NULL, NULL, NULL, NULL, NULL),
(674, '2021-08-10 14:57:28.494208', '2021-08-10 14:57:28.494208', NULL, 0, 0, NULL, NULL, NULL, NULL, 1, NULL, NULL, NULL, NULL, 2, 19, 5, NULL, 3, 957, 86, NULL, NULL, NULL, NULL, NULL, NULL),
(675, '2021-08-10 14:57:28.509808', '2021-08-10 14:57:28.509808', NULL, 0, 0, NULL, NULL, NULL, NULL, 1, NULL, NULL, NULL, NULL, 2, 19, 5, NULL, 3, 959, 235, NULL, NULL, NULL, NULL, NULL, NULL),
(676, '2021-08-10 14:58:16.222334', '2021-08-10 14:58:16.222334', NULL, 0, 0, NULL, NULL, NULL, NULL, 1, NULL, NULL, NULL, NULL, 2, 19, 5, NULL, 3, 960, 86, NULL, NULL, NULL, NULL, NULL, NULL),
(677, '2021-08-11 01:53:11.446503', '2021-08-11 01:53:11.446503', NULL, 1, 0, NULL, NULL, '0.00', '0.00', 48, NULL, NULL, NULL, 2, 2, NULL, NULL, NULL, 1, NULL, 257, NULL, 19, 5, NULL, NULL, NULL),
(678, '2021-08-11 01:53:51.674266', '2021-08-11 01:53:51.674266', NULL, 1, 0, NULL, NULL, NULL, NULL, 24, NULL, NULL, NULL, 2, 2, 16, 5, NULL, 2, NULL, 84, NULL, 19, 5, NULL, NULL, NULL),
(679, '2021-08-11 01:53:51.841276', '2021-08-11 01:53:51.841276', NULL, 1, 0, NULL, NULL, NULL, NULL, 24, NULL, NULL, NULL, 2, 2, 16, 5, NULL, 2, NULL, 86, NULL, 19, 5, NULL, NULL, NULL),
(680, '2021-08-11 04:42:07.204548', '2021-08-11 04:42:07.204548', NULL, 1, 0, NULL, NULL, '0.00', '0.00', 1, NULL, NULL, NULL, 2, 2, NULL, NULL, NULL, 1, NULL, 87, NULL, 19, 5, NULL, NULL, NULL),
(681, '2021-08-11 04:42:07.298149', '2021-08-11 04:42:07.298149', NULL, 1, 0, NULL, NULL, '0.00', '0.00', 2, NULL, NULL, NULL, 2, 2, NULL, NULL, NULL, 1, NULL, 81, NULL, 19, 5, NULL, NULL, NULL),
(682, '2021-08-11 04:42:07.407349', '2021-08-11 04:42:07.407349', NULL, 1, 0, NULL, NULL, '0.00', '0.00', 4, NULL, NULL, NULL, 2, 2, NULL, NULL, NULL, 1, NULL, 86, NULL, 19, 5, NULL, NULL, NULL),
(683, '2021-08-11 04:44:59.038850', '2021-08-11 04:44:59.038850', NULL, 1, 0, NULL, NULL, NULL, NULL, 60, NULL, NULL, NULL, 2, 2, 16, 5, NULL, 2, NULL, 101, NULL, 19, 5, NULL, NULL, NULL),
(684, '2021-08-11 04:44:59.584851', '2021-08-11 04:44:59.584851', NULL, 1, 0, NULL, NULL, NULL, NULL, 1, NULL, NULL, NULL, 2, 2, 16, 5, NULL, 2, NULL, 133, NULL, 19, 5, NULL, NULL, NULL),
(685, '2021-08-11 04:44:59.756452', '2021-08-11 04:44:59.756452', NULL, 1, 0, NULL, NULL, NULL, NULL, 4, NULL, NULL, NULL, 2, 2, 16, 5, NULL, 2, NULL, 227, NULL, 19, 5, NULL, NULL, NULL),
(686, '2021-08-11 04:44:59.896852', '2021-08-11 04:44:59.896852', NULL, 1, 0, NULL, NULL, NULL, NULL, 1, NULL, NULL, NULL, 2, 2, 16, 5, NULL, 2, NULL, 124, NULL, 19, 5, NULL, NULL, NULL),
(687, '2021-08-11 04:45:00.037252', '2021-08-11 04:45:00.037252', NULL, 1, 0, NULL, NULL, NULL, NULL, 1, NULL, NULL, NULL, 2, 2, 16, 5, NULL, 2, NULL, 108, NULL, 19, 5, NULL, NULL, NULL),
(688, '2021-08-11 04:46:41.827431', '2021-08-11 04:46:41.827431', NULL, 1, 0, NULL, NULL, NULL, NULL, NULL, 1000, NULL, 18, 2, 2, 16, 5, NULL, 2, NULL, NULL, NULL, 19, 5, NULL, NULL, NULL),
(689, '2021-08-11 04:49:01.728477', '2021-08-11 04:49:01.728477', NULL, 1, 0, NULL, NULL, '0.00', '0.00', NULL, 750, NULL, 42, 2, 2, NULL, NULL, NULL, 1, NULL, NULL, NULL, 16, 5, NULL, NULL, NULL),
(690, '2021-08-11 04:49:01.868877', '2021-08-11 04:49:01.868877', NULL, 1, 0, NULL, NULL, '0.00', '0.00', NULL, 1000, NULL, 52, 2, 2, NULL, NULL, NULL, 1, NULL, NULL, NULL, 16, 5, NULL, NULL, NULL),
(691, '2021-08-11 04:49:01.978077', '2021-08-11 04:49:01.978077', NULL, 1, 0, NULL, NULL, '0.00', '0.00', NULL, 1000, NULL, 55, 2, 2, NULL, NULL, NULL, 1, NULL, NULL, NULL, 16, 5, NULL, NULL, NULL),
(692, '2021-08-11 04:50:38.261446', '2021-08-11 04:50:38.261446', NULL, 1, 0, NULL, NULL, '0.00', '0.00', 0, NULL, NULL, NULL, 2, 2, NULL, NULL, NULL, 1, NULL, 160, NULL, 16, 5, NULL, NULL, NULL),
(693, '2021-08-11 04:51:51.565975', '2021-08-11 04:51:51.565975', NULL, 1, 0, NULL, NULL, '0.00', '0.00', NULL, 700, NULL, 37, 2, 2, NULL, NULL, NULL, 1, NULL, NULL, NULL, 19, 5, NULL, NULL, NULL),
(694, '2021-08-11 04:52:54.215685', '2021-08-11 04:52:54.215685', NULL, 1, 0, NULL, NULL, NULL, NULL, 24, NULL, NULL, NULL, 2, 2, 16, 5, NULL, 2, NULL, 84, NULL, 17, 3, NULL, NULL, NULL),
(695, '2021-08-11 04:52:54.387285', '2021-08-11 04:52:54.387285', NULL, 1, 0, NULL, NULL, NULL, NULL, 12, NULL, NULL, NULL, 2, 2, 16, 5, NULL, 2, NULL, 81, NULL, 17, 3, NULL, NULL, NULL),
(696, '2021-08-11 11:39:43.790874', '2021-08-11 11:39:43.790874', NULL, 1, 0, NULL, NULL, '0.00', '0.00', NULL, 2000, NULL, 26, 2, 2, NULL, NULL, NULL, 1, NULL, NULL, NULL, 16, 5, NULL, NULL, NULL),
(697, '2021-08-11 11:41:22.300378', '2021-08-11 11:41:22.300378', NULL, 1, 0, NULL, NULL, '3170.00', '190200.00', 60, NULL, NULL, NULL, 2, 2, NULL, NULL, NULL, 1, NULL, 102, NULL, 16, 5, NULL, NULL, NULL),
(698, '2021-08-11 11:41:22.491389', '2021-08-11 11:41:22.491389', NULL, 1, 0, NULL, NULL, '3000.00', '360000.00', 120, NULL, NULL, NULL, 2, 2, NULL, NULL, NULL, 1, NULL, 104, NULL, 16, 5, NULL, NULL, NULL),
(699, '2021-08-11 11:41:22.584394', '2021-08-11 11:41:22.584394', NULL, 1, 0, NULL, NULL, '3500.00', '210000.00', 60, NULL, NULL, NULL, 2, 2, NULL, NULL, NULL, 1, NULL, 105, NULL, 16, 5, NULL, NULL, NULL),
(700, '2021-08-11 11:41:22.719402', '2021-08-11 11:41:22.719402', NULL, 1, 0, NULL, NULL, '5400.00', '324000.00', 60, NULL, NULL, NULL, 2, 2, NULL, NULL, NULL, 1, NULL, 107, NULL, 16, 5, NULL, NULL, NULL),
(701, '2021-08-11 11:43:56.454895', '2021-08-11 11:43:56.454895', NULL, 1, 0, NULL, NULL, NULL, NULL, 20, NULL, NULL, NULL, 2, 2, 16, 5, NULL, 2, NULL, 101, NULL, 19, 5, NULL, NULL, NULL),
(702, '2021-08-11 11:43:56.903920', '2021-08-11 11:43:56.903920', NULL, 1, 0, NULL, NULL, NULL, NULL, 40, NULL, NULL, NULL, 2, 2, 16, 5, NULL, 2, NULL, 104, NULL, 19, 5, NULL, NULL, NULL),
(703, '2021-08-11 11:43:57.155935', '2021-08-11 11:43:57.155935', NULL, 1, 0, NULL, NULL, NULL, NULL, 24, NULL, NULL, NULL, 2, 2, 16, 5, NULL, 2, NULL, 102, NULL, 19, 5, NULL, NULL, NULL),
(704, '2021-08-11 11:43:57.300943', '2021-08-11 11:43:57.300943', NULL, 1, 0, NULL, NULL, NULL, NULL, 20, NULL, NULL, NULL, 2, 2, 16, 5, NULL, 2, NULL, 107, NULL, 19, 5, NULL, NULL, NULL),
(705, '2021-08-11 11:43:57.465953', '2021-08-11 11:43:57.465953', NULL, 1, 0, NULL, NULL, NULL, NULL, 60, NULL, NULL, NULL, 2, 2, 16, 5, NULL, 2, NULL, 105, NULL, 19, 5, NULL, NULL, NULL),
(706, '2021-08-11 11:48:10.529950', '2021-08-11 11:48:10.529950', NULL, 1, 0, NULL, NULL, '0.00', '0.00', 72, NULL, NULL, NULL, 2, 2, NULL, NULL, NULL, 1, NULL, 85, NULL, 16, 5, NULL, NULL, NULL),
(707, '2021-08-11 11:49:01.168708', '2021-08-11 11:49:01.169708', NULL, 1, 0, NULL, NULL, NULL, NULL, 24, NULL, NULL, NULL, 2, 2, 16, 5, NULL, 2, NULL, 85, NULL, 19, 5, NULL, NULL, NULL),
(708, '2021-08-11 11:49:01.646736', '2021-08-11 11:49:01.646736', NULL, 1, 0, NULL, NULL, NULL, NULL, 24, NULL, NULL, NULL, 2, 2, 16, 5, NULL, 2, NULL, 85, NULL, 19, 5, NULL, NULL, NULL),
(709, '2021-08-11 11:49:36.701957', '2021-08-11 11:49:36.702957', NULL, 1, 0, NULL, NULL, '0.00', '0.00', NULL, 750, NULL, 50, 2, 2, NULL, NULL, NULL, 1, NULL, NULL, NULL, 19, 5, NULL, NULL, NULL),
(710, '2021-08-11 14:30:46.279336', '2021-08-11 14:30:46.279336', 2, 0, 0, NULL, NULL, NULL, NULL, NULL, 100, NULL, 1, NULL, 8, 19, 5, NULL, 4, 966, NULL, NULL, NULL, NULL, 109, NULL, NULL),
(711, '2021-08-11 14:30:46.310536', '2021-08-11 14:30:46.310536', NULL, 0, 0, NULL, NULL, NULL, NULL, 5, NULL, NULL, NULL, NULL, 8, 19, 5, NULL, 3, 967, 87, NULL, NULL, NULL, NULL, NULL, NULL),
(712, '2021-08-11 14:30:46.310536', '2021-08-11 14:30:46.310536', NULL, 0, 0, NULL, NULL, NULL, NULL, 7, NULL, NULL, NULL, NULL, 8, 19, 5, NULL, 3, 969, 104, NULL, NULL, NULL, NULL, NULL, NULL),
(713, '2021-08-11 14:30:46.388537', '2021-08-11 14:30:46.388537', NULL, 0, 0, NULL, NULL, NULL, NULL, 4, NULL, NULL, NULL, NULL, 8, 19, 5, NULL, 3, 970, 84, NULL, NULL, NULL, NULL, NULL, NULL),
(714, '2021-08-12 04:14:34.883959', '2021-08-12 04:14:34.883959', NULL, 0, 0, NULL, NULL, NULL, NULL, 1, NULL, NULL, NULL, NULL, 2, 19, 5, NULL, 3, 971, 104, NULL, NULL, NULL, NULL, NULL, NULL),
(715, '2021-08-12 04:27:17.946529', '2021-08-12 04:27:17.946529', NULL, 0, 0, NULL, NULL, NULL, NULL, 1, NULL, NULL, NULL, NULL, 2, 19, 5, NULL, 3, 975, 235, NULL, NULL, NULL, NULL, NULL, NULL),
(716, '2021-08-12 04:57:01.360662', '2021-08-12 04:57:01.360662', 8, 0, 0, NULL, NULL, NULL, NULL, NULL, 400, NULL, 26, NULL, 2, 19, 5, NULL, 4, 977, NULL, NULL, NULL, NULL, 169, NULL, NULL),
(717, '2021-08-12 04:57:39.221929', '2021-08-12 04:57:39.221929', NULL, 1, 0, NULL, NULL, NULL, NULL, NULL, 1000, NULL, 26, 2, 2, 16, 5, NULL, 2, NULL, NULL, NULL, 19, 5, NULL, NULL, NULL),
(718, '2021-08-12 04:57:59.033963', '2021-08-12 04:57:59.033963', 7, 0, 0, NULL, NULL, NULL, NULL, NULL, 350, NULL, 26, NULL, 2, 19, 5, NULL, 4, 978, NULL, NULL, NULL, NULL, 169, NULL, NULL),
(719, '2021-08-12 05:03:59.718310', '2021-08-12 05:03:59.718310', NULL, 0, 0, NULL, NULL, NULL, NULL, 1, NULL, NULL, NULL, NULL, 2, 19, 5, NULL, 3, 980, 101, NULL, NULL, NULL, NULL, NULL, NULL),
(720, '2021-08-12 07:30:45.715377', '2021-08-12 07:30:45.715377', NULL, 0, 0, NULL, NULL, NULL, NULL, 1, NULL, NULL, NULL, NULL, 2, 19, 5, NULL, 3, 981, 235, NULL, NULL, NULL, NULL, NULL, NULL),
(721, '2021-08-12 07:30:45.777777', '2021-08-12 07:30:45.777777', NULL, 0, 0, NULL, NULL, NULL, NULL, 1, NULL, NULL, NULL, NULL, 2, 19, 5, NULL, 3, 985, 81, NULL, NULL, NULL, NULL, NULL, NULL),
(722, '2021-08-12 07:30:45.777777', '2021-08-12 07:30:45.777777', NULL, 0, 0, NULL, NULL, NULL, NULL, 1, NULL, NULL, NULL, NULL, 2, 19, 5, NULL, 3, 984, 86, NULL, NULL, NULL, NULL, NULL, NULL),
(723, '2021-08-12 07:30:45.840177', '2021-08-12 07:30:45.840177', NULL, 0, 0, NULL, NULL, NULL, NULL, 3, NULL, NULL, NULL, NULL, 2, 19, 5, NULL, 3, 982, 85, NULL, NULL, NULL, NULL, NULL, NULL),
(724, '2021-08-12 08:04:04.098855', '2021-08-12 08:04:04.098855', NULL, 0, 0, NULL, NULL, NULL, NULL, 4, NULL, NULL, NULL, NULL, 2, 19, 5, NULL, 3, 992, 84, NULL, NULL, NULL, NULL, NULL, NULL),
(725, '2021-08-12 08:04:04.114455', '2021-08-12 08:04:04.114455', NULL, 0, 0, NULL, NULL, NULL, NULL, 7, NULL, NULL, NULL, NULL, 2, 19, 5, NULL, 3, 987, 104, NULL, NULL, NULL, NULL, NULL, NULL),
(726, '2021-08-12 08:04:04.130055', '2021-08-12 08:04:04.130055', 2, 0, 0, NULL, NULL, NULL, NULL, NULL, 100, NULL, 1, NULL, 2, 19, 5, NULL, 4, 988, NULL, NULL, NULL, NULL, 109, NULL, NULL),
(727, '2021-08-12 08:04:04.145655', '2021-08-12 08:04:04.145655', NULL, 0, 0, NULL, NULL, NULL, NULL, 5, NULL, NULL, NULL, NULL, 2, 19, 5, NULL, 3, 990, 87, NULL, NULL, NULL, NULL, NULL, NULL),
(728, '2021-08-12 08:05:00.745293', '2021-08-12 08:05:00.746293', NULL, 0, 0, NULL, NULL, NULL, NULL, 7, NULL, NULL, NULL, NULL, 2, 19, 5, NULL, 3, 993, 102, NULL, NULL, NULL, NULL, NULL, NULL),
(729, '2021-08-12 08:08:52.620555', '2021-08-12 08:08:52.620555', NULL, 0, 0, NULL, NULL, NULL, NULL, 3, NULL, NULL, NULL, NULL, 2, 19, 5, NULL, 3, 998, 84, NULL, NULL, NULL, NULL, NULL, NULL),
(730, '2021-08-12 08:08:52.650557', '2021-08-12 08:08:52.650557', NULL, 0, 0, NULL, NULL, NULL, NULL, 3, NULL, NULL, NULL, NULL, 2, 19, 5, NULL, 3, 994, 86, NULL, NULL, NULL, NULL, NULL, NULL),
(731, '2021-08-12 08:08:52.658557', '2021-08-12 08:08:52.658557', NULL, 0, 0, NULL, NULL, NULL, NULL, 6, NULL, NULL, NULL, NULL, 2, 19, 5, NULL, 3, 999, 81, NULL, NULL, NULL, NULL, NULL, NULL),
(732, '2021-08-12 08:08:52.677558', '2021-08-12 08:08:52.677558', 4, 0, 0, NULL, NULL, NULL, NULL, NULL, 500, NULL, 50, NULL, 2, 19, 5, NULL, 4, 996, NULL, NULL, NULL, NULL, 229, NULL, NULL),
(733, '2021-08-12 08:08:52.970575', '2021-08-12 08:08:52.970575', 16, 0, 0, NULL, NULL, NULL, NULL, NULL, 800, NULL, 25, NULL, 2, 19, 5, NULL, 4, 1000, NULL, NULL, NULL, NULL, 167, NULL, NULL),
(734, '2021-08-12 08:08:53.174587', '2021-08-12 08:08:53.175587', 4, 0, 0, NULL, NULL, NULL, NULL, NULL, 200, NULL, 1, NULL, 2, 19, 5, NULL, 4, 1001, NULL, NULL, NULL, NULL, 109, NULL, NULL),
(735, '2021-08-12 08:08:53.447602', '2021-08-12 08:08:53.447602', NULL, 0, 0, NULL, NULL, NULL, NULL, 3, NULL, NULL, NULL, NULL, 2, 19, 5, NULL, 3, 1002, 236, NULL, NULL, NULL, NULL, NULL, NULL),
(736, '2021-08-12 08:17:59.305824', '2021-08-12 08:17:59.305824', NULL, 0, 0, NULL, NULL, NULL, NULL, 5, NULL, NULL, NULL, NULL, 2, 19, 5, NULL, 3, 1003, 101, NULL, NULL, NULL, NULL, NULL, NULL),
(737, '2021-08-12 08:20:10.352319', '2021-08-12 08:20:10.352319', NULL, 0, 0, NULL, NULL, NULL, NULL, 1, NULL, NULL, NULL, NULL, 2, 19, 5, NULL, 3, 1005, 84, NULL, NULL, NULL, NULL, NULL, NULL),
(738, '2021-08-12 08:20:10.365320', '2021-08-12 08:20:10.365320', NULL, 0, 0, NULL, NULL, NULL, NULL, 10, NULL, NULL, NULL, NULL, 2, 19, 5, NULL, 3, 1006, 101, NULL, NULL, NULL, NULL, NULL, NULL),
(739, '2021-08-12 08:22:16.475533', '2021-08-12 08:22:16.475533', NULL, 0, 0, NULL, NULL, NULL, NULL, 1, NULL, NULL, NULL, NULL, 2, 19, 5, NULL, 3, 1008, 86, NULL, NULL, NULL, NULL, NULL, NULL),
(740, '2021-08-12 08:22:16.491534', '2021-08-12 08:22:16.491534', NULL, 0, 0, NULL, NULL, NULL, NULL, 1, NULL, NULL, NULL, NULL, 2, 19, 5, NULL, 3, 1010, 126, NULL, NULL, NULL, NULL, NULL, NULL),
(741, '2021-08-12 08:22:16.502535', '2021-08-12 08:22:16.502535', NULL, 0, 0, NULL, NULL, NULL, NULL, 4, NULL, NULL, NULL, NULL, 2, 19, 5, NULL, 3, 1009, 257, NULL, NULL, NULL, NULL, NULL, NULL),
(742, '2021-08-12 08:22:16.533536', '2021-08-12 08:22:16.533536', NULL, 0, 0, NULL, NULL, NULL, NULL, 4, NULL, NULL, NULL, NULL, 2, 19, 5, NULL, 3, 1011, 81, NULL, NULL, NULL, NULL, NULL, NULL),
(743, '2021-08-12 08:23:19.751152', '2021-08-12 08:23:19.751152', NULL, 0, 0, NULL, NULL, NULL, NULL, 3, NULL, NULL, NULL, NULL, 2, 19, 5, NULL, 3, 1012, 101, NULL, NULL, NULL, NULL, NULL, NULL),
(744, '2021-08-12 08:23:19.924162', '2021-08-12 08:23:19.924162', 1, 0, 0, NULL, NULL, NULL, NULL, NULL, 125, NULL, 50, NULL, 2, 19, 5, NULL, 4, 1014, NULL, NULL, NULL, NULL, 229, NULL, NULL),
(745, '2021-08-12 08:24:10.270042', '2021-08-12 08:24:10.270042', NULL, 0, 0, NULL, NULL, NULL, NULL, 6, NULL, NULL, NULL, NULL, 2, 19, 5, NULL, 3, 1015, 101, NULL, NULL, NULL, NULL, NULL, NULL),
(746, '2021-08-12 08:25:01.193954', '2021-08-12 08:25:01.193954', 1, 0, 0, NULL, NULL, NULL, NULL, NULL, 50, NULL, 19, NULL, 2, 19, 5, NULL, 4, 1017, NULL, NULL, NULL, NULL, 206, NULL, NULL),
(747, '2021-08-12 08:25:01.202955', '2021-08-12 08:25:01.202955', 1, 0, 0, NULL, NULL, NULL, NULL, NULL, 50, NULL, 4, NULL, 2, 19, 5, NULL, 4, 1018, NULL, NULL, NULL, NULL, 218, NULL, NULL),
(748, '2021-08-12 08:25:01.338963', '2021-08-12 08:25:01.338963', 1, 0, 0, NULL, NULL, NULL, NULL, NULL, 15, NULL, 42, NULL, 2, 19, 5, NULL, 4, 1017, NULL, NULL, NULL, NULL, 206, NULL, NULL),
(749, '2021-08-12 08:25:01.448969', '2021-08-12 08:25:01.448969', 1, 0, 0, NULL, NULL, NULL, NULL, 1, NULL, NULL, NULL, NULL, 2, 19, 5, NULL, 4, 1017, 87, NULL, NULL, NULL, 206, NULL, NULL),
(750, '2021-08-12 08:25:55.334051', '2021-08-12 08:25:55.334051', NULL, 0, 0, NULL, NULL, NULL, NULL, 1, NULL, NULL, NULL, NULL, 2, 19, 5, NULL, 3, 1021, 235, NULL, NULL, NULL, NULL, NULL, NULL),
(751, '2021-08-12 08:27:12.342456', '2021-08-12 08:27:12.342456', NULL, 0, 0, NULL, NULL, NULL, NULL, 1, NULL, NULL, NULL, NULL, 2, 19, 5, NULL, 3, 1026, 86, NULL, NULL, NULL, NULL, NULL, NULL),
(752, '2021-08-12 08:27:12.349456', '2021-08-12 08:27:12.350456', NULL, 0, 0, NULL, NULL, NULL, NULL, 2, NULL, NULL, NULL, NULL, 2, 19, 5, NULL, 3, 1027, 84, NULL, NULL, NULL, NULL, NULL, NULL),
(753, '2021-08-12 08:27:12.354456', '2021-08-12 08:27:12.354456', NULL, 0, 0, NULL, NULL, NULL, NULL, 2, NULL, NULL, NULL, NULL, 2, 19, 5, NULL, 3, 1024, 85, NULL, NULL, NULL, NULL, NULL, NULL),
(754, '2021-08-12 08:27:12.366457', '2021-08-12 08:27:12.366457', NULL, 0, 0, NULL, NULL, NULL, NULL, 1, NULL, NULL, NULL, NULL, 2, 19, 5, NULL, 3, 1028, 235, NULL, NULL, NULL, NULL, NULL, NULL),
(755, '2021-08-12 08:27:12.677475', '2021-08-12 08:27:12.677475', NULL, 0, 0, NULL, NULL, NULL, NULL, 5, NULL, NULL, NULL, NULL, 2, 19, 5, NULL, 3, 1030, 236, NULL, NULL, NULL, NULL, NULL, NULL),
(756, '2021-08-12 08:28:19.559300', '2021-08-12 08:28:19.559300', 1, 0, 0, NULL, NULL, NULL, NULL, NULL, 60, NULL, 20, NULL, 2, 19, 5, NULL, 4, 1031, NULL, NULL, NULL, NULL, 221, NULL, NULL),
(757, '2021-08-12 08:28:19.574301', '2021-08-12 08:28:19.574301', 1, 0, 0, NULL, NULL, NULL, NULL, NULL, 50, NULL, 4, NULL, 2, 19, 5, NULL, 4, 1032, NULL, NULL, NULL, NULL, 218, NULL, NULL),
(758, '2021-08-12 08:28:19.712309', '2021-08-12 08:28:19.712309', 1, 0, 0, NULL, NULL, NULL, NULL, NULL, 15, NULL, 42, NULL, 2, 19, 5, NULL, 4, 1031, NULL, NULL, NULL, NULL, 221, NULL, NULL),
(759, '2021-08-12 08:29:14.193425', '2021-08-12 08:29:14.193425', NULL, 0, 0, NULL, NULL, NULL, NULL, 9, NULL, NULL, NULL, NULL, 2, 19, 5, NULL, 3, 1035, 102, NULL, NULL, NULL, NULL, NULL, NULL),
(760, '2021-08-12 08:30:20.229202', '2021-08-12 08:30:20.229202', NULL, 0, 0, NULL, NULL, NULL, NULL, 2, NULL, NULL, NULL, NULL, 2, 19, 5, NULL, 3, 1041, 84, NULL, NULL, NULL, NULL, NULL, NULL),
(761, '2021-08-12 08:30:20.248203', '2021-08-12 08:30:20.248203', 1, 0, 0, NULL, NULL, NULL, NULL, NULL, 250, NULL, 52, NULL, 2, 19, 5, NULL, 4, 1038, NULL, NULL, NULL, NULL, 241, NULL, NULL),
(762, '2021-08-12 08:31:23.652830', '2021-08-12 08:31:23.652830', NULL, 0, 0, NULL, NULL, NULL, NULL, 1, NULL, NULL, NULL, NULL, 2, 19, 5, NULL, 3, 1043, 236, NULL, NULL, NULL, NULL, NULL, NULL),
(763, '2021-08-12 08:31:23.820839', '2021-08-12 08:31:23.820839', NULL, 0, 0, NULL, NULL, NULL, NULL, 2, NULL, NULL, NULL, NULL, 2, 19, 5, NULL, 3, 1044, 235, NULL, NULL, NULL, NULL, NULL, NULL),
(764, '2021-08-12 08:33:14.791186', '2021-08-12 08:33:14.791186', NULL, 0, 0, NULL, NULL, NULL, NULL, 3, NULL, NULL, NULL, NULL, 2, 19, 5, NULL, 3, 1049, 86, NULL, NULL, NULL, NULL, NULL, NULL),
(765, '2021-08-12 08:34:11.705442', '2021-08-12 08:34:11.705442', NULL, 0, 0, NULL, NULL, NULL, NULL, 2, NULL, NULL, NULL, NULL, 2, 19, 5, NULL, 3, 1052, 84, NULL, NULL, NULL, NULL, NULL, NULL),
(766, '2021-08-12 08:34:11.902453', '2021-08-12 08:34:11.902453', 1, 0, 0, NULL, NULL, NULL, NULL, NULL, 250, NULL, 55, NULL, 2, 19, 5, NULL, 4, 1054, NULL, NULL, NULL, NULL, 242, NULL, NULL),
(767, '2021-08-12 08:34:58.727131', '2021-08-12 08:34:58.727131', NULL, 0, 0, NULL, NULL, NULL, NULL, 1, NULL, NULL, NULL, NULL, 2, 19, 5, NULL, 3, 1057, 84, NULL, NULL, NULL, NULL, NULL, NULL),
(768, '2021-08-12 08:35:50.553096', '2021-08-12 08:35:50.553096', NULL, 0, 0, NULL, NULL, NULL, NULL, 1, NULL, NULL, NULL, NULL, 2, 19, 5, NULL, 3, 1060, 81, NULL, NULL, NULL, NULL, NULL, NULL),
(769, '2021-08-12 08:35:50.561096', '2021-08-12 08:35:50.561096', NULL, 0, 0, NULL, NULL, NULL, NULL, 1, NULL, NULL, NULL, NULL, 2, 19, 5, NULL, 3, 1058, 235, NULL, NULL, NULL, NULL, NULL, NULL),
(770, '2021-08-12 08:39:21.401155', '2021-08-12 08:39:21.402155', NULL, 0, 0, NULL, NULL, NULL, NULL, 2, NULL, NULL, NULL, NULL, 2, 19, 5, NULL, 3, 1070, 101, NULL, NULL, NULL, NULL, NULL, NULL),
(771, '2021-08-12 08:40:29.304039', '2021-08-12 08:40:29.304039', NULL, 0, 0, NULL, NULL, NULL, NULL, 1, NULL, NULL, NULL, NULL, 2, 19, 5, NULL, 3, 1071, 86, NULL, NULL, NULL, NULL, NULL, NULL),
(772, '2021-08-12 08:40:29.405045', '2021-08-12 08:40:29.405045', NULL, 0, 0, NULL, NULL, NULL, NULL, 2, NULL, NULL, NULL, NULL, 2, 19, 5, NULL, 3, 1072, 85, NULL, NULL, NULL, NULL, NULL, NULL),
(773, '2021-08-12 08:40:29.454048', '2021-08-12 08:40:29.454048', NULL, 0, 0, NULL, NULL, NULL, NULL, 2, NULL, NULL, NULL, NULL, 2, 19, 5, NULL, 3, 1075, 235, NULL, NULL, NULL, NULL, NULL, NULL),
(774, '2021-08-12 08:41:21.361017', '2021-08-12 08:41:21.361017', 3, 0, 0, NULL, NULL, NULL, NULL, NULL, 150, NULL, 13, NULL, 2, 19, 5, NULL, 4, 1078, NULL, NULL, NULL, NULL, 134, NULL, NULL),
(775, '2021-08-12 08:42:42.206641', '2021-08-12 08:42:42.206641', NULL, 0, 0, NULL, NULL, NULL, NULL, 1, NULL, NULL, NULL, NULL, 2, 19, 5, NULL, 3, 1084, 86, NULL, NULL, NULL, NULL, NULL, NULL),
(776, '2021-08-12 08:42:42.236642', '2021-08-12 08:42:42.236642', NULL, 0, 0, NULL, NULL, NULL, NULL, 1, NULL, NULL, NULL, NULL, 2, 19, 5, NULL, 3, 1086, 81, NULL, NULL, NULL, NULL, NULL, NULL),
(777, '2021-08-12 12:00:15.686224', '2021-08-12 12:00:15.687224', NULL, 1, 0, NULL, NULL, NULL, NULL, 24, NULL, NULL, NULL, 2, 2, 16, 5, NULL, 2, NULL, 102, NULL, 19, 5, NULL, NULL, NULL),
(778, '2021-08-13 02:20:54.887108', '2021-08-13 02:20:54.887108', NULL, 0, 0, NULL, NULL, NULL, NULL, 1, NULL, NULL, NULL, NULL, 2, 19, 5, NULL, 3, 1087, 236, NULL, NULL, NULL, NULL, NULL, NULL),
(779, '2021-08-13 02:20:54.918308', '2021-08-13 02:20:54.918308', NULL, 0, 0, NULL, NULL, NULL, NULL, 1, NULL, NULL, NULL, NULL, 2, 19, 5, NULL, 3, 1089, 235, NULL, NULL, NULL, NULL, NULL, NULL),
(780, '2021-08-13 02:23:19.842563', '2021-08-13 02:23:19.842563', NULL, 0, 0, NULL, NULL, NULL, NULL, 8, NULL, NULL, NULL, NULL, 2, 19, 5, NULL, 3, 1090, 102, NULL, NULL, NULL, NULL, NULL, NULL),
(781, '2021-08-13 02:27:21.315387', '2021-08-13 02:27:21.315387', NULL, 0, 0, NULL, NULL, NULL, NULL, 4, NULL, NULL, NULL, NULL, 2, 19, 5, NULL, 3, 1094, 101, NULL, NULL, NULL, NULL, NULL, NULL),
(782, '2021-08-13 02:27:21.689787', '2021-08-13 02:27:21.689787', NULL, 0, 0, NULL, NULL, NULL, NULL, 6, NULL, NULL, NULL, NULL, 2, 19, 5, NULL, 3, 1098, 81, NULL, NULL, NULL, NULL, NULL, NULL),
(783, '2021-08-13 02:27:21.798988', '2021-08-13 02:27:21.798988', NULL, 0, 0, NULL, NULL, NULL, NULL, 3, NULL, NULL, NULL, NULL, 2, 19, 5, NULL, 3, 1101, 84, NULL, NULL, NULL, NULL, NULL, NULL);
INSERT INTO `product_app_item_transfer` (`id`, `created_at`, `updated_at`, `product_quantity`, `is_confirmed`, `recieved_ebarimt`, `comment`, `unit_size`, `unit_price`, `total_amount`, `quantity`, `size`, `budget_id`, `commodity_id`, `confirmed_by_id`, `created_by_id`, `fr_client_id`, `fr_division_id`, `fr_user_id`, `item_transfer_type_id`, `order_detial_id`, `product_id`, `store_id`, `to_client_id`, `to_division_id`, `to_product_id`, `to_user_id`, `updated_by_id`) VALUES
(784, '2021-08-13 02:27:21.814588', '2021-08-13 02:27:21.814588', NULL, 0, 0, NULL, NULL, NULL, NULL, 2, NULL, NULL, NULL, NULL, 2, 19, 5, NULL, 3, 1099, 108, NULL, NULL, NULL, NULL, NULL, NULL),
(785, '2021-08-13 02:29:19.298394', '2021-08-13 02:29:19.298394', NULL, 0, 0, NULL, NULL, NULL, NULL, 2, NULL, NULL, NULL, NULL, 2, 19, 5, NULL, 3, 1107, 81, NULL, NULL, NULL, NULL, NULL, NULL),
(786, '2021-08-13 02:29:19.298394', '2021-08-13 02:29:19.298394', NULL, 0, 0, NULL, NULL, NULL, NULL, 2, NULL, NULL, NULL, NULL, 2, 19, 5, NULL, 3, 1104, 84, NULL, NULL, NULL, NULL, NULL, NULL),
(787, '2021-08-13 02:29:19.329594', '2021-08-13 02:29:19.329594', NULL, 0, 0, NULL, NULL, NULL, NULL, 1, NULL, NULL, NULL, NULL, 2, 19, 5, NULL, 3, 1103, 101, NULL, NULL, NULL, NULL, NULL, NULL),
(788, '2021-08-13 02:29:19.329594', '2021-08-13 02:29:19.329594', NULL, 0, 0, NULL, NULL, NULL, NULL, 2, NULL, NULL, NULL, NULL, 2, 19, 5, NULL, 3, 1106, 86, NULL, NULL, NULL, NULL, NULL, NULL),
(789, '2021-08-13 02:29:19.563594', '2021-08-13 02:29:19.563594', 5, 0, 0, NULL, NULL, NULL, NULL, NULL, 250, NULL, 18, NULL, 2, 19, 5, NULL, 4, 1108, NULL, NULL, NULL, NULL, 150, NULL, NULL),
(790, '2021-08-13 02:32:33.175535', '2021-08-13 02:32:33.175535', 1, 0, 0, NULL, NULL, NULL, NULL, NULL, 50, NULL, 18, NULL, 2, 19, 5, NULL, 4, 1109, NULL, NULL, NULL, NULL, 150, NULL, NULL),
(791, '2021-08-13 02:33:54.872878', '2021-08-13 02:33:54.872878', NULL, 0, 0, NULL, NULL, NULL, NULL, 6, NULL, NULL, NULL, NULL, 2, 19, 5, NULL, 3, 1110, 102, NULL, NULL, NULL, NULL, NULL, NULL),
(792, '2021-08-13 02:35:49.689080', '2021-08-13 02:35:49.689080', NULL, 0, 0, NULL, NULL, NULL, NULL, 16, NULL, NULL, NULL, NULL, 2, 19, 5, NULL, 3, 1113, 101, NULL, NULL, NULL, NULL, NULL, NULL),
(793, '2021-08-13 02:35:49.689080', '2021-08-13 02:35:49.689080', 1, 0, 0, NULL, NULL, NULL, NULL, NULL, 50, NULL, 4, NULL, 2, 19, 5, NULL, 4, 1114, NULL, NULL, NULL, NULL, 218, NULL, NULL),
(794, '2021-08-13 03:48:51.658776', '2021-08-13 03:48:51.658776', NULL, 0, 0, NULL, NULL, NULL, NULL, 1, NULL, NULL, NULL, NULL, 2, 19, 5, NULL, 3, 1118, 84, NULL, NULL, NULL, NULL, NULL, NULL),
(795, '2021-08-13 04:31:01.281219', '2021-08-13 04:31:01.281219', NULL, 0, 0, NULL, NULL, NULL, NULL, 13, NULL, NULL, NULL, NULL, 2, 19, 5, NULL, 3, 1123, 102, NULL, NULL, NULL, NULL, NULL, NULL),
(796, '2021-08-13 04:33:12.305849', '2021-08-13 04:33:12.305849', NULL, 0, 0, NULL, NULL, NULL, NULL, 2, NULL, NULL, NULL, NULL, 2, 19, 5, NULL, 3, 1132, 235, NULL, NULL, NULL, NULL, NULL, NULL),
(797, '2021-08-13 04:34:17.233163', '2021-08-13 04:34:17.233163', NULL, 0, 0, NULL, NULL, NULL, NULL, 1, NULL, NULL, NULL, NULL, 2, 19, 5, NULL, 3, 1136, 235, NULL, NULL, NULL, NULL, NULL, NULL),
(798, '2021-08-13 04:35:02.473243', '2021-08-13 04:35:02.473243', NULL, 0, 0, NULL, NULL, NULL, NULL, 1, NULL, NULL, NULL, NULL, 2, 19, 5, NULL, 3, 1139, 235, NULL, NULL, NULL, NULL, NULL, NULL),
(799, '2021-08-13 04:35:02.535643', '2021-08-13 04:35:02.535643', NULL, 0, 0, NULL, NULL, NULL, NULL, 1, NULL, NULL, NULL, NULL, 2, 19, 5, NULL, 3, 1142, 84, NULL, NULL, NULL, NULL, NULL, NULL),
(800, '2021-08-13 04:40:10.261783', '2021-08-13 04:40:10.261783', NULL, 0, 0, NULL, NULL, NULL, NULL, 2, NULL, NULL, NULL, NULL, 2, 19, 5, NULL, 3, 1146, 84, NULL, NULL, NULL, NULL, NULL, NULL),
(801, '2021-08-13 04:40:56.827865', '2021-08-13 04:40:56.827865', NULL, 0, 0, NULL, NULL, NULL, NULL, 2, NULL, NULL, NULL, NULL, 2, 19, 5, NULL, 3, 1152, 86, NULL, NULL, NULL, NULL, NULL, NULL),
(802, '2021-08-13 04:44:40.111057', '2021-08-13 04:44:40.111057', NULL, 0, 0, NULL, NULL, NULL, NULL, 2, NULL, NULL, NULL, NULL, 2, 19, 5, NULL, 3, 1160, 235, NULL, NULL, NULL, NULL, NULL, NULL),
(803, '2022-11-07 05:35:54.461971', '2022-11-07 05:35:54.461971', NULL, 0, 0, NULL, NULL, NULL, NULL, 1, NULL, NULL, NULL, NULL, 1, 19, 5, NULL, 3, 1498, 88, NULL, NULL, NULL, NULL, NULL, NULL),
(804, '2022-11-07 05:43:07.074379', '2022-11-07 05:43:07.074379', NULL, 0, 0, NULL, NULL, NULL, NULL, 1, NULL, NULL, NULL, NULL, 1, 19, 5, NULL, 3, 1516, 81, NULL, NULL, NULL, NULL, NULL, NULL),
(805, '2022-11-07 05:43:41.668417', '2022-11-07 05:43:41.668417', NULL, 0, 0, NULL, NULL, NULL, NULL, 1, NULL, NULL, NULL, NULL, 1, 19, 5, NULL, 3, 1519, 81, NULL, NULL, NULL, NULL, NULL, NULL);

-- --------------------------------------------------------

--
-- Table structure for table `product_app_item_transfer_type`
--

CREATE TABLE `product_app_item_transfer_type` (
  `id` int(11) NOT NULL,
  `created_at` datetime(6) DEFAULT NULL,
  `name` varchar(30) COLLATE utf8_unicode_ci NOT NULL,
  `description` longtext COLLATE utf8_unicode_ci DEFAULT NULL,
  `created_by_id` int(11) DEFAULT NULL
) ENGINE=InnoDB DEFAULT CHARSET=utf8 COLLATE=utf8_unicode_ci;

--
-- Dumping data for table `product_app_item_transfer_type`
--

INSERT INTO `product_app_item_transfer_type` (`id`, `created_at`, `name`, `description`, `created_by_id`) VALUES
(1, '2020-06-20 07:47:55.228236', 'Худалдан авалт', 'Дэлгүүрээс шинээр худалдан авсан түүхий эд.', 1),
(2, '2020-06-20 07:47:55.233243', 'Шилжүүлэх', 'Түүхий эд газар хооронд шилжүүлэх, хувиарлаж олгосон.', 1),
(3, '2020-06-20 07:47:55.240250', 'Борлуулалт', 'Үйлчлүүлэгчдэд зарж борлуулсан', 1),
(4, '2020-06-20 07:47:55.262339', 'Бүтээгдэхүүнд зарцуулсан', 'Үйлчлүүлэгчдэд зарж борлуулсан', 1),
(5, '2020-06-20 07:47:55.270214', 'Хэрэгцээнд', 'Үйлчлэгчдийн хэрэгцээнд гэх мэт ажилчдын хэрэгцээнд олгосон', 1);

-- --------------------------------------------------------

--
-- Table structure for table `product_app_product`
--

CREATE TABLE `product_app_product` (
  `id` int(11) NOT NULL,
  `created_at` datetime(6) DEFAULT NULL,
  `name` varchar(255) COLLATE utf8_unicode_ci NOT NULL,
  `description` longtext COLLATE utf8_unicode_ci DEFAULT NULL,
  `cost` decimal(14,2) NOT NULL,
  `client_id` int(11) DEFAULT NULL,
  `created_by_id` int(11) DEFAULT NULL,
  `division_id` int(11) DEFAULT NULL,
  `image` varchar(100) COLLATE utf8_unicode_ci DEFAULT NULL,
  `gramm` int(10) UNSIGNED DEFAULT NULL CHECK (`gramm` >= 0),
  `is_ingrediented` tinyint(1) NOT NULL,
  `print_name` varchar(255) COLLATE utf8_unicode_ci DEFAULT NULL
) ENGINE=InnoDB DEFAULT CHARSET=utf8 COLLATE=utf8_unicode_ci;

--
-- Dumping data for table `product_app_product`
--

INSERT INTO `product_app_product` (`id`, `created_at`, `name`, `description`, `cost`, `client_id`, `created_by_id`, `division_id`, `image`, `gramm`, `is_ingrediented`, `print_name`) VALUES
(1, '2020-06-20 07:47:53.226641', '201 өрөө ХОНОГ', 'Зочид буудлын 201 тоот өрөөг хоногоор түрээслэх', '85000.00', 1, 1, 3, '', NULL, 1, NULL),
(2, '2020-06-20 07:47:53.244531', '202 өрөө ХОНОГ', 'Зочид буудлын 202 тоот өрөөг хоногоор түрээслэх', '130000.00', 2, 1, 3, NULL, NULL, 1, NULL),
(3, '2020-06-20 07:47:53.259160', '203 өрөө ХОНОГ', 'Зочид буудлын 203 тоот өрөөг хоногоор түрээслэх', '89000.00', 3, 1, 3, NULL, NULL, 1, NULL),
(4, '2020-06-20 07:47:53.274761', '204 өрөө ХОНОГ', 'Зочид буудлын 204 тоот өрөөг хоногоор түрээслэх', '150000.00', 4, 1, 3, NULL, NULL, 1, NULL),
(5, '2020-06-20 07:47:53.289381', '205 өрөө ХОНОГ', 'Зочид буудлын 205 тоот өрөөг хоногоор түрээслэх', '105000.00', 5, 1, 3, NULL, NULL, 1, NULL),
(6, '2020-06-20 07:47:53.305398', '207 өрөө ХОНОГ', 'Зочид буудлын 207 тоот өрөөг хоногоор түрээслэх', '120000.00', 6, 1, 3, NULL, NULL, 1, NULL),
(7, '2020-06-20 07:47:53.320411', '301 өрөө ХОНОГ', 'Зочид буудлын 301 тоот өрөөг хоногоор түрээслэх', '105000.00', 7, 1, 3, NULL, NULL, 1, NULL),
(8, '2020-06-20 07:47:53.335429', '302 өрөө ХОНОГ', 'Зочид буудлын 302 тоот өрөөг хоногоор түрээслэх', '130000.00', 8, 1, 3, NULL, NULL, 1, NULL),
(9, '2020-06-20 07:47:53.350685', '303 өрөө ХОНОГ', 'Зочид буудлын 303 тоот өрөөг хоногоор түрээслэх', '89000.00', 9, 1, 3, NULL, NULL, 1, NULL),
(10, '2020-06-20 07:47:53.364699', '304 өрөө ХОНОГ', 'Зочид буудлын 304 тоот өрөөг хоногоор түрээслэх', '150000.00', 10, 1, 3, NULL, NULL, 1, NULL),
(11, '2020-06-20 07:47:53.379518', '305 өрөө ХОНОГ', 'Зочид буудлын 305 тоот өрөөг хоногоор түрээслэх', '105000.00', 11, 1, 3, NULL, NULL, 1, NULL),
(12, '2020-06-20 07:47:53.393541', '306 өрөө ХОНОГ', 'Зочид буудлын 306 тоот өрөөг хоногоор түрээслэх', '105000.00', 12, 1, 3, NULL, NULL, 1, NULL),
(13, '2020-06-20 07:47:53.407560', '307 өрөө ХОНОГ', 'Зочид буудлын 307 тоот өрөөг хоногоор түрээслэх', '250000.00', 13, 1, 3, NULL, NULL, 1, NULL),
(15, '2020-06-20 07:47:53.434997', '201 өрөө ЦАГ', 'Зочид буудлын 201 тоот өрөөг цагаар түрээслэх', '30000.00', 1, 1, 3, NULL, NULL, 1, NULL),
(16, '2020-06-20 07:47:53.448266', '202 өрөө ЦАГ', 'Зочид буудлын 202 тоот өрөөг цагаар түрээслэх', '30000.00', 2, 1, 3, NULL, NULL, 1, NULL),
(17, '2020-06-20 07:47:53.462285', '203 өрөө ЦАГ', 'Зочид буудлын 203 тоот өрөөг цагаар түрээслэх', '30000.00', 3, 1, 3, NULL, NULL, 1, NULL),
(18, '2020-06-20 07:47:53.475237', '204 өрөө ЦАГ', 'Зочид буудлын 204 тоот өрөөг цагаар түрээслэх', '30000.00', 4, 1, 3, NULL, NULL, 1, NULL),
(19, '2020-06-20 07:47:53.490253', '205 өрөө ЦАГ', 'Зочид буудлын 205 тоот өрөөг цагаар түрээслэх', '30000.00', 5, 1, 3, NULL, NULL, 1, NULL),
(20, '2020-06-20 07:47:53.505266', '207 өрөө ЦАГ', 'Зочид буудлын 207 тоот өрөөг цагаар түрээслэх', '30000.00', 6, 1, 3, NULL, NULL, 1, NULL),
(21, '2020-06-20 07:47:53.519176', '301 өрөө ЦАГ', 'Зочид буудлын 301 тоот өрөөг цагаар түрээслэх', '30000.00', 7, 1, 3, NULL, NULL, 1, NULL),
(22, '2020-06-20 07:47:53.533262', '302 өрөө ЦАГ', 'Зочид буудлын 302 тоот өрөөг цагаар түрээслэх', '30000.00', 8, 1, 3, NULL, NULL, 1, NULL),
(23, '2020-06-20 07:47:53.548189', '303 өрөө ЦАГ', 'Зочид буудлын 303 тоот өрөөг цагаар түрээслэх', '30000.00', 9, 1, 3, NULL, NULL, 1, NULL),
(24, '2020-06-20 07:47:53.562975', '304 өрөө ЦАГ', 'Зочид буудлын 304 тоот өрөөг цагаар түрээслэх', '30000.00', 10, 1, 3, NULL, NULL, 1, NULL),
(25, '2020-06-20 07:47:53.576389', '305 өрөө ЦАГ', 'Зочид буудлын 305 тоот өрөөг цагаар түрээслэх', '30000.00', 11, 1, 3, NULL, NULL, 1, NULL),
(26, '2020-06-20 07:47:53.590402', '306 өрөө ЦАГ', 'Зочид буудлын 306 тоот өрөөг цагаар түрээслэх', '30000.00', 12, 1, 3, NULL, NULL, 1, NULL),
(27, '2020-06-20 07:47:53.605417', '307 өрөө ЦАГ', 'Зочид буудлын 307 тоот өрөөг цагаар түрээслэх', '100000.00', 13, 1, 3, NULL, NULL, 1, NULL),
(30, '2020-06-20 07:47:53.639719', 'Хавирганы махан цуглуулга (2-3)', '', '49000.00', NULL, 1, 2, '', NULL, 1, 'Havirga M.Tsug 2-3hun'),
(31, '2021-05-29 08:27:01.681616', 'Хавирганы махан цуглуулга (4-5)', '', '59000.00', NULL, NULL, 2, '', NULL, 1, 'Havirga M.Tsug 4-5hun'),
(32, '2021-05-29 08:27:57.145788', 'Монгол махан цуглуулга (2-3)', '', '49000.00', NULL, NULL, 2, '', NULL, 1, 'Mongol Mah.Tsug 2-3hun'),
(33, '2021-05-29 08:28:22.050213', 'Монгол махан цуглуулга (4-5)', '', '59000.00', NULL, NULL, 2, '', NULL, 1, 'Mongol Mah.Tsug 4-5hun'),
(34, '2021-05-29 08:29:55.960584', 'Маханд дурлагсад цуглуулга 4-5', '', '59000.00', NULL, NULL, 2, 'product-images/4A5E815A-6E3A-4D58-9F98-47F221169A71.jpeg', NULL, 1, 'Mahand durlagsad TS 4-5hun'),
(35, '2021-05-29 08:32:54.300785', 'Шорлогны цуглуулга 2-3', '', '39000.00', NULL, NULL, 2, '', NULL, 1, 'Shorlogo Tsug 2-3hun'),
(36, '2021-05-29 08:33:07.252525', 'Шорлогны цуглуулга 4-5', '', '49000.00', NULL, NULL, 2, '', NULL, 1, 'Shorlogo Tsug 4-5hun'),
(37, '2021-05-29 08:33:48.626892', 'Тахианы махан цуглуулга 2-3', '', '39000.00', NULL, NULL, 2, '', NULL, 1, 'Tahia mahan tsug 2-3hun'),
(38, '2021-05-29 08:34:28.985200', 'Тахианы махан цуглуулга 4-5', '', '49000.00', NULL, NULL, 2, '', NULL, 1, 'Tahia mahan tsug 4-5hun'),
(39, '2021-05-29 08:34:55.083693', 'Солонгос хоолны цуглуулга 2-3', '', '49000.00', NULL, NULL, 2, '', NULL, 1, 'Solongos hool ts 2-3hun'),
(40, '2021-05-29 08:36:43.163875', 'Солонгос хоолны цуглуулга 4-5', '', '59000.00', NULL, NULL, 2, '', NULL, 1, 'Solongos hool ts 4-5hun'),
(41, '2021-05-29 08:37:33.676764', 'Жэюүгбуггим 2хүн', '', '29000.00', NULL, NULL, 2, '', NULL, 1, 'Jeyugbuggim 2hun'),
(42, '2021-05-29 08:37:59.599247', 'Кимчи сангёбсал 2хүн', '', '39000.00', NULL, NULL, 2, '', NULL, 1, 'Kimchi sangyobsal 2hun'),
(43, '2021-05-29 08:38:14.680109', 'Калбижим 2хүн', '', '29000.00', NULL, NULL, 2, '', NULL, 1, 'Kalbijim 2hun'),
(44, '2021-05-29 08:38:30.877036', 'Калбитан', '', '13900.00', NULL, NULL, 2, '', NULL, 1, 'Kalbitan'),
(45, '2021-05-29 08:38:52.975300', 'Калбитан 2хүн', '', '24900.00', NULL, NULL, 2, '', NULL, 1, 'Kalbitan 2hun'),
(46, '2021-05-29 08:39:27.378267', 'Бүлгүгги 2хүн', '', '29000.00', NULL, NULL, 2, '', NULL, 1, 'Bulguggi 2hun'),
(47, '2021-05-29 08:40:44.169660', 'Кимчижигэ', '', '12900.00', NULL, NULL, 2, '', NULL, 1, 'Kimchijige'),
(48, '2021-05-29 08:41:05.791896', 'Тэнжанжигэ', '', '12900.00', NULL, NULL, 2, '', NULL, 1, 'Tenjanjige'),
(49, '2021-05-29 08:41:23.650918', 'Миёогтой шөл', '', '12900.00', NULL, NULL, 2, '', NULL, 1, 'Miyogtoi shul'),
(50, '2021-05-29 08:41:42.895018', 'Бүдэжигэ 2хүн', '', '26900.00', NULL, NULL, 2, '', NULL, 1, 'Budejige 2hun'),
(51, '2021-05-29 08:42:06.564372', 'Тагтуритан 2хүн', '', '26900.00', NULL, NULL, 2, '', NULL, 1, 'Tagturitan 2hun'),
(52, '2021-05-29 08:42:19.985140', 'Гоймон', '', '5900.00', NULL, NULL, 2, '', NULL, 1, 'Goimon'),
(53, '2021-05-29 08:42:32.781872', 'Кимбаб', '', '5900.00', NULL, NULL, 2, '', NULL, 1, 'Kimbab'),
(54, '2021-05-29 08:42:48.904794', 'Догбугги', '', '8900.00', NULL, NULL, 2, '', NULL, 1, 'Dogbuggi'),
(55, '2021-05-29 08:43:17.091406', 'Цезарь салат', '', '10900.00', NULL, NULL, 2, '', NULL, 1, 'Cezari salat'),
(57, '2021-05-29 08:43:52.764447', 'Бууцайтай үхрийн хэлэн салат', '', '11900.00', NULL, NULL, 2, '', NULL, 1, 'Buutsai uh.helen salat'),
(58, '2021-05-29 08:44:18.743932', 'Swiss bowl salat', '', '11900.00', NULL, NULL, 2, '', NULL, 1, 'Swiss bowl salat'),
(59, '2021-05-29 08:44:51.004778', 'Броколи зутан шөл', '', '7900.00', NULL, NULL, 2, '', NULL, 1, 'Brokole zutan shul'),
(60, '2021-05-29 08:45:12.725020', 'Хулууны зутан шөл', '', '7900.00', NULL, NULL, 2, '', NULL, 1, 'Huluunii zutan shul'),
(61, '2021-05-29 08:45:27.223849', 'Бантан', '', '6900.00', NULL, NULL, 2, '', NULL, 1, 'Bantan'),
(62, '2021-05-29 08:45:50.697192', 'Банштай цай', '', '8900.00', NULL, NULL, 2, '', NULL, 1, 'Banshtai tsai'),
(63, '2021-05-29 08:46:20.578901', 'Бинтэй хар шөл', '', '8900.00', NULL, NULL, 2, '', NULL, 1, 'Bintei har shul'),
(64, '2021-05-29 08:46:50.440609', 'Карборанара паста', '', '16900.00', NULL, NULL, 2, '', NULL, 1, 'Karboranara pasta'),
(65, '2021-05-29 08:47:10.346748', 'Бологнайз паста', '', '15900.00', NULL, NULL, 2, '', NULL, 1, 'Bolognaiz pasta'),
(66, '2021-05-29 08:47:46.989843', 'Mushroom (taglatil) pasta', '', '16900.00', NULL, NULL, 2, '', NULL, 1, 'Mushroom taglatil pasta'),
(67, '2021-05-29 08:48:11.413240', 'Салям пицца', '', '22900.00', NULL, NULL, 2, '', NULL, 1, 'Salim pizza'),
(68, '2021-05-29 08:48:56.477818', 'Хавай пицца', '', '22900.00', NULL, NULL, 2, '', NULL, 1, 'Hawai pizza'),
(69, '2021-05-29 08:49:18.170059', 'Холимог пицца', '', '22900.00', NULL, NULL, 2, '', NULL, 1, 'Holimog pizza'),
(70, '2021-05-29 08:49:36.360099', 'Кето пицца', '', '22900.00', NULL, NULL, 2, '', NULL, 1, 'Keto pizza'),
(71, '2021-05-29 08:50:41.347816', 'Tesoro нэрийн стэйк', '', '28900.00', NULL, NULL, 2, 'product-images/9B4C65B4-D3C2-404A-87CD-76EE4C3C2E6B.jpeg', NULL, 1, 'Tesoro steak'),
(72, '2021-05-29 08:50:57.109718', 'Цуйван', '', '10900.00', NULL, NULL, 2, '', NULL, 1, 'Tsuivan'),
(73, '2021-05-29 08:51:14.071688', 'Шаржигнуур тахиа', '', '12900.00', NULL, NULL, 2, '', NULL, 1, 'Sharjignuur tahia'),
(74, '2021-05-29 08:51:32.297730', 'Хуушуур багц', '', '15900.00', NULL, NULL, 2, '', NULL, 1, 'Huushuur bagts'),
(75, '2021-05-29 08:51:58.008201', 'Бууз багц', '', '15900.00', NULL, NULL, 2, '', NULL, 1, 'Buuz bagts'),
(76, '2021-05-29 08:52:21.399539', 'Хонины шарсан хавирга', '', '16900.00', NULL, NULL, 2, '', NULL, 1, 'Honinii sharsan havirga'),
(77, '2021-05-29 08:52:39.512575', 'Үхрийн шарсан хавирга', '', '16900.00', NULL, NULL, 2, '', NULL, 1, 'Uhriin sharsan Havirga'),
(78, '2021-05-29 08:53:03.066922', 'Tbone steak', '', '24900.00', NULL, NULL, 2, '', NULL, 1, 'Tbone steak'),
(79, '2021-05-29 08:53:35.420773', 'Шарсан төмс', '', '4900.00', NULL, NULL, 2, '', NULL, 1, 'Sharsan tums'),
(80, '2021-05-29 08:53:46.964433', 'Будаа', '', '1900.00', NULL, NULL, 2, '', NULL, 1, 'Budaa'),
(81, '2021-05-29 08:54:39.356429', 'Bonaqua 500ml', '', '1900.00', NULL, NULL, 5, 'product-images/Untitled-1.jpg', NULL, 0, NULL),
(82, '2021-05-29 08:55:03.943836', 'SanBenedetto still 500ml', '', '6900.00', NULL, NULL, 5, 'product-images/70522_XXX_v1.jpg', NULL, 0, NULL),
(83, '2021-05-29 08:56:10.454640', 'SanBenedetto sparkling 500ml', '', '6900.00', NULL, NULL, 5, 'product-images/large_c1146abe-35a9-414c-96ef-671ec5d4b0bc.png', NULL, 0, NULL),
(84, '2021-05-29 08:56:40.828377', 'Coca cola', '', '3000.00', NULL, NULL, 5, 'product-images/10-1.png', NULL, 0, NULL),
(85, '2021-05-29 08:56:59.011417', 'Fanta Orange', '', '3000.00', NULL, NULL, 5, 'product-images/fanta-naranja.jpg', NULL, 0, NULL),
(86, '2021-05-29 08:57:09.046991', 'Sprite', '', '3000.00', NULL, NULL, 5, 'product-images/11.png', NULL, 0, NULL),
(87, '2021-05-29 08:57:21.396698', 'Soda', '', '3000.00', NULL, NULL, 5, 'product-images/B1177016360.jpg', NULL, 0, NULL),
(88, '2021-05-29 08:57:34.241432', '+C', '', '3000.00', NULL, NULL, 5, 'product-images/e4b61d_2e9fc8b4b21a464fac819bcd21de30ff_mv2.jpg', NULL, 0, NULL),
(89, '2021-05-29 08:58:26.568425', 'Juice Моя Семья 250ml', '', '3900.00', NULL, NULL, 5, '', 250, 1, NULL),
(90, '2021-05-29 08:58:46.263552', 'Lipton tea - Гүцтэй', 'Lipton tea - Гүцтэй', '2900.00', NULL, NULL, 5, '', NULL, 1, NULL),
(91, '2021-05-29 08:59:03.030511', 'Green tea', '', '2900.00', NULL, NULL, 5, '', NULL, 1, NULL),
(92, '2021-05-29 08:59:25.315785', 'Kiwi & Apple iced tea', '', '5900.00', NULL, NULL, 5, '', NULL, 1, NULL),
(93, '2021-05-29 08:59:50.433222', 'Strawberry & Orange iced tea', '', '5900.00', NULL, NULL, 5, '', NULL, 1, NULL),
(94, '2021-05-29 09:00:11.204410', 'Blue berry & Watermelon iced tea', '', '5900.00', NULL, NULL, 5, '', NULL, 1, NULL),
(95, '2021-05-29 09:00:53.089806', 'Power', 'Spinach, kiwi, matcha, green tea, apple juice', '7900.00', NULL, NULL, 5, '', NULL, 1, NULL),
(96, '2021-05-29 09:01:32.059035', 'Avatar', 'red berries, blueberry, orange juice', '7900.00', NULL, NULL, 5, '', NULL, 1, NULL),
(97, '2021-05-29 09:02:07.626069', 'Passion fruit', 'passion fruit, mango juice, lemon juice', '7900.00', NULL, NULL, 5, '', NULL, 1, NULL),
(98, '2021-05-29 09:02:26.223133', 'Chocolate & Coffee shake', '', '8900.00', NULL, NULL, 5, '', NULL, 1, NULL),
(99, '2021-05-29 09:02:53.008665', 'Strawberry & Honey shake', '', '8900.00', NULL, NULL, 5, '', NULL, 1, NULL),
(100, '2021-05-29 09:03:09.814626', 'Vanilla & Oreo shake', '', '8900.00', NULL, NULL, 5, '', NULL, 1, NULL),
(101, '2021-05-29 09:03:37.436206', 'Sengur', '', '4500.00', NULL, NULL, 5, 'product-images/sengur.jpg', NULL, 0, NULL),
(102, '2021-05-29 09:09:43.317133', 'Kaltenberg 500ml', '', '5900.00', NULL, NULL, 5, 'product-images/kb-pils-new.png', NULL, 0, NULL),
(103, '2021-05-29 09:11:51.407459', 'Heineken 500ml', '', '6900.00', NULL, NULL, 5, 'product-images/1_0028Kopie.jpg4a444ab9-d14b-4b2e-b99a-6be577434c20Large.jpg', NULL, 0, NULL),
(104, '2021-05-29 09:15:34.192202', 'Miller 500ml', '', '6900.00', NULL, NULL, 5, 'product-images/Miller-Genuine-Draft-33-cl-Bierflasche.jpg', NULL, 0, NULL),
(105, '2021-05-29 09:17:01.101173', 'Сибирская корона 500ml', '', '7900.00', NULL, NULL, 5, 'product-images/images.jpg', NULL, 0, NULL),
(106, '2021-05-29 09:19:30.557721', 'Harbin ice 500ml', '', '7900.00', NULL, NULL, 5, '', NULL, 0, NULL),
(107, '2021-05-29 09:24:19.108225', 'Guinness 500ml', '', '9900.00', NULL, NULL, 5, 'product-images/364917219-guinness-draught-temnoe-4-5-0-5-g-b-650x650.jpg', NULL, 0, NULL),
(108, '2021-05-29 09:25:09.455105', 'Eden 700ml', '', '49000.00', NULL, NULL, 5, 'product-images/eden-0.75l-7.5.png', NULL, 0, NULL),
(109, '2021-05-29 09:25:57.306842', 'Eden 50ml', '', '4900.00', NULL, NULL, 5, 'product-images/eden-0.75l-7.5_DPj91R0.png', 50, 1, NULL),
(110, '2021-05-29 09:26:39.976283', 'Velvet 700ml', '', '69000.00', NULL, NULL, 5, 'product-images/velvet-1l-8.5_l.png', NULL, 0, NULL),
(111, '2021-05-29 09:27:05.387736', 'Velvet 50ml', '', '5900.00', NULL, NULL, 5, 'product-images/velvet-1l-8.5_l_FkZ4rMC.png', 50, 1, NULL),
(112, '2021-05-29 09:28:10.251446', 'Evok 750ml', '', '69000.00', NULL, NULL, 5, 'product-images/download_tH6TTOq.jpg', NULL, 0, NULL),
(113, '2021-05-29 09:28:27.557436', 'Evok 50ml', '', '5900.00', NULL, NULL, 5, 'product-images/download_o5kQOPO.jpg', 50, 1, NULL),
(114, '2021-05-29 09:29:21.160502', 'Smirnoff red 700ml', '', '69000.00', NULL, NULL, 5, 'product-images/70778-smirnoff-red-label-vodka-375-prozent-vol.jpg', NULL, 0, NULL),
(115, '2021-05-29 09:29:52.302283', 'Smirnoff red 50ml', '', '4900.00', NULL, NULL, 5, 'product-images/70778-smirnoff-red-label-vodka-375-prozent-vol_04UHdRP.jpg', 50, 1, NULL),
(116, '2021-05-29 09:30:42.351146', 'Finlandia 750ml', '', '99000.00', NULL, NULL, 5, 'product-images/vodka-of-finland-400-2_1.jpg', NULL, 0, NULL),
(117, '2021-05-29 09:31:03.442352', 'Finlandia 50ml', '', '7900.00', NULL, NULL, 5, 'product-images/vodka-of-finland-400-2_1_cuCtQUx.jpg', 50, 1, NULL),
(118, '2021-05-29 09:31:55.637337', 'Beluga 700ml', '', '199000.00', NULL, NULL, 5, 'product-images/download_1.jpg', NULL, 0, NULL),
(119, '2021-05-29 09:32:13.577364', 'Beluga 50ml', '', '9900.00', NULL, NULL, 5, 'product-images/download_1_2ItE1HV.jpg', 50, 1, NULL),
(120, '2021-05-29 09:33:05.595339', 'Belvedere 700ml', '', '229000.00', NULL, NULL, 5, 'product-images/belvedere-vodka-688155_e.jpg', NULL, 0, NULL),
(121, '2021-05-29 09:33:22.727319', 'Belvedere 50ml', '', '19000.00', NULL, NULL, 5, 'product-images/belvedere-vodka-688155_e_rilT3Bk.jpg', 50, 1, NULL),
(122, '2021-05-29 09:34:12.894188', 'Ciroc 700ml', '', '269000.00', NULL, NULL, 5, 'product-images/download_2.jpg', NULL, 0, NULL),
(123, '2021-05-29 09:34:29.277125', 'Ciroc 50ml', '', '18900.00', NULL, NULL, 5, 'product-images/download_2_QIPOTuQ.jpg', 50, 1, NULL),
(124, '2021-05-29 09:35:21.246098', 'Hennessy V.S 700ml', '', '199000.00', NULL, NULL, 5, 'product-images/18291_Hennessy-VS-07L-40-Vol_4.jpg', NULL, 0, NULL),
(125, '2021-05-29 09:35:39.231126', 'Hennessy V.S 50ml', '', '14900.00', NULL, NULL, 5, 'product-images/18291_Hennessy-VS-07L-40-Vol_4_ZR1zwfx.jpg', 50, 1, NULL),
(126, '2021-05-29 09:37:42.669187', 'Hennessy V.S.O.P 700ml', '', '249000.00', NULL, NULL, 5, 'product-images/download_3.jpg', NULL, 0, NULL),
(127, '2021-05-29 09:38:01.873285', 'Hennessy V.S.O.P 50ml', '', '18900.00', NULL, NULL, 5, 'product-images/download_3_eSJWXIb.jpg', 50, 1, NULL),
(128, '2021-05-29 09:38:42.316598', 'Hennessy X.O 700ml', '', '799000.00', NULL, NULL, 5, 'product-images/download_4.jpg', NULL, 0, NULL),
(129, '2021-05-29 09:40:11.257685', 'Wild Turkey 700ml', '', '139000.00', NULL, NULL, 5, 'product-images/ci-wild-turkey-bourbon-fe554d942f449305.jpeg', NULL, 0, NULL),
(130, '2021-05-29 09:40:48.852836', 'Wild Turkey 50ml', '', '10900.00', NULL, NULL, 5, 'product-images/ci-wild-turkey-bourbon-fe554d942f449305_gZPaQwX.jpeg', 50, 1, NULL),
(131, '2021-05-29 09:42:02.365040', 'Jameson 700ml', '', '139000.00', NULL, NULL, 5, 'product-images/4006-jameson.png', NULL, 0, NULL),
(132, '2021-05-29 09:42:25.289351', 'Jameson 50ml', '', '10900.00', NULL, NULL, 5, 'product-images/4006-jameson_oAtfu0x.png', 50, 1, NULL),
(133, '2021-05-29 09:44:53.461826', 'Jack Daniel\'s  700ml', '', '169000.00', NULL, NULL, 5, 'product-images/jack-daniels-old-no7-400_2.jpg', NULL, 0, NULL),
(134, '2021-05-29 09:45:10.402795', 'Jack Daniel\'s  50ml', '', '11900.00', NULL, NULL, 5, 'product-images/jack-daniels-old-no7-400_2_cTVnIuo.jpg', 50, 1, NULL),
(135, '2021-05-29 09:46:06.998032', 'Jack Daniel\'s Honey 700ml', '', '179000.00', NULL, NULL, 5, 'product-images/2087207030007_1_default_default.jpg', NULL, 0, NULL),
(136, '2021-05-29 09:46:29.061294', 'Jack Daniel\'s Honey 50ml', '', '13900.00', NULL, NULL, 5, 'product-images/2087207030007_1_default_default_JoKqXRi.jpg', 50, 1, NULL),
(137, '2021-05-29 09:47:15.101928', 'Jack Daniel\'s Fire 700ml', '', '199000.00', NULL, NULL, 5, 'product-images/100430_jack_daniels_tennesee_fire_700.jpg', NULL, 0, NULL),
(138, '2021-05-29 09:47:39.073299', 'Jack Daniel\'s Fire 50ml', '', '14900.00', NULL, NULL, 5, 'product-images/100430_jack_daniels_tennesee_fire_700_pUc1bUc.jpg', 50, 1, NULL),
(139, '2021-05-29 09:48:35.923551', 'Jack Single barrel 700ml', '', '439000.00', NULL, NULL, 5, 'product-images/jack-daniels-barrel.jpg', NULL, 0, NULL),
(141, '2021-05-29 09:49:58.458271', 'Glenmorangie Orignal 700ml', '', '239000.00', NULL, NULL, 5, 'product-images/99800_glenmorangie_original_700_ohne_gp.jpg', NULL, 0, NULL),
(142, '2021-05-29 09:50:18.715430', 'Glenmorangie Orignal 50ml', '', '17900.00', NULL, NULL, 5, 'product-images/99800_glenmorangie_original_700_ohne_gp_HoqKxNs.jpg', 50, 1, NULL),
(143, '2021-05-29 09:52:10.526825', 'Ballantine\'s Finest 750ml', '', '119000.00', NULL, NULL, 5, 'product-images/ballantines-finest_1.jpg', NULL, 0, NULL),
(144, '2021-05-29 09:52:27.416791', 'Ballantine\'s Finest 50ml', '', '89000.00', NULL, NULL, 5, 'product-images/ballantines-finest_1_PwXjY6p.jpg', 50, 1, NULL),
(145, '2021-05-29 09:53:03.320845', 'Crown Royal 750ml', '', '129000.00', NULL, NULL, 5, 'product-images/download_5.jpg', NULL, 0, NULL),
(147, '2021-05-29 09:54:11.307733', 'Chivas regal 12yo 700ml', '', '169000.00', NULL, NULL, 5, 'product-images/chivas-regal-12-years-1l.jpg', NULL, 0, NULL),
(149, '2021-05-29 09:55:34.532494', 'Johnnie Walker Red 750ml', '', '119000.00', NULL, NULL, 5, 'product-images/Johnnie-Walker-Red-Label.png', NULL, 0, NULL),
(150, '2021-05-29 09:55:51.595470', 'Johnnie Walker Red 50ml', '', '8900.00', NULL, NULL, 5, 'product-images/Johnnie-Walker-Red-Label_oEly76t.png', 50, 1, NULL),
(151, '2021-05-29 09:56:43.914462', 'Johnnie Walker Blue 750ml', '', '789000.00', NULL, NULL, 5, 'product-images/2200_master-1.jpg', NULL, 0, NULL),
(152, '2021-05-29 09:58:05.643137', 'Bacardi Superior 1000ml', '', '129000.00', NULL, NULL, 5, 'product-images/v2bcczy2ijzzwogukxdb.jpg', NULL, 0, NULL),
(153, '2021-05-29 09:58:25.503273', 'Bacardi Superior 50ml', '', '79000.00', NULL, NULL, 5, 'product-images/v2bcczy2ijzzwogukxdb_VlMpsea.jpg', 50, 1, NULL),
(154, '2021-05-29 09:59:55.902443', 'Captain Morgan spiced gold 1000ml', '', '139000.00', NULL, NULL, 5, 'product-images/cpt-morgan-spiced-gold-2450-750ml.jpg', NULL, 0, NULL),
(155, '2021-05-29 10:00:12.251378', 'Captain Morgan spiced gold 50ml', '', '7900.00', NULL, NULL, 5, 'product-images/cpt-morgan-spiced-gold-2450-750ml_Hio3nQv.jpg', 50, 1, NULL),
(158, '2021-05-29 10:04:05.813737', 'Sierra Silver 700ml', '', '119000.00', NULL, NULL, 5, 'product-images/sierra-tequila-silver-700ml.jpg', NULL, 0, NULL),
(159, '2021-05-29 10:04:27.888000', 'Sierra Silver 50ml', '', '7900.00', NULL, NULL, 5, 'product-images/sierra-tequila-silver-700ml_fiQZ5wj.jpg', 50, 1, NULL),
(160, '2021-05-29 10:05:10.958463', 'Sierra Gold 700ml', '', '119000.00', NULL, NULL, 5, 'product-images/SIERRA-TEQUILA-GOLD-1L.jpg', NULL, 0, NULL),
(161, '2021-05-29 10:05:24.654247', 'Sierra Gold 50ml', '', '7900.00', NULL, NULL, 5, 'product-images/SIERRA-TEQUILA-GOLD-1L_V4BXUMj.jpg', 50, 1, NULL),
(162, '2021-05-29 10:06:10.709881', 'Pepe Lopez Gold 750ml', '', '109000.00', NULL, NULL, 5, 'product-images/0000428.jpeg', NULL, 0, NULL),
(163, '2021-05-29 10:06:26.312773', 'Pepe Lopez Gold 50ml', '', '7900.00', NULL, NULL, 5, 'product-images/0000428_4NuaYZz.jpeg', 50, 1, NULL),
(164, '2021-05-29 10:07:21.388923', 'Kahlua 700ml', '', '89000.00', NULL, NULL, 5, 'product-images/download_6.jpg', NULL, 0, NULL),
(165, '2021-05-29 10:07:39.239945', 'Kahlua 50ml', '', '6900.00', NULL, NULL, 5, 'product-images/download_6_s79n7cW.jpg', 50, 1, NULL),
(166, '2021-05-29 10:08:34.580110', 'Bailey\'s 750ml', '', '109000.00', NULL, NULL, 5, 'product-images/baileys-original-irish-cream-700ml.jpg', NULL, 0, NULL),
(167, '2021-05-29 10:08:53.574196', 'Bailey\'s 50ml', '', '7900.00', NULL, NULL, 5, 'product-images/baileys-original-irish-cream-700ml_ogu6hFi.jpg', 50, 1, NULL),
(168, '2021-05-29 10:09:50.591457', 'Jagermeister 700ml', '', '99000.00', NULL, NULL, 5, 'product-images/jagermeister-100-cl-m.jpg', NULL, 0, NULL),
(169, '2021-05-29 10:10:16.299928', 'Jagermeister 50ml', '', '8900.00', NULL, NULL, 5, 'product-images/jagermeister-100-cl-m_JFkNRHI.jpg', 50, 1, NULL),
(170, '2021-05-29 10:11:43.184897', 'Sambuca 1000ml', '', '99000.00', NULL, NULL, 5, 'product-images/sambuca-luxardo-dei-cesari-436800_e.jpg', NULL, 0, NULL),
(171, '2021-05-29 10:11:59.872852', 'Sambuca 50ml', '', '7900.00', NULL, NULL, 5, 'product-images/sambuca-luxardo-dei-cesari-436800_e_eQ8veoL.jpg', 50, 1, NULL),
(172, '2021-05-29 10:12:36.599953', 'AbsenthXenta 700ml', '', '159000.00', NULL, NULL, 5, 'product-images/10414581.jpg', NULL, 0, NULL),
(173, '2021-05-29 10:12:55.401028', 'AbsenthXenta 50ml', '', '10900.00', NULL, NULL, 5, 'product-images/10414581_BagQiWh.jpg', 50, 1, NULL),
(174, '2021-05-29 10:13:49.494122', 'Gordon\'s 750ml', '', '89000.00', NULL, NULL, 5, 'product-images/gordons-london-dry-gin-3750-1l_1.jpg', NULL, 0, NULL),
(175, '2021-05-29 10:14:07.618158', 'Gordon\'s 50ml', '', '6900.00', NULL, NULL, 5, 'product-images/gordons-london-dry-gin-3750-1l_1_RCYa6VZ.jpg', 50, 1, NULL),
(176, '2021-05-29 10:14:55.488897', 'Campari 700ml', '', '89000.00', NULL, NULL, 5, 'product-images/00-02-111-01_1.jpg', NULL, 0, NULL),
(177, '2021-05-29 10:15:17.193138', 'Campari 50ml', '', '6900.00', NULL, NULL, 5, 'product-images/00-02-111-01_1_VSlXaXe.jpg', 50, 1, NULL),
(178, '2021-05-29 10:16:08.506073', 'Aperol 700ml', '', '79000.00', NULL, NULL, 5, 'product-images/aperol-aperitivo-700ml_grande.jpg', NULL, 0, NULL),
(179, '2021-05-29 10:16:26.506102', 'Aperol 50ml', '', '5900.00', NULL, NULL, 5, 'product-images/aperol-aperitivo-700ml_grande_owy6IGZ.jpg', 50, 1, NULL),
(180, '2021-05-29 10:17:55.525194', 'Martini Bianco 1000ml', 'Martini Bianco 1000ml', '69000.00', NULL, NULL, 5, 'product-images/cq5dam.web.1280.1280.jpeg', 1000, 0, NULL),
(181, '2021-05-29 10:18:17.215435', 'Martini Bianco 50ml', '', '3900.00', NULL, NULL, 5, 'product-images/martini_series__extra_dry_ross_1589541842_9727d899_progressive_5UXJR31.jpg', 50, 1, NULL),
(182, '2021-05-29 10:22:01.941288', 'Moet&Chandon rose', '', '249000.00', NULL, NULL, 5, 'product-images/99182_Moet---Chandon-Rose-Imperial-Magnum-15L-12-Vol_4.jpg', NULL, 0, NULL),
(183, '2021-05-29 10:24:23.002356', 'Altos del Plata White 750ml', 'Altos del Plata White 750ml', '79000.00', NULL, NULL, 5, 'product-images/46dced_0402564fbad346c0a3aa58da6c4d9e5c_mv2_300x300.jpg', 750, 0, NULL),
(184, '2021-05-29 10:26:01.544993', 'Domaine La Baume White 750ml', '', '79000.00', NULL, NULL, 5, 'product-images/8126_la_baume_sauv_blanc_2019.png', 750, 0, NULL),
(186, '2021-05-29 10:32:09.572043', 'Altos del Plata Red 750ml', '', '89000.00', NULL, NULL, 5, 'product-images/8127_la_baume_cabsauv_2019.png', 750, 0, NULL),
(187, '2021-05-29 10:34:03.374552', 'Domaine La Baume Red 750ml', 'Domaine La Baume Red 750ml', '79000.00', NULL, NULL, 5, 'product-images/8127_la_baume_cabsauv_2019_1.png', 750, 0, NULL),
(188, '2021-05-29 10:35:58.715149', 'Altos del Plata Red 125ml', 'Altos del Plata Red 125ml', '13900.00', NULL, NULL, 5, 'product-images/terrazas-de-los-andes-altos-del-plata-malbec_7OpGNM4.jpg', 125, 1, NULL),
(189, '2021-05-29 10:37:40.175952', 'Domaine La Baume Red 125ml', '', '12900.00', NULL, NULL, 5, 'product-images/8127_la_baume_cabsauv_2019_sUcZvdZ.png', 125, 1, NULL),
(190, '2021-05-29 10:41:53.659451', 'Louis Eschenauer Red 750ml', '', '49000.00', NULL, NULL, 5, 'product-images/8036_bordeaux_louis_eschenauer_075.png', NULL, 0, NULL),
(191, '2021-05-29 11:51:10.866229', 'Rib eye steak', '', '32000.00', NULL, NULL, 5, '', NULL, 1, NULL),
(192, '2021-05-29 11:53:44.023989', 'Chicken breast', '', '26900.00', NULL, NULL, 5, '', NULL, 1, NULL),
(193, '2021-05-29 12:39:35.253351', 'Fanta grape', '', '3500.00', NULL, NULL, 5, 'product-images/fanta-grape-copy.jpg', NULL, 0, NULL),
(194, '2021-05-30 14:55:31.537661', 'Hennessy V.S 350ml', '', '139000.00', NULL, NULL, 5, 'product-images/download.jfif', NULL, 0, NULL),
(195, '2021-05-30 15:20:57.192923', 'JB Rare 750ml', '', '159000.00', NULL, NULL, 5, 'product-images/download_1.jfif', NULL, 0, NULL),
(196, '2021-07-03 02:38:00.588608', 'Martini Rosso 1000ml', 'Martini Rosso 1000ml', '69000.00', 19, NULL, 5, 'product-images/ME089_tnNyvCV.png', 1000, 0, NULL),
(197, '2021-07-03 02:38:58.408399', 'Martini Extra Dry 1000ml', 'Martini Extra Dry 1000ml', '69000.00', 19, NULL, 5, 'product-images/martini-extra-dry-vermouth-75cl-15-abv_temp.jpg', 1000, 0, NULL),
(198, '2021-07-03 02:38:00.588608', 'Martini Rosso 50ml', 'Martini Rosso 50ml', '69000.00', 19, NULL, 5, 'product-images/ME089_tnNyvCV.png', 50, 1, NULL),
(199, '2021-07-03 02:38:58.408399', 'Martini Extra Dry 50ml', 'Martini Extra Dry 50ml', '69000.00', 19, NULL, 5, 'product-images/martini-extra-dry-vermouth-75cl-15-abv_temp.jpg', 50, 1, NULL),
(200, '2021-05-29 10:41:53.659451', 'Louis Eschenauer White 750ml', '', '49000.00', NULL, NULL, 5, 'product-images/DkQpgyNBQgeDm4hglWG6DQ_pb_600x600.png', 750, 0, NULL),
(201, '2021-07-06 08:00:43.217518', 'Tesoro Special Long Island iced tea', '', '16900.00', NULL, NULL, NULL, '', NULL, 1, NULL),
(202, '2021-07-06 08:01:32.983797', 'Adios mother  fucker', '', '14900.00', NULL, NULL, NULL, '', NULL, 1, NULL),
(203, '2021-07-06 08:03:28.082799', 'Cuba Libra', '', '10900.00', NULL, NULL, NULL, '', NULL, 1, NULL),
(204, '2021-07-06 08:04:16.911885', 'Green summer', '', '14900.00', NULL, NULL, NULL, '', NULL, 1, NULL),
(205, '2021-07-06 08:04:48.256942', 'Tesoro Special Mojito', '', '13900.00', NULL, NULL, NULL, '', NULL, 1, NULL),
(206, '2021-07-06 08:05:28.283011', 'Kiwi mojito', '', '12900.00', NULL, NULL, NULL, '', NULL, 1, NULL),
(207, '2021-07-06 08:08:12.239299', 'Tesoro strong', '', '9900.00', NULL, NULL, NULL, '', NULL, 1, NULL),
(208, '2021-07-06 08:08:44.268155', 'Alien brain', '', '6900.00', NULL, NULL, NULL, '', NULL, 1, NULL),
(209, '2021-07-06 08:09:14.204608', 'Crazy Brain', '', '6900.00', NULL, NULL, NULL, '', NULL, 1, NULL),
(210, '2021-07-06 08:09:55.748481', 'Blow job', '', '6900.00', NULL, NULL, NULL, '', NULL, 1, NULL),
(211, '2021-07-06 08:10:23.742331', 'B-52', '', '6900.00', NULL, NULL, NULL, '', NULL, 1, NULL),
(212, '2021-07-06 08:10:45.691570', 'Negroni', '', '12900.00', NULL, NULL, NULL, '', NULL, 1, NULL),
(213, '2021-07-06 08:11:32.928453', 'Cosmopolitan', '', '12900.00', NULL, NULL, NULL, '', NULL, 1, NULL),
(214, '2021-07-06 08:11:57.202095', 'God father', '', '12900.00', NULL, NULL, NULL, '', NULL, 1, NULL),
(215, '2021-07-06 08:12:30.009953', 'Martini', '', '12900.00', NULL, NULL, NULL, '', NULL, 1, NULL),
(216, '2021-07-06 08:12:57.746802', 'Whiskey sour', '', '12900.00', NULL, NULL, NULL, '', NULL, 1, NULL),
(217, '2021-07-06 08:13:41.192878', 'Sexy monica', '', '14900.00', NULL, NULL, NULL, '', NULL, 1, NULL),
(218, '2021-07-06 08:15:03.795023', 'Sex on the beach', '', '14900.00', NULL, NULL, NULL, '', NULL, 1, NULL),
(219, '2021-07-06 08:15:36.758881', 'Pina coloda', '', '12900.00', NULL, NULL, NULL, '', NULL, 1, NULL),
(220, '2021-07-06 08:16:06.476933', 'Blue margarita', '', '14900.00', NULL, NULL, NULL, '', NULL, 1, NULL),
(221, '2021-07-06 08:16:42.281996', 'Strawberry daiquiri', '', '14900.00', NULL, NULL, NULL, '', NULL, 1, NULL),
(222, '2021-07-06 08:17:05.416837', 'Bloody mary', '', '8900.00', NULL, NULL, NULL, '', NULL, 1, NULL),
(223, '2021-07-06 08:17:23.654467', 'Red eye', '', '8900.00', NULL, NULL, NULL, '', NULL, 1, NULL),
(224, '2021-07-06 09:38:11.793996', 'Blueberry Mojito', '', '12900.00', NULL, NULL, NULL, '', NULL, 1, NULL),
(225, '2021-07-06 09:38:54.228070', 'Sea Buckthorn Mojito', '', '12900.00', NULL, NULL, NULL, '', NULL, 1, NULL),
(227, '2021-07-24 12:01:22.011120', 'Мояа семьяа 1000ml', 'Мояа семьяа 1000ml', '9900.00', NULL, NULL, 5, 'product-images/download_7.jpg', 1000, 0, NULL),
(228, '2021-07-24 12:22:38.566373', 'Louis Eschenauer White 125ml', '', '11900.00', NULL, NULL, 5, 'product-images/8126_la_baume_sauv_blanc_2019_9NklJFr.png', 125, 1, NULL),
(229, '2021-07-24 12:23:53.266953', 'Louis Eschenauer Red 125ml', 'Louis Eschenauer Red 125ml', '11900.00', NULL, NULL, 5, '', 125, 1, NULL),
(230, '2021-07-24 12:29:36.308647', 'Domaine La Baume White 125ml', '', '12900.00', NULL, NULL, 5, '', 125, 1, NULL),
(231, '2021-07-24 12:37:35.980796', 'Altos del Plata White 125ml', 'Altos del Plata White 125ml', '13900.00', NULL, NULL, 5, 'product-images/product988.jpg', 125, 1, NULL),
(232, '2021-07-25 03:15:57.042413', 'Lipton tea - Аяга', 'Lipton tea - Аяга', '1500.00', NULL, NULL, 5, '', NULL, 1, NULL),
(233, '2021-07-25 03:17:25.201382', 'Сүүтэй цай - Аяга', 'Сүүтэй цай - Аяга', '1000.00', NULL, NULL, 5, '', NULL, 1, 'Suutei tsai - ayaga'),
(234, '2021-07-25 03:17:49.894460', 'Сүүтэй цай - Халуун сав', 'Сүүтэй цай - Халуун сав', '10000.00', NULL, NULL, NULL, '', NULL, 1, 'Suutei tsai - sav'),
(235, '2021-07-25 03:20:41.231183', 'Пакет сав', 'Пакет сав', '2000.00', NULL, NULL, 5, '', NULL, 0, NULL),
(236, '2021-07-25 03:22:55.032478', 'Хүргэлт үйлчилгээ', 'Хүргэлт үйлчилгээ', '2000.00', NULL, NULL, 5, 'product-images/Delivery-Service-Business-in-Dubai.jpg', NULL, 0, NULL),
(237, '2021-07-26 14:07:02.380370', 'Vip tax', 'Vip tax', '10000.00', NULL, NULL, NULL, '', NULL, 1, NULL),
(238, '2021-07-26 14:08:42.958123', 'alcohol tax', 'alcohol tax', '20000.00', NULL, NULL, NULL, '', NULL, 1, NULL),
(239, '2021-07-26 14:11:55.820154', 'bread', 'bread', '3500.00', NULL, NULL, NULL, '', NULL, 1, NULL),
(240, '2021-07-27 05:36:34.480734', 'Juice mango 250ml', '', '3900.00', NULL, NULL, 5, '', 250, 1, NULL),
(241, '2021-07-27 05:37:15.475079', 'Juice apple 250ml', '', '3900.00', NULL, NULL, 5, '', 250, 1, NULL),
(242, '2021-07-27 05:37:50.188064', 'Juice orange 250ml', '', '3900.00', NULL, NULL, 5, '', 250, 1, NULL),
(243, '2021-07-27 05:38:44.655179', 'Juice cranberry 250ml', '', '3900.00', NULL, NULL, 5, '', 250, 1, NULL),
(244, '2021-07-27 13:53:39.176149', 'Тактуритан 1 хүн', '', '18900.00', NULL, NULL, NULL, '', NULL, 1, 'Tagturitan 1hun'),
(245, '2021-07-28 03:50:15.973488', 'Бин', '', '1500.00', NULL, NULL, NULL, '', NULL, 1, 'Bin'),
(246, '2021-07-29 05:35:18.350862', 'Americano', '', '3500.00', NULL, NULL, NULL, '', NULL, 1, NULL),
(247, '2021-07-29 05:36:32.213086', 'Cappuccino', '', '4800.00', NULL, NULL, NULL, '', NULL, 1, NULL),
(248, '2021-07-29 05:51:15.242593', 'Cafe latte', '', '5000.00', NULL, NULL, NULL, '', NULL, 1, NULL),
(249, '2021-07-29 05:51:45.600329', 'Vanilla latte', '', '5500.00', NULL, NULL, NULL, '', NULL, 1, NULL),
(250, '2021-08-07 08:24:51.538095', 'Сүү', '', '2500.00', NULL, NULL, NULL, '', NULL, 1, NULL),
(251, '2021-08-07 13:41:39.468273', 'Peanuts', '', '6500.00', NULL, NULL, NULL, '', NULL, 1, NULL),
(252, '2021-08-10 05:16:22.694002', 'Domaine La Baume Rose', '', '79000.00', NULL, NULL, 5, '', NULL, 0, NULL),
(253, '2021-08-10 05:17:48.275752', 'Remy Martin V.S.O.P 700ml', '', '399000.00', NULL, NULL, 5, '', NULL, 0, NULL),
(257, '2021-08-11 01:52:41.609049', 'Cola Zero', '', '3500.00', NULL, NULL, 5, '', NULL, 0, NULL),
(258, '2022-01-24 03:49:45.314746', 'Fruit combo tea', '', '7900.00', NULL, NULL, NULL, '', NULL, 1, NULL);

-- --------------------------------------------------------

--
-- Table structure for table `product_app_product_categories`
--

CREATE TABLE `product_app_product_categories` (
  `id` int(11) NOT NULL,
  `product_id` int(11) NOT NULL,
  `product_category_id` int(11) NOT NULL
) ENGINE=InnoDB DEFAULT CHARSET=utf8 COLLATE=utf8_unicode_ci;

--
-- Dumping data for table `product_app_product_categories`
--

INSERT INTO `product_app_product_categories` (`id`, `product_id`, `product_category_id`) VALUES
(1, 1, 1),
(2, 1, 2),
(3, 2, 1),
(4, 2, 2),
(5, 3, 1),
(6, 3, 2),
(7, 4, 1),
(8, 4, 2),
(9, 5, 1),
(10, 5, 2),
(11, 6, 1),
(12, 6, 2),
(13, 7, 1),
(14, 7, 2),
(15, 8, 1),
(16, 8, 2),
(17, 9, 1),
(18, 9, 2),
(19, 10, 1),
(20, 10, 2),
(21, 11, 1),
(22, 11, 2),
(23, 12, 1),
(24, 12, 2),
(25, 13, 1),
(26, 13, 2),
(29, 15, 1),
(30, 15, 3),
(31, 16, 1),
(32, 16, 3),
(33, 17, 1),
(34, 17, 3),
(35, 18, 1),
(36, 18, 3),
(37, 19, 1),
(38, 19, 3),
(39, 20, 1),
(40, 20, 3),
(41, 21, 1),
(42, 21, 3),
(43, 22, 1),
(44, 22, 3),
(45, 23, 1),
(46, 23, 3),
(47, 24, 1),
(48, 24, 3),
(49, 25, 1),
(50, 25, 3),
(51, 26, 1),
(52, 26, 3),
(53, 27, 1),
(54, 27, 3),
(257, 30, 5),
(64, 30, 6),
(253, 31, 5),
(60, 31, 6),
(254, 32, 5),
(61, 32, 6),
(255, 33, 5),
(62, 33, 6),
(256, 34, 5),
(63, 34, 6),
(258, 35, 5),
(65, 35, 6),
(259, 36, 5),
(66, 36, 6),
(260, 37, 5),
(67, 37, 6),
(261, 38, 5),
(68, 38, 6),
(262, 39, 5),
(69, 39, 6),
(263, 40, 5),
(70, 40, 6),
(264, 41, 5),
(71, 41, 7),
(265, 42, 5),
(72, 42, 7),
(266, 43, 5),
(73, 43, 7),
(267, 44, 5),
(74, 44, 7),
(268, 45, 5),
(75, 45, 7),
(269, 46, 5),
(76, 46, 7),
(270, 47, 5),
(77, 47, 7),
(271, 48, 5),
(78, 48, 7),
(272, 49, 5),
(79, 49, 7),
(273, 50, 5),
(80, 50, 7),
(274, 51, 5),
(81, 51, 7),
(275, 52, 5),
(82, 52, 7),
(276, 53, 5),
(83, 53, 7),
(277, 54, 5),
(84, 54, 7),
(278, 55, 5),
(85, 55, 8),
(279, 57, 5),
(87, 57, 8),
(280, 58, 5),
(88, 58, 8),
(281, 59, 5),
(89, 59, 9),
(282, 60, 5),
(90, 60, 9),
(283, 61, 5),
(91, 61, 9),
(284, 62, 5),
(92, 62, 9),
(285, 63, 5),
(93, 63, 9),
(286, 64, 5),
(94, 64, 10),
(287, 65, 5),
(95, 65, 10),
(288, 66, 5),
(96, 66, 10),
(289, 67, 5),
(97, 67, 11),
(290, 68, 5),
(98, 68, 11),
(291, 69, 5),
(99, 69, 11),
(292, 70, 5),
(100, 70, 11),
(293, 71, 5),
(101, 71, 12),
(294, 72, 5),
(102, 72, 12),
(295, 73, 5),
(103, 73, 12),
(296, 74, 5),
(104, 74, 12),
(297, 75, 5),
(105, 75, 12),
(298, 76, 5),
(106, 76, 12),
(299, 77, 5),
(107, 77, 12),
(300, 78, 5),
(108, 78, 12),
(303, 79, 5),
(109, 79, 13),
(304, 80, 5),
(110, 80, 13),
(305, 81, 14),
(111, 81, 15),
(306, 82, 14),
(112, 82, 15),
(307, 83, 14),
(113, 83, 15),
(308, 84, 14),
(114, 84, 16),
(309, 85, 14),
(115, 85, 16),
(310, 86, 14),
(116, 86, 16),
(311, 87, 14),
(117, 87, 16),
(312, 88, 14),
(118, 88, 16),
(314, 89, 14),
(119, 89, 17),
(315, 90, 14),
(120, 90, 18),
(316, 91, 14),
(121, 91, 18),
(317, 92, 14),
(122, 92, 19),
(318, 93, 14),
(123, 93, 19),
(319, 94, 14),
(124, 94, 19),
(320, 95, 14),
(125, 95, 20),
(321, 96, 14),
(126, 96, 20),
(322, 97, 14),
(127, 97, 20),
(323, 98, 14),
(128, 98, 21),
(324, 99, 14),
(129, 99, 21),
(325, 100, 14),
(130, 100, 21),
(326, 101, 22),
(131, 101, 23),
(327, 102, 22),
(132, 102, 23),
(328, 103, 22),
(133, 103, 23),
(329, 104, 22),
(134, 104, 23),
(330, 105, 22),
(135, 105, 23),
(331, 106, 22),
(136, 106, 23),
(332, 107, 22),
(137, 107, 23),
(333, 108, 22),
(138, 108, 24),
(334, 109, 22),
(139, 109, 24),
(335, 110, 22),
(140, 110, 24),
(336, 111, 22),
(141, 111, 24),
(337, 112, 22),
(142, 112, 24),
(338, 113, 22),
(143, 113, 24),
(339, 114, 22),
(144, 114, 24),
(340, 115, 22),
(145, 115, 24),
(341, 116, 22),
(146, 116, 24),
(342, 117, 22),
(147, 117, 24),
(343, 118, 22),
(148, 118, 24),
(344, 119, 22),
(149, 119, 24),
(345, 120, 22),
(150, 120, 24),
(346, 121, 22),
(151, 121, 24),
(347, 122, 22),
(152, 122, 24),
(348, 123, 22),
(153, 123, 24),
(349, 124, 22),
(154, 124, 25),
(350, 125, 22),
(155, 125, 25),
(351, 126, 22),
(156, 126, 25),
(352, 127, 22),
(157, 127, 25),
(353, 128, 22),
(158, 128, 25),
(355, 129, 22),
(159, 129, 26),
(356, 130, 22),
(160, 130, 26),
(357, 131, 22),
(161, 131, 26),
(358, 132, 22),
(162, 132, 26),
(359, 133, 22),
(163, 133, 26),
(360, 134, 22),
(164, 134, 26),
(361, 135, 22),
(165, 135, 26),
(362, 136, 22),
(166, 136, 26),
(363, 137, 22),
(167, 137, 26),
(364, 138, 22),
(168, 138, 26),
(365, 139, 22),
(169, 139, 26),
(367, 141, 22),
(171, 141, 26),
(368, 142, 22),
(173, 142, 27),
(402, 143, 22),
(174, 143, 36),
(403, 144, 22),
(175, 144, 36),
(404, 145, 22),
(176, 145, 36),
(406, 147, 22),
(178, 147, 36),
(408, 149, 22),
(180, 149, 36),
(409, 150, 22),
(181, 150, 36),
(410, 151, 22),
(182, 151, 36),
(412, 152, 22),
(183, 152, 37),
(413, 153, 22),
(184, 153, 37),
(414, 154, 22),
(185, 154, 37),
(415, 155, 22),
(186, 155, 37),
(369, 158, 22),
(189, 158, 28),
(370, 159, 22),
(190, 159, 28),
(371, 160, 22),
(191, 160, 28),
(372, 161, 22),
(192, 161, 28),
(373, 162, 22),
(193, 162, 28),
(374, 163, 22),
(194, 163, 28),
(377, 164, 22),
(195, 164, 30),
(378, 165, 22),
(196, 165, 30),
(379, 166, 22),
(197, 166, 30),
(380, 167, 22),
(198, 167, 30),
(381, 168, 22),
(199, 168, 30),
(382, 169, 22),
(200, 169, 30),
(383, 170, 22),
(201, 170, 30),
(384, 171, 22),
(202, 171, 30),
(385, 172, 22),
(203, 172, 30),
(386, 173, 22),
(204, 173, 30),
(375, 174, 22),
(205, 174, 29),
(376, 175, 22),
(206, 175, 29),
(387, 176, 22),
(207, 176, 31),
(388, 177, 22),
(208, 177, 31),
(389, 178, 22),
(209, 178, 31),
(390, 179, 22),
(210, 179, 31),
(391, 180, 22),
(211, 180, 31),
(392, 181, 22),
(212, 181, 31),
(393, 182, 22),
(213, 182, 32),
(394, 183, 22),
(214, 183, 33),
(395, 184, 22),
(215, 184, 33),
(397, 186, 22),
(217, 186, 35),
(398, 187, 22),
(218, 187, 35),
(399, 188, 22),
(219, 188, 35),
(674, 189, 14),
(400, 189, 22),
(220, 189, 35),
(401, 190, 22),
(221, 190, 35),
(301, 191, 5),
(222, 191, 12),
(302, 192, 5),
(223, 192, 12),
(313, 193, 14),
(224, 193, 16),
(354, 194, 22),
(225, 194, 25),
(411, 195, 22),
(226, 195, 36),
(609, 196, 22),
(610, 196, 31),
(611, 197, 25),
(612, 197, 31),
(613, 200, 33),
(615, 201, 22),
(614, 201, 38),
(617, 202, 22),
(616, 202, 38),
(619, 203, 22),
(618, 203, 38),
(621, 204, 22),
(620, 204, 38),
(623, 205, 22),
(622, 205, 38),
(625, 206, 22),
(624, 206, 38),
(627, 207, 22),
(626, 207, 38),
(629, 208, 22),
(628, 208, 38),
(631, 209, 22),
(630, 209, 38),
(633, 210, 22),
(632, 210, 38),
(635, 211, 22),
(634, 211, 38),
(637, 212, 22),
(636, 212, 38),
(639, 213, 22),
(638, 213, 38),
(641, 214, 22),
(640, 214, 38),
(643, 215, 22),
(642, 215, 38),
(645, 216, 22),
(644, 216, 38),
(647, 217, 22),
(646, 217, 38),
(649, 218, 22),
(648, 218, 38),
(651, 219, 22),
(650, 219, 38),
(653, 220, 22),
(652, 220, 38),
(655, 221, 22),
(654, 221, 38),
(657, 222, 22),
(656, 222, 38),
(659, 223, 22),
(658, 223, 38),
(661, 224, 22),
(660, 224, 38),
(663, 225, 22),
(662, 225, 38),
(667, 227, 14),
(666, 227, 17),
(669, 228, 14),
(670, 228, 22),
(668, 228, 33),
(672, 229, 14),
(673, 229, 22),
(671, 229, 35),
(676, 230, 14),
(677, 230, 22),
(675, 230, 33),
(679, 231, 14),
(680, 231, 22),
(678, 231, 33),
(682, 232, 14),
(681, 232, 18),
(684, 233, 14),
(683, 233, 18),
(686, 234, 14),
(685, 234, 18),
(687, 235, 39),
(688, 236, 39),
(689, 237, 39),
(690, 238, 39),
(692, 239, 5),
(691, 239, 13),
(694, 240, 14),
(693, 240, 17),
(696, 241, 14),
(695, 241, 17),
(698, 242, 14),
(697, 242, 17),
(699, 243, 14),
(700, 244, 5),
(701, 244, 7),
(703, 245, 5),
(702, 245, 13),
(705, 246, 14),
(704, 246, 41),
(707, 247, 14),
(706, 247, 41),
(709, 248, 14),
(708, 248, 41),
(711, 249, 14),
(710, 249, 41),
(713, 250, 14),
(712, 250, 18),
(715, 251, 5),
(714, 251, 13),
(717, 252, 22),
(716, 252, 34),
(719, 253, 22),
(718, 253, 25),
(727, 257, 14),
(726, 257, 16),
(729, 258, 14),
(728, 258, 18);

-- --------------------------------------------------------

--
-- Table structure for table `product_app_product_category`
--

CREATE TABLE `product_app_product_category` (
  `id` int(11) NOT NULL,
  `created_at` datetime(6) DEFAULT NULL,
  `name` varchar(255) COLLATE utf8_unicode_ci NOT NULL,
  `description` longtext COLLATE utf8_unicode_ci DEFAULT NULL,
  `created_by_id` int(11) DEFAULT NULL,
  `parent_id` int(11) DEFAULT NULL,
  `is_created` tinyint(1) NOT NULL
) ENGINE=InnoDB DEFAULT CHARSET=utf8 COLLATE=utf8_unicode_ci;

--
-- Dumping data for table `product_app_product_category`
--

INSERT INTO `product_app_product_category` (`id`, `created_at`, `name`, `description`, `created_by_id`, `parent_id`, `is_created`) VALUES
(1, '2020-06-20 07:47:53.157096', 'Зочид буудлын өрөө', 'Зочид буудлын өрөөг түрээслэх үйлчилгээ.', 1, NULL, 0),
(2, '2020-06-20 07:47:53.179611', 'Зочид буудлын өрөөг хоногоор түрээслэх', 'Зочид буудлын өрөөг хоногоор түрээслэх үйлчилгээ.', 1, 1, 0),
(3, '2020-06-20 07:47:53.213482', 'Зочид буудлын өрөөг цагаар түрээслэх', 'Зочид буудлын өрөөг цагаар түрээслэх үйлчилгээ.', 1, 1, 0),
(4, '2020-06-20 07:47:53.218485', 'Зочид буудлын MiniBar', 'Зочид буудлын өрөөний хөргөгч болон худалдан авч болох бэлэн бүтээгдэхүүнүүд.', 1, NULL, 0),
(5, '2021-05-29 08:12:48.840836', 'Food', '', NULL, NULL, 1),
(6, '2021-05-29 08:13:03.124653', 'Share food', '', NULL, 5, 1),
(7, '2021-05-29 08:13:14.269291', 'Korean food', '', NULL, 5, 1),
(8, '2021-05-29 08:13:33.945416', 'Salat', '', NULL, 5, 1),
(9, '2021-05-29 08:13:57.403758', 'Soup', '', NULL, 5, 1),
(10, '2021-05-29 08:14:04.641172', 'Pasta', '', NULL, 5, 1),
(11, '2021-05-29 08:14:10.716519', 'Pizza', '', NULL, 5, 1),
(12, '2021-05-29 08:14:24.205291', 'Main course', '', NULL, 5, 1),
(13, '2021-05-29 08:14:36.073970', 'Side dish', '', NULL, 5, 1),
(14, '2021-05-29 08:14:54.154004', 'Drinks', '', NULL, NULL, 1),
(15, '2021-05-29 08:15:08.456822', 'Water', '', NULL, 14, 1),
(16, '2021-05-29 08:15:20.332501', 'Soft drinks', '', NULL, 14, 1),
(17, '2021-05-29 08:15:28.513969', 'Juice', '', NULL, 14, 1),
(18, '2021-05-29 08:17:13.480973', 'Teas', '', NULL, 14, 1),
(19, '2021-05-29 08:17:22.787505', 'Iced tea', '', NULL, 14, 1),
(20, '2021-05-29 08:17:31.478002', 'Smoothies', '', NULL, 14, 1),
(21, '2021-05-29 08:17:43.304679', 'Milk shake', '', NULL, 14, 1),
(22, '2021-05-29 08:20:36.668594', 'Alcohol', '', NULL, NULL, 1),
(23, '2021-05-29 08:20:50.659395', 'Beer', '', NULL, 22, 1),
(24, '2021-05-29 08:21:00.314947', 'Vodka', '', NULL, 22, 1),
(25, '2021-05-29 08:21:09.139452', 'Cognac', '', NULL, 22, 1),
(26, '2021-05-29 08:21:20.804119', 'Bourbon whiskey', '', NULL, 22, 1),
(27, '2021-05-29 08:21:37.995102', 'Single malt whiskey', '', NULL, 22, 1),
(28, '2021-05-29 08:22:01.968473', 'Tequila', '', NULL, 22, 1),
(29, '2021-05-29 08:22:18.618426', 'Gin', '', NULL, 22, 1),
(30, '2021-05-29 08:22:27.240919', 'Liquers', '', NULL, 22, 1),
(31, '2021-05-29 08:22:45.681974', 'Vermouth & Bitter', '', NULL, 22, 1),
(32, '2021-05-29 08:23:00.898844', 'Sparkling wine', '', NULL, 22, 1),
(33, '2021-05-29 08:23:16.050711', 'White wine', '', NULL, 22, 1),
(34, '2021-05-29 08:23:31.572598', 'Rose wine', '', NULL, 22, 1),
(35, '2021-05-29 08:23:40.549112', 'Red wine', '', NULL, 22, 1),
(36, '2021-05-29 09:51:17.610799', 'Scotch & Canadian whiskey', '', NULL, 22, 1),
(37, '2021-05-29 09:57:06.201737', 'Rum', '', NULL, 22, 1),
(38, '2021-07-06 07:56:32.990775', 'Cocktails', '', NULL, 22, 1),
(39, '2021-07-25 03:19:07.512141', 'Бусад', 'Бусад бараа', NULL, NULL, 1),
(41, '2021-07-29 05:34:05.831714', 'Coffee', '', NULL, 14, 1);

-- --------------------------------------------------------

--
-- Table structure for table `product_app_size_type`
--

CREATE TABLE `product_app_size_type` (
  `id` int(11) NOT NULL,
  `created_at` datetime(6) DEFAULT NULL,
  `name` varchar(30) COLLATE utf8_unicode_ci NOT NULL,
  `abbreviation` varchar(10) COLLATE utf8_unicode_ci NOT NULL,
  `description` longtext COLLATE utf8_unicode_ci NOT NULL,
  `created_by_id` int(11) DEFAULT NULL
) ENGINE=InnoDB DEFAULT CHARSET=utf8 COLLATE=utf8_unicode_ci;

--
-- Dumping data for table `product_app_size_type`
--

INSERT INTO `product_app_size_type` (`id`, `created_at`, `name`, `abbreviation`, `description`, `created_by_id`) VALUES
(1, '2021-06-26 02:53:57.803969', 'Ширхэг', 'ш', 'Ширхэгээр тоологдох бараа', 1),
(2, '2021-06-26 02:54:48.346402', 'Грамм', 'гр', 'Граммаар тоологдох бараа', 1);

-- --------------------------------------------------------

--
-- Table structure for table `product_app_store`
--

CREATE TABLE `product_app_store` (
  `id` int(11) NOT NULL,
  `created_at` datetime(6) DEFAULT NULL,
  `name` varchar(30) COLLATE utf8_unicode_ci NOT NULL,
  `store_info` longtext COLLATE utf8_unicode_ci DEFAULT NULL,
  `created_by_id` int(11) DEFAULT NULL
) ENGINE=InnoDB DEFAULT CHARSET=utf8 COLLATE=utf8_unicode_ci;

-- --------------------------------------------------------

--
-- Table structure for table `structure_app_client`
--

CREATE TABLE `structure_app_client` (
  `id` int(11) NOT NULL,
  `created_at` datetime(6) DEFAULT NULL,
  `number` int(11) NOT NULL,
  `description` longtext COLLATE utf8_unicode_ci NOT NULL,
  `free` tinyint(1) NOT NULL,
  `minibarFull` tinyint(1) NOT NULL,
  `created_by_id` int(11) DEFAULT NULL,
  `division_id` int(11) NOT NULL,
  `clean` tinyint(1) NOT NULL
) ENGINE=InnoDB DEFAULT CHARSET=utf8 COLLATE=utf8_unicode_ci;

--
-- Dumping data for table `structure_app_client`
--

INSERT INTO `structure_app_client` (`id`, `created_at`, `number`, `description`, `free`, `minibarFull`, `created_by_id`, `division_id`, `clean`) VALUES
(1, '2020-06-20 07:47:53.009802', 201, '201 өрөө', 0, 1, 1, 3, 1),
(2, '2020-06-20 07:47:53.018296', 202, '202 өрөө', 0, 1, 1, 3, 1),
(3, '2020-06-20 07:47:53.025814', 203, '203 өрөө', 0, 1, 1, 3, 1),
(4, '2020-06-20 07:47:53.033821', 204, '204 өрөө', 1, 1, 1, 3, 1),
(5, '2020-06-20 07:47:53.039483', 205, '205 өрөө', 0, 1, 1, 3, 1),
(6, '2020-06-20 07:47:53.046489', 207, '207 өрөө', 0, 1, 1, 3, 1),
(7, '2020-06-20 07:47:53.053496', 301, '301 өрөө', 0, 1, 1, 3, 1),
(8, '2020-06-20 07:47:53.060798', 302, '302 өрөө', 1, 1, 1, 3, 1),
(9, '2020-06-20 07:47:53.067331', 303, '303 өрөө', 0, 1, 1, 3, 1),
(10, '2020-06-20 07:47:53.082201', 304, '304 өрөө', 0, 1, 1, 3, 1),
(11, '2020-06-20 07:47:53.088212', 305, '305 өрөө', 0, 1, 1, 3, 1),
(12, '2020-06-20 07:47:53.094607', 306, '306 өрөө', 1, 1, 1, 3, 1),
(13, '2020-06-20 07:47:53.102613', 307, '307 өрөө', 1, 1, 1, 3, 1),
(15, '2020-06-20 07:47:53.116234', 3000, 'Зочид буудлын ресефшин', 1, 1, 1, 3, 1),
(16, '2020-06-20 07:47:53.122290', 5000, 'Лоунж агуулах', 1, 1, 1, 5, 1),
(17, '2020-06-20 07:47:53.128296', 3001, 'Зочид буудал агуулах', 1, 1, 1, 3, 1),
(18, '2020-06-20 07:47:53.135307', 3002, 'Угаалгын газар', 1, 1, 1, 3, 1),
(19, '2020-06-20 07:47:53.149090', 5001, 'Лоунж бармен хэсэг', 1, 1, 1, 5, 1),
(20, '2020-06-20 07:47:53.149090', 1, 'Ширээ 1', 1, 1, 1, 5, 1),
(21, '2020-06-20 07:47:53.149090', 2, 'Ширээ 2', 1, 1, 1, 5, 1),
(22, '2020-06-20 07:47:53.149090', 3, 'Ширээ 3', 1, 1, 1, 5, 1),
(23, '2020-06-20 07:47:53.149090', 4, 'Ширээ 4', 1, 1, 1, 5, 1),
(24, '2020-06-20 07:47:53.149090', 5, 'Ширээ 5', 1, 1, 1, 5, 1),
(25, '2020-06-20 07:47:53.149090', 6, 'Ширээ 6', 1, 1, 1, 5, 1),
(26, '2020-06-20 07:47:53.149090', 7, 'Ширээ 7', 1, 1, 1, 5, 1),
(27, '2020-06-20 07:47:53.149090', 8, 'Ширээ 8', 1, 1, 1, 5, 1),
(28, '2020-06-20 07:47:53.149090', 9, 'Ширээ 9', 1, 1, 1, 5, 1),
(29, '2020-06-20 07:47:53.149090', 0, 'ХҮРГЭЛТ', 1, 1, 1, 5, 1),
(30, '2020-06-20 07:47:53.149090', 1, 'Караоке өрөө №1', 1, 1, 1, 6, 1),
(31, '2020-06-20 07:47:53.149090', 2, 'Караоке өрөө №2', 1, 1, 1, 6, 1),
(32, '2020-06-20 07:47:53.149090', 3, 'Караоке өрөө №3', 1, 1, 1, 6, 1),
(33, '2020-06-20 07:47:53.149090', 4, 'Караоке өрөө №4', 1, 1, 1, 6, 1);

-- --------------------------------------------------------

--
-- Table structure for table `structure_app_configuration_value`
--

CREATE TABLE `structure_app_configuration_value` (
  `id` int(11) NOT NULL,
  `program_name` varchar(255) COLLATE utf8_unicode_ci DEFAULT NULL,
  `program_description` longtext COLLATE utf8_unicode_ci DEFAULT NULL,
  `program_favicon_url` varchar(255) COLLATE utf8_unicode_ci DEFAULT NULL,
  `program_logo_url` varchar(255) COLLATE utf8_unicode_ci DEFAULT NULL,
  `noat_tax` int(11) DEFAULT NULL,
  `capital_city_tax` int(11) DEFAULT NULL,
  `hotel_deadline_time_of_dayService` varchar(2) COLLATE utf8_unicode_ci DEFAULT NULL,
  `hotel_start_time_of_timeService` varchar(2) COLLATE utf8_unicode_ci DEFAULT NULL,
  `hotel_deadline_time_of_timeService` varchar(2) COLLATE utf8_unicode_ci DEFAULT NULL,
  `hotel_minimum_time_of_timeService` varchar(2) COLLATE utf8_unicode_ci DEFAULT NULL,
  `hotel_must_leave_time` varchar(2) COLLATE utf8_unicode_ci DEFAULT NULL,
  `kitchen_bill_number` int(11) NOT NULL
) ENGINE=InnoDB DEFAULT CHARSET=utf8 COLLATE=utf8_unicode_ci;

--
-- Dumping data for table `structure_app_configuration_value`
--

INSERT INTO `structure_app_configuration_value` (`id`, `program_name`, `program_description`, `program_favicon_url`, `program_logo_url`, `noat_tax`, `capital_city_tax`, `hotel_deadline_time_of_dayService`, `hotel_start_time_of_timeService`, `hotel_deadline_time_of_timeService`, `hotel_minimum_time_of_timeService`, `hotel_must_leave_time`, `kitchen_bill_number`) VALUES
(1, 'Tesoro Center PRO', 'Гүн Арвижих Эрдэнэс ХХК-ий Тэсоро төвийн үйл ажиллагаанд ашиглагдах үйлчилгээний болон санхүүгийн програм. Энэхүү програм нь тухайн компаний өмч бөгөөд хуулбарлан ашиглахыг хориглоно!', 'dist/default/favicon.ico', 'dist/default/logo.png', 10, 0, '0', '0', '0', '0', '0', 3);

-- --------------------------------------------------------

--
-- Table structure for table `structure_app_customer`
--

CREATE TABLE `structure_app_customer` (
  `id` int(11) NOT NULL,
  `created_at` datetime(6) DEFAULT NULL,
  `lastname` varchar(255) COLLATE utf8_unicode_ci DEFAULT NULL,
  `firstname` varchar(255) COLLATE utf8_unicode_ci NOT NULL,
  `register` varchar(255) COLLATE utf8_unicode_ci NOT NULL,
  `address` varchar(255) COLLATE utf8_unicode_ci DEFAULT NULL,
  `address2` varchar(255) COLLATE utf8_unicode_ci DEFAULT NULL,
  `workname` varchar(255) COLLATE utf8_unicode_ci DEFAULT NULL,
  `workaddress` varchar(255) COLLATE utf8_unicode_ci DEFAULT NULL,
  `mobile` int(11) DEFAULT NULL,
  `phone` int(11) DEFAULT NULL,
  `email` varchar(254) COLLATE utf8_unicode_ci DEFAULT NULL,
  `discount_rate` int(11) DEFAULT NULL,
  `information` longtext COLLATE utf8_unicode_ci DEFAULT NULL,
  `created_by_id` int(11) DEFAULT NULL,
  `user_id` int(11) DEFAULT NULL
) ENGINE=InnoDB DEFAULT CHARSET=utf8 COLLATE=utf8_unicode_ci;

--
-- Dumping data for table `structure_app_customer`
--

INSERT INTO `structure_app_customer` (`id`, `created_at`, `lastname`, `firstname`, `register`, `address`, `address2`, `workname`, `workaddress`, `mobile`, `phone`, `email`, `discount_rate`, `information`, `created_by_id`, `user_id`) VALUES
(9, '2021-06-30 09:14:44.559375', NULL, '', '', '', '', '', '', 99225096, 0, '0', 0, '', NULL, NULL);

-- --------------------------------------------------------

--
-- Table structure for table `structure_app_division`
--

CREATE TABLE `structure_app_division` (
  `id` int(11) NOT NULL,
  `created_at` datetime(6) DEFAULT NULL,
  `name` varchar(255) COLLATE utf8_unicode_ci NOT NULL,
  `description` longtext COLLATE utf8_unicode_ci NOT NULL,
  `created_by_id` int(11) DEFAULT NULL,
  `erembe` int(11) DEFAULT NULL
) ENGINE=InnoDB DEFAULT CHARSET=utf8 COLLATE=utf8_unicode_ci;

--
-- Dumping data for table `structure_app_division`
--

INSERT INTO `structure_app_division` (`id`, `created_at`, `name`, `description`, `created_by_id`, `erembe`) VALUES
(1, '2020-06-20 07:47:52.921963', 'Оффис', 'Оффис', 1, 6),
(2, '2020-06-20 07:47:52.954933', 'Гал тогоо', 'Гал тогоо', 1, 7),
(3, '2020-06-20 07:47:52.962027', 'Зочид буудал', 'Зочид буудал', 1, 3),
(4, '2020-06-20 07:47:52.968033', 'Ресторан', 'Ресторан', 1, 2),
(5, '2020-06-20 07:47:52.973181', 'Лоунж', 'Лоунж', 1, 1),
(6, '2020-06-20 07:47:52.978783', 'Караоке', 'Караоке', 1, 4),
(7, '2020-06-20 07:47:52.986780', 'Саун', 'Саун', 1, 5),
(8, '2020-06-20 07:47:52.991785', 'Агуулах', 'Агуулах', 1, 8);

-- --------------------------------------------------------

--
-- Table structure for table `structure_app_shift_work`
--

CREATE TABLE `structure_app_shift_work` (
  `id` int(11) NOT NULL,
  `created_at` datetime(6) DEFAULT NULL,
  `worker_confirm` tinyint(1) NOT NULL,
  `controller_confirm` tinyint(1) NOT NULL,
  `finished` tinyint(1) NOT NULL,
  `controller_id` int(11) DEFAULT NULL,
  `created_by_id` int(11) DEFAULT NULL,
  `division_id` int(11) NOT NULL,
  `worker_id` int(11) DEFAULT NULL
) ENGINE=InnoDB DEFAULT CHARSET=utf8 COLLATE=utf8_unicode_ci;

--
-- Dumping data for table `structure_app_shift_work`
--

INSERT INTO `structure_app_shift_work` (`id`, `created_at`, `worker_confirm`, `controller_confirm`, `finished`, `controller_id`, `created_by_id`, `division_id`, `worker_id`) VALUES
(28, '2021-07-04 01:32:31.923993', 1, 0, 1, NULL, 1, 5, 1),
(29, '2021-07-04 01:34:49.571039', 1, 0, 1, NULL, 1, 5, 1),
(30, '2021-07-24 14:30:53.923322', 1, 0, 1, NULL, 1, 5, 1),
(31, '2021-07-26 07:35:22.500345', 1, 0, 1, NULL, 1, 5, 1),
(32, '2021-07-26 07:36:01.117553', 1, 0, 1, NULL, 1, 5, 1),
(33, '2021-07-27 05:13:54.792964', 1, 0, 1, NULL, 2, 5, 2),
(34, '2021-07-28 03:33:30.318493', 1, 0, 1, NULL, 2, 5, 2),
(35, '2021-07-29 05:21:20.740667', 1, 0, 1, NULL, 2, 5, 2),
(36, '2021-07-30 03:56:42.242898', 1, 0, 1, NULL, 2, 5, 2),
(37, '2021-08-07 07:15:22.798777', 1, 0, 1, NULL, 2, 5, 2),
(38, '2021-08-08 06:47:53.305513', 1, 0, 1, NULL, 2, 5, 2),
(39, '2021-08-09 03:46:53.189532', 1, 0, 1, NULL, 2, 5, 2),
(40, '2021-08-09 14:26:27.809419', 1, 0, 1, NULL, 2, 5, 2),
(41, '2021-08-10 05:48:39.938149', 1, 0, 1, NULL, 2, 5, 2),
(42, '2021-08-11 01:55:29.000881', 1, 0, 1, NULL, 2, 5, 2),
(43, '2021-08-12 12:02:09.135703', 1, 0, 1, NULL, 2, 5, 2),
(44, '2021-09-01 02:38:19.817499', 1, 0, 0, NULL, 2, 5, 2);

-- --------------------------------------------------------

--
-- Table structure for table `structure_app_user_profile`
--

CREATE TABLE `structure_app_user_profile` (
  `id` int(11) NOT NULL,
  `created_at` datetime(6) DEFAULT NULL,
  `updated_at` datetime(6) DEFAULT NULL,
  `lastname` varchar(255) COLLATE utf8_unicode_ci NOT NULL,
  `firstname` varchar(255) COLLATE utf8_unicode_ci NOT NULL,
  `register` varchar(255) COLLATE utf8_unicode_ci NOT NULL,
  `address` varchar(255) COLLATE utf8_unicode_ci NOT NULL,
  `address2` varchar(255) COLLATE utf8_unicode_ci DEFAULT NULL,
  `mobile` int(11) NOT NULL,
  `phone` int(11) DEFAULT NULL,
  `email` varchar(254) COLLATE utf8_unicode_ci DEFAULT NULL,
  `information` longtext COLLATE utf8_unicode_ci DEFAULT NULL,
  `who_are` varchar(10) COLLATE utf8_unicode_ci DEFAULT NULL,
  `near_people_name` varchar(30) COLLATE utf8_unicode_ci DEFAULT NULL,
  `near_people_mobile` int(11) DEFAULT NULL,
  `near_people_address` varchar(255) COLLATE utf8_unicode_ci DEFAULT NULL,
  `school1` varchar(100) COLLATE utf8_unicode_ci NOT NULL,
  `school2` varchar(100) COLLATE utf8_unicode_ci NOT NULL,
  `school3` varchar(100) COLLATE utf8_unicode_ci NOT NULL,
  `citizen_identity_card_copy` tinyint(1) NOT NULL,
  `white_card_of_hospital` tinyint(1) NOT NULL,
  `number_of_white_card` varchar(30) COLLATE utf8_unicode_ci DEFAULT NULL,
  `social_security_book` tinyint(1) NOT NULL,
  `number_of_social_security_book` varchar(30) COLLATE utf8_unicode_ci DEFAULT NULL,
  `health_book` tinyint(1) NOT NULL,
  `number_of_health_book` varchar(30) COLLATE utf8_unicode_ci DEFAULT NULL,
  `first_contract` tinyint(1) NOT NULL,
  `number_of_first_contract` varchar(30) COLLATE utf8_unicode_ci DEFAULT NULL,
  `second_contract` tinyint(1) NOT NULL,
  `number_of_second_contract` varchar(30) COLLATE utf8_unicode_ci DEFAULT NULL,
  `first_salary` bigint(20) DEFAULT NULL,
  `second_salary` bigint(20) DEFAULT NULL,
  `bank_name` varchar(30) COLLATE utf8_unicode_ci DEFAULT NULL,
  `account_of_bank` bigint(20) DEFAULT NULL,
  `avatar` varchar(100) COLLATE utf8_unicode_ci DEFAULT NULL,
  `created_by_id` int(11) DEFAULT NULL,
  `updated_by_id` int(11) DEFAULT NULL,
  `user_id` int(11) NOT NULL
) ENGINE=InnoDB DEFAULT CHARSET=utf8 COLLATE=utf8_unicode_ci;

--
-- Indexes for dumped tables
--

--
-- Indexes for table `authtoken_token`
--
ALTER TABLE `authtoken_token`
  ADD PRIMARY KEY (`key`),
  ADD UNIQUE KEY `user_id` (`user_id`);

--
-- Indexes for table `auth_group`
--
ALTER TABLE `auth_group`
  ADD PRIMARY KEY (`id`),
  ADD UNIQUE KEY `name` (`name`);

--
-- Indexes for table `auth_group_permissions`
--
ALTER TABLE `auth_group_permissions`
  ADD PRIMARY KEY (`id`),
  ADD UNIQUE KEY `auth_group_permissions_group_id_permission_id_0cd325b0_uniq` (`group_id`,`permission_id`),
  ADD KEY `auth_group_permissio_permission_id_84c5c92e_fk_auth_perm` (`permission_id`);

--
-- Indexes for table `auth_permission`
--
ALTER TABLE `auth_permission`
  ADD PRIMARY KEY (`id`),
  ADD UNIQUE KEY `auth_permission_content_type_id_codename_01ab375a_uniq` (`content_type_id`,`codename`);

--
-- Indexes for table `auth_user`
--
ALTER TABLE `auth_user`
  ADD PRIMARY KEY (`id`),
  ADD UNIQUE KEY `username` (`username`);

--
-- Indexes for table `auth_user_divisions`
--
ALTER TABLE `auth_user_divisions`
  ADD PRIMARY KEY (`id`),
  ADD UNIQUE KEY `auth_user_divisions_division_id_user_id_81068b77_uniq` (`division_id`,`user_id`),
  ADD KEY `auth_user_divisions_user_id_3147b0b1_fk_auth_user_id` (`user_id`);

--
-- Indexes for table `auth_user_groups`
--
ALTER TABLE `auth_user_groups`
  ADD PRIMARY KEY (`id`),
  ADD UNIQUE KEY `auth_user_groups_user_id_group_id_94350c0c_uniq` (`user_id`,`group_id`),
  ADD KEY `auth_user_groups_group_id_97559544_fk_auth_group_id` (`group_id`);

--
-- Indexes for table `auth_user_user_permissions`
--
ALTER TABLE `auth_user_user_permissions`
  ADD PRIMARY KEY (`id`),
  ADD UNIQUE KEY `auth_user_user_permissions_user_id_permission_id_14a6b632_uniq` (`user_id`,`permission_id`),
  ADD KEY `auth_user_user_permi_permission_id_1fbb5f2c_fk_auth_perm` (`permission_id`);

--
-- Indexes for table `django_admin_log`
--
ALTER TABLE `django_admin_log`
  ADD PRIMARY KEY (`id`),
  ADD KEY `django_admin_log_content_type_id_c4bce8eb_fk_django_co` (`content_type_id`),
  ADD KEY `django_admin_log_user_id_c564eba6_fk_auth_user_id` (`user_id`);

--
-- Indexes for table `django_content_type`
--
ALTER TABLE `django_content_type`
  ADD PRIMARY KEY (`id`),
  ADD UNIQUE KEY `django_content_type_app_label_model_76bd3d3b_uniq` (`app_label`,`model`);

--
-- Indexes for table `django_migrations`
--
ALTER TABLE `django_migrations`
  ADD PRIMARY KEY (`id`);

--
-- Indexes for table `django_session`
--
ALTER TABLE `django_session`
  ADD PRIMARY KEY (`session_key`),
  ADD KEY `django_session_expire_date_a5c62663` (`expire_date`);

--
-- Indexes for table `financial_app_budget`
--
ALTER TABLE `financial_app_budget`
  ADD PRIMARY KEY (`id`),
  ADD KEY `financial_app_budget_budget_type_id_52e9422f_fk_financial` (`budget_type_id`),
  ADD KEY `financial_app_budget_coordinator_id_4035d2a0_fk_auth_user_id` (`coordinator_id`),
  ADD KEY `financial_app_budget_created_by_id_c407d741_fk_auth_user_id` (`created_by_id`),
  ADD KEY `financial_app_budget_updated_by_id_83e71bca_fk_auth_user_id` (`updated_by_id`);

--
-- Indexes for table `financial_app_budget_type`
--
ALTER TABLE `financial_app_budget_type`
  ADD PRIMARY KEY (`id`),
  ADD KEY `financial_app_budget_type_created_by_id_4489ffd8_fk_auth_user_id` (`created_by_id`);

--
-- Indexes for table `financial_app_currency`
--
ALTER TABLE `financial_app_currency`
  ADD PRIMARY KEY (`id`),
  ADD KEY `financial_app_currency_created_by_id_7d85ca1c_fk_auth_user_id` (`created_by_id`);

--
-- Indexes for table `financial_app_investment`
--
ALTER TABLE `financial_app_investment`
  ADD PRIMARY KEY (`id`),
  ADD KEY `financial_app_investment_created_by_id_2b2535c8_fk_auth_user_id` (`created_by_id`);

--
-- Indexes for table `financial_app_loan`
--
ALTER TABLE `financial_app_loan`
  ADD PRIMARY KEY (`id`),
  ADD KEY `financial_app_loan_created_by_id_dd9b720c_fk_auth_user_id` (`created_by_id`);

--
-- Indexes for table `financial_app_money_transfer`
--
ALTER TABLE `financial_app_money_transfer`
  ADD PRIMARY KEY (`id`),
  ADD KEY `financial_app_money__bill_id_f7a288ba_fk_payment_a` (`bill_id`),
  ADD KEY `financial_app_money__created_by_id_bf210879_fk_auth_user` (`created_by_id`),
  ADD KEY `financial_app_money__currency_id_a64e54c9_fk_financial` (`currency_id`),
  ADD KEY `financial_app_money__customer_id_ee9bc234_fk_structure` (`customer_id`),
  ADD KEY `financial_app_money__division_id_3e339b4d_fk_structure` (`division_id`),
  ADD KEY `financial_app_money__fr_budget_id_f38d3c6f_fk_financial` (`fr_budget_id`),
  ADD KEY `financial_app_money__fr_investment_id_12cb331a_fk_financial` (`fr_investment_id`),
  ADD KEY `financial_app_money__fr_loan_id_1cab29c2_fk_financial` (`fr_loan_id`),
  ADD KEY `financial_app_money_transfer_fr_user_id_8e2da13f_fk_auth_user_id` (`fr_user_id`),
  ADD KEY `financial_app_money__fr_wallet_id_8a0ec13a_fk_financial` (`fr_wallet_id`),
  ADD KEY `financial_app_money__money_transfer_type__6a8f8643_fk_financial` (`money_transfer_type_id`),
  ADD KEY `financial_app_money__payment_id_ca3b1657_fk_payment_a` (`payment_id`),
  ADD KEY `financial_app_money__to_budget_id_6f1bd553_fk_financial` (`to_budget_id`),
  ADD KEY `financial_app_money__to_investment_id_5ae94ff8_fk_financial` (`to_investment_id`),
  ADD KEY `financial_app_money__to_loan_id_2a6a069a_fk_financial` (`to_loan_id`),
  ADD KEY `financial_app_money_transfer_to_user_id_140df557_fk_auth_user_id` (`to_user_id`),
  ADD KEY `financial_app_money__to_wallet_id_86a617b8_fk_financial` (`to_wallet_id`),
  ADD KEY `financial_app_money__updated_by_id_6dc4ccfd_fk_auth_user` (`updated_by_id`),
  ADD KEY `financial_app_money__shift_work_id_51bf611f_fk_structure` (`shift_work_id`);

--
-- Indexes for table `financial_app_money_transfer_type`
--
ALTER TABLE `financial_app_money_transfer_type`
  ADD PRIMARY KEY (`id`),
  ADD KEY `financial_app_money__created_by_id_98f56baf_fk_auth_user` (`created_by_id`);

--
-- Indexes for table `financial_app_wallet`
--
ALTER TABLE `financial_app_wallet`
  ADD PRIMARY KEY (`id`),
  ADD KEY `financial_app_wallet_created_by_id_65ea1d17_fk_auth_user_id` (`created_by_id`),
  ADD KEY `financial_app_wallet_division_id_503084c8_fk_structure` (`division_id`),
  ADD KEY `financial_app_wallet_owner_id_5c684ad9_fk_auth_user_id` (`owner_id`),
  ADD KEY `financial_app_wallet_parent_id_13c91249_fk_financial` (`parent_id`);

--
-- Indexes for table `hotel_hotel_client_item`
--
ALTER TABLE `hotel_hotel_client_item`
  ADD PRIMARY KEY (`id`),
  ADD KEY `hotel_hotel_client_i_client_id_a1d0f045_fk_structure` (`client_id`),
  ADD KEY `hotel_hotel_client_i_product_id_116d2103_fk_product_a` (`product_id`);

--
-- Indexes for table `hotel_hotel_client_item_eelj`
--
ALTER TABLE `hotel_hotel_client_item_eelj`
  ADD PRIMARY KEY (`id`),
  ADD KEY `hotel_hotel_client_i_client_id_ddce5c0d_fk_structure` (`client_id`),
  ADD KEY `hotel_hotel_client_i_product_id_48626285_fk_product_a` (`product_id`);

--
-- Indexes for table `hotel_hotel_client_log`
--
ALTER TABLE `hotel_hotel_client_log`
  ADD PRIMARY KEY (`id`),
  ADD KEY `hotel_hotel_client_l_client_id_796e134c_fk_structure` (`client_id`);

--
-- Indexes for table `notification_notification`
--
ALTER TABLE `notification_notification`
  ADD PRIMARY KEY (`id`),
  ADD KEY `notification_notification_user_id_e9d6f5f4_fk_auth_user_id` (`user_id`);

--
-- Indexes for table `payment_app_bill`
--
ALTER TABLE `payment_app_bill`
  ADD PRIMARY KEY (`id`),
  ADD KEY `payment_app_bill_client_id_324f3af6_fk_structure_app_client_id` (`client_id`),
  ADD KEY `payment_app_bill_created_by_id_05666608_fk_auth_user_id` (`created_by_id`),
  ADD KEY `payment_app_bill_customer_id_b03aa484_fk_structure` (`customer_id`),
  ADD KEY `payment_app_bill_division_id_b6058138_fk_structure` (`division_id`),
  ADD KEY `payment_app_bill_updated_by_id_8886f78b_fk_auth_user_id` (`updated_by_id`);

--
-- Indexes for table `payment_app_order`
--
ALTER TABLE `payment_app_order`
  ADD PRIMARY KEY (`id`),
  ADD KEY `payment_app_order_client_id_4aef7351_fk_structure_app_client_id` (`client_id`),
  ADD KEY `payment_app_order_created_by_id_3084aabf_fk_auth_user_id` (`created_by_id`),
  ADD KEY `payment_app_order_customer_id_faf82302_fk_structure` (`customer_id`),
  ADD KEY `payment_app_order_division_id_c69aeecd_fk_structure` (`division_id`),
  ADD KEY `payment_app_order_shift_work_id_5d977164_fk_structure` (`shift_work_id`),
  ADD KEY `payment_app_order_updated_by_id_09096fb7_fk_auth_user_id` (`updated_by_id`),
  ADD KEY `payment_app_order_worker_id_d7f77905_fk_auth_user_id` (`worker_id`),
  ADD KEY `payment_app_order_discount_by_id_0448804e_fk_auth_user_id` (`discount_by_id`);

--
-- Indexes for table `payment_app_order_detial`
--
ALTER TABLE `payment_app_order_detial`
  ADD PRIMARY KEY (`id`),
  ADD KEY `payment_app_order_de_client_id_80f0166d_fk_structure` (`client_id`),
  ADD KEY `payment_app_order_detial_created_by_id_f9327120_fk_auth_user_id` (`created_by_id`),
  ADD KEY `payment_app_order_de_fr_client_id_d1ae850c_fk_structure` (`fr_client_id`),
  ADD KEY `payment_app_order_de_order_id_222c00a6_fk_payment_a` (`order_id`),
  ADD KEY `payment_app_order_de_product_id_e525e18a_fk_product_a` (`product_id`),
  ADD KEY `payment_app_order_de_shift_work_id_1bc5774f_fk_structure` (`shift_work_id`),
  ADD KEY `payment_app_order_detial_updated_by_id_19873e2a_fk_auth_user_id` (`updated_by_id`);

--
-- Indexes for table `payment_app_order_payments`
--
ALTER TABLE `payment_app_order_payments`
  ADD PRIMARY KEY (`id`),
  ADD KEY `payment_app_order_pa_created_by_id_51392a18_fk_auth_user` (`created_by_id`),
  ADD KEY `payment_app_order_pa_order_id_32a61e1c_fk_payment_a` (`order_id`),
  ADD KEY `payment_app_order_pa_payment_id_6c07d4a6_fk_payment_a` (`payment_id`),
  ADD KEY `payment_app_order_pa_updated_by_id_bdc821a3_fk_auth_user` (`updated_by_id`);

--
-- Indexes for table `payment_app_payment`
--
ALTER TABLE `payment_app_payment`
  ADD PRIMARY KEY (`id`),
  ADD KEY `payment_app_payment_confirmed_by_id_be1c3f1b_fk_auth_user_id` (`confirmed_by_id`),
  ADD KEY `payment_app_payment_created_by_id_0d702b01_fk_auth_user_id` (`created_by_id`),
  ADD KEY `payment_app_payment_shift_work_id_8be6adf8_fk_structure` (`shift_work_id`),
  ADD KEY `payment_app_payment_updated_by_id_3c71592e_fk_auth_user_id` (`updated_by_id`),
  ADD KEY `payment_app_payment_wallet_id_28a46139_fk_financial` (`wallet_id`),
  ADD KEY `payment_app_payment_division_id_613184a6_fk_structure` (`division_id`);

--
-- Indexes for table `payment_app_payment_bills`
--
ALTER TABLE `payment_app_payment_bills`
  ADD PRIMARY KEY (`id`),
  ADD KEY `payment_app_payment__bill_id_c13cac7a_fk_payment_a` (`bill_id`),
  ADD KEY `payment_app_payment_bills_created_by_id_dad54cd9_fk_auth_user_id` (`created_by_id`),
  ADD KEY `payment_app_payment__payment_id_ab731877_fk_payment_a` (`payment_id`),
  ADD KEY `payment_app_payment_bills_updated_by_id_bd174614_fk_auth_user_id` (`updated_by_id`);

--
-- Indexes for table `payment_app_pos_account_consolidation`
--
ALTER TABLE `payment_app_pos_account_consolidation`
  ADD PRIMARY KEY (`id`),
  ADD KEY `payment_app_pos_acco_account_id_38596ffe_fk_financial` (`account_id`),
  ADD KEY `payment_app_pos_acco_confirmed_by_id_cb29c4db_fk_auth_user` (`confirmed_by_id`),
  ADD KEY `payment_app_pos_acco_created_by_id_5a2d4e7e_fk_auth_user` (`created_by_id`),
  ADD KEY `payment_app_pos_acco_division_id_1ab6db9a_fk_structure` (`division_id`),
  ADD KEY `payment_app_pos_acco_person_of_charge_id_d1a46c2e_fk_auth_user` (`person_of_charge_id`),
  ADD KEY `payment_app_pos_acco_shift_work_id_5ccbd424_fk_structure` (`shift_work_id`),
  ADD KEY `payment_app_pos_acco_updated_by_id_5497a646_fk_auth_user` (`updated_by_id`);

--
-- Indexes for table `product_app_basic_asset`
--
ALTER TABLE `product_app_basic_asset`
  ADD PRIMARY KEY (`id`),
  ADD KEY `product_app_basic_asset_created_by_id_4a946f2b_fk_auth_user_id` (`created_by_id`),
  ADD KEY `product_app_basic_as_division_id_7e98028c_fk_structure` (`division_id`),
  ADD KEY `product_app_basic_asset_updated_by_id_53139eb5_fk_auth_user_id` (`updated_by_id`);

--
-- Indexes for table `product_app_basic_asset_count`
--
ALTER TABLE `product_app_basic_asset_count`
  ADD PRIMARY KEY (`id`),
  ADD KEY `product_app_basic_as_basic_asset_id_5d7668dc_fk_product_a` (`basic_asset_id`),
  ADD KEY `product_app_basic_as_controlled_by_id_d96a61ec_fk_auth_user` (`controlled_by_id`),
  ADD KEY `product_app_basic_as_counted_by_id_388fe56b_fk_auth_user` (`counted_by_id`),
  ADD KEY `product_app_basic_as_created_by_id_fd9fcee4_fk_auth_user` (`created_by_id`),
  ADD KEY `product_app_basic_as_updated_by_id_ecca7d87_fk_auth_user` (`updated_by_id`);

--
-- Indexes for table `product_app_broken_item`
--
ALTER TABLE `product_app_broken_item`
  ADD PRIMARY KEY (`id`),
  ADD KEY `product_app_broken_i_basic_asset_id_cf88020c_fk_product_a` (`basic_asset_id`),
  ADD KEY `product_app_broken_i_commodity_id_01764d4d_fk_product_a` (`commodity_id`),
  ADD KEY `product_app_broken_item_created_by_id_6f3ea284_fk_auth_user_id` (`created_by_id`),
  ADD KEY `product_app_broken_i_money_transfer_id_cc49be86_fk_financial` (`money_transfer_id`),
  ADD KEY `product_app_broken_i_product_id_3d9a9dd7_fk_product_a` (`product_id`),
  ADD KEY `product_app_broken_i_size_type_id_9cdabc9d_fk_product_a` (`size_type_id`),
  ADD KEY `product_app_broken_item_updated_by_id_1396bab5_fk_auth_user_id` (`updated_by_id`);

--
-- Indexes for table `product_app_commodity`
--
ALTER TABLE `product_app_commodity`
  ADD PRIMARY KEY (`id`),
  ADD KEY `product_app_commodity_created_by_id_de0d2145_fk_auth_user_id` (`created_by_id`),
  ADD KEY `product_app_commodit_size_type_id_cbd392a1_fk_product_a` (`size_type_id`);

--
-- Indexes for table `product_app_commodity_categories`
--
ALTER TABLE `product_app_commodity_categories`
  ADD PRIMARY KEY (`id`),
  ADD UNIQUE KEY `product_app_commodity_ca_commodity_id_commodity_c_f39fd883_uniq` (`commodity_id`,`commodity_category_id`),
  ADD KEY `product_app_commodit_commodity_category_i_1b6bab67_fk_product_a` (`commodity_category_id`);

--
-- Indexes for table `product_app_commodity_category`
--
ALTER TABLE `product_app_commodity_category`
  ADD PRIMARY KEY (`id`),
  ADD KEY `product_app_commodit_created_by_id_b5cc62b6_fk_auth_user` (`created_by_id`),
  ADD KEY `product_app_commodit_parent_id_df5c4e79_fk_product_a` (`parent_id`);

--
-- Indexes for table `product_app_division_commodity_categories`
--
ALTER TABLE `product_app_division_commodity_categories`
  ADD PRIMARY KEY (`id`),
  ADD UNIQUE KEY `product_app_division_com_commodity_category_id_di_558e076e_uniq` (`commodity_category_id`,`division_id`),
  ADD KEY `product_app_division_division_id_98f9d28a_fk_structure` (`division_id`);

--
-- Indexes for table `product_app_ingredient`
--
ALTER TABLE `product_app_ingredient`
  ADD PRIMARY KEY (`id`),
  ADD KEY `product_app_ingredie_product_id_805751b3_fk_product_a` (`product_id`),
  ADD KEY `product_app_ingredie_size_type_id_e3982889_fk_product_a` (`size_type_id`),
  ADD KEY `product_app_ingredient_created_by_id_f34eb4d1_fk_auth_user_id` (`created_by_id`),
  ADD KEY `product_app_ingredient_commodity_id_59a7adca` (`commodity_id`);

--
-- Indexes for table `product_app_ingredient_product`
--
ALTER TABLE `product_app_ingredient_product`
  ADD PRIMARY KEY (`id`),
  ADD KEY `product_app_ingredie_commodity_id_be170202_fk_product_a` (`commodity_id`),
  ADD KEY `product_app_ingredie_created_by_id_989046ea_fk_auth_user` (`created_by_id`),
  ADD KEY `product_app_ingredie_product_id_b48e1bca_fk_product_a` (`product_id`);

--
-- Indexes for table `product_app_item_balance`
--
ALTER TABLE `product_app_item_balance`
  ADD PRIMARY KEY (`id`),
  ADD KEY `product_app_item_bal_client_id_719d7b38_fk_structure` (`client_id`),
  ADD KEY `product_app_item_bal_commodity_id_8fd3b22a_fk_product_a` (`commodity_id`),
  ADD KEY `product_app_item_balance_created_by_id_6047e5ca_fk_auth_user_id` (`created_by_id`),
  ADD KEY `product_app_item_bal_division_id_65876111_fk_structure` (`division_id`),
  ADD KEY `product_app_item_bal_product_id_ed1397c8_fk_product_a` (`product_id`),
  ADD KEY `product_app_item_balance_updated_by_id_8b911981_fk_auth_user_id` (`updated_by_id`),
  ADD KEY `product_app_item_balance_user_id_df111a6e_fk_auth_user_id` (`user_id`);

--
-- Indexes for table `product_app_item_balance_log`
--
ALTER TABLE `product_app_item_balance_log`
  ADD PRIMARY KEY (`id`),
  ADD KEY `product_app_item_bal_client_id_22be3941_fk_structure` (`client_id`),
  ADD KEY `product_app_item_bal_commodity_id_0bafa465_fk_product_a` (`commodity_id`),
  ADD KEY `product_app_item_bal_created_by_id_49a8b528_fk_auth_user` (`created_by_id`),
  ADD KEY `product_app_item_bal_division_id_e806fbfd_fk_structure` (`division_id`),
  ADD KEY `product_app_item_bal_product_id_ea7a46a9_fk_product_a` (`product_id`),
  ADD KEY `product_app_item_bal_shift_work_id_3ac41645_fk_structure` (`shift_work_id`),
  ADD KEY `product_app_item_bal_updated_by_id_05e147b0_fk_auth_user` (`updated_by_id`),
  ADD KEY `product_app_item_balance_log_user_id_b095ae0a_fk_auth_user_id` (`user_id`);

--
-- Indexes for table `product_app_item_transfer`
--
ALTER TABLE `product_app_item_transfer`
  ADD PRIMARY KEY (`id`),
  ADD KEY `product_app_item_tra_budget_id_ddf5e163_fk_financial` (`budget_id`),
  ADD KEY `product_app_item_tra_commodity_id_2ed02fa5_fk_product_a` (`commodity_id`),
  ADD KEY `product_app_item_tra_confirmed_by_id_bd6cbb93_fk_auth_user` (`confirmed_by_id`),
  ADD KEY `product_app_item_transfer_created_by_id_33594e28_fk_auth_user_id` (`created_by_id`),
  ADD KEY `product_app_item_tra_fr_client_id_2bdabba4_fk_structure` (`fr_client_id`),
  ADD KEY `product_app_item_tra_fr_division_id_bfb5b4ce_fk_structure` (`fr_division_id`),
  ADD KEY `product_app_item_transfer_fr_user_id_ceac7767_fk_auth_user_id` (`fr_user_id`),
  ADD KEY `product_app_item_tra_item_transfer_type_i_d36f5b24_fk_product_a` (`item_transfer_type_id`),
  ADD KEY `product_app_item_tra_order_detial_id_18c41d9b_fk_payment_a` (`order_detial_id`),
  ADD KEY `product_app_item_tra_product_id_4fce5964_fk_product_a` (`product_id`),
  ADD KEY `product_app_item_tra_store_id_0f6f2999_fk_product_a` (`store_id`),
  ADD KEY `product_app_item_tra_to_client_id_45d339e6_fk_structure` (`to_client_id`),
  ADD KEY `product_app_item_tra_to_division_id_b23aa58e_fk_structure` (`to_division_id`),
  ADD KEY `product_app_item_tra_to_product_id_5df4492a_fk_product_a` (`to_product_id`),
  ADD KEY `product_app_item_transfer_to_user_id_fe45c7e7_fk_auth_user_id` (`to_user_id`),
  ADD KEY `product_app_item_transfer_updated_by_id_b81eb934_fk_auth_user_id` (`updated_by_id`);

--
-- Indexes for table `product_app_item_transfer_type`
--
ALTER TABLE `product_app_item_transfer_type`
  ADD PRIMARY KEY (`id`),
  ADD KEY `product_app_item_tra_created_by_id_26676363_fk_auth_user` (`created_by_id`);

--
-- Indexes for table `product_app_product`
--
ALTER TABLE `product_app_product`
  ADD PRIMARY KEY (`id`),
  ADD KEY `product_app_product_client_id_d752b4c3_fk_structure` (`client_id`),
  ADD KEY `product_app_product_created_by_id_d7b45000_fk_auth_user_id` (`created_by_id`),
  ADD KEY `product_app_product_division_id_b57c1dfd_fk_structure` (`division_id`);

--
-- Indexes for table `product_app_product_categories`
--
ALTER TABLE `product_app_product_categories`
  ADD PRIMARY KEY (`id`),
  ADD UNIQUE KEY `product_app_product_cate_product_id_product_categ_41def102_uniq` (`product_id`,`product_category_id`),
  ADD KEY `product_app_product__product_category_id_f89c95ef_fk_product_a` (`product_category_id`);

--
-- Indexes for table `product_app_product_category`
--
ALTER TABLE `product_app_product_category`
  ADD PRIMARY KEY (`id`),
  ADD KEY `product_app_product__created_by_id_b674c56a_fk_auth_user` (`created_by_id`),
  ADD KEY `product_app_product__parent_id_ce8111a0_fk_product_a` (`parent_id`);

--
-- Indexes for table `product_app_size_type`
--
ALTER TABLE `product_app_size_type`
  ADD PRIMARY KEY (`id`),
  ADD KEY `product_app_size_type_created_by_id_ab32afb8_fk_auth_user_id` (`created_by_id`);

--
-- Indexes for table `product_app_store`
--
ALTER TABLE `product_app_store`
  ADD PRIMARY KEY (`id`),
  ADD KEY `product_app_store_created_by_id_4d6f8afd_fk_auth_user_id` (`created_by_id`);

--
-- Indexes for table `structure_app_client`
--
ALTER TABLE `structure_app_client`
  ADD PRIMARY KEY (`id`),
  ADD UNIQUE KEY `structure_app_client_division_id_number_d6a8cac4_uniq` (`division_id`,`number`),
  ADD KEY `structure_app_client_created_by_id_ebe69d61_fk_auth_user_id` (`created_by_id`);

--
-- Indexes for table `structure_app_configuration_value`
--
ALTER TABLE `structure_app_configuration_value`
  ADD PRIMARY KEY (`id`);

--
-- Indexes for table `structure_app_customer`
--
ALTER TABLE `structure_app_customer`
  ADD PRIMARY KEY (`id`),
  ADD UNIQUE KEY `register` (`register`),
  ADD UNIQUE KEY `user_id` (`user_id`),
  ADD KEY `structure_app_customer_created_by_id_1f8e4c95_fk_auth_user_id` (`created_by_id`);

--
-- Indexes for table `structure_app_division`
--
ALTER TABLE `structure_app_division`
  ADD PRIMARY KEY (`id`),
  ADD KEY `structure_app_division_created_by_id_71e53f32_fk_auth_user_id` (`created_by_id`);

--
-- Indexes for table `structure_app_shift_work`
--
ALTER TABLE `structure_app_shift_work`
  ADD PRIMARY KEY (`id`),
  ADD KEY `structure_app_shift_work_created_by_id_bcaab5ec_fk_auth_user_id` (`created_by_id`),
  ADD KEY `structure_app_shift__division_id_0c35644b_fk_structure` (`division_id`),
  ADD KEY `structure_app_shift_work_worker_id_3b016131_fk_auth_user_id` (`worker_id`),
  ADD KEY `structure_app_shift_work_controller_id_7f6f0958_fk_auth_user_id` (`controller_id`);

--
-- Indexes for table `structure_app_user_profile`
--
ALTER TABLE `structure_app_user_profile`
  ADD PRIMARY KEY (`id`),
  ADD UNIQUE KEY `user_id` (`user_id`),
  ADD UNIQUE KEY `structure_app_user_profile_register_mobile_d97e105b_uniq` (`register`,`mobile`),
  ADD KEY `structure_app_user_p_created_by_id_38365d24_fk_auth_user` (`created_by_id`),
  ADD KEY `structure_app_user_p_updated_by_id_d2a2bfa8_fk_auth_user` (`updated_by_id`);

--
-- AUTO_INCREMENT for dumped tables
--

--
-- AUTO_INCREMENT for table `auth_group`
--
ALTER TABLE `auth_group`
  MODIFY `id` int(11) NOT NULL AUTO_INCREMENT, AUTO_INCREMENT=21;

--
-- AUTO_INCREMENT for table `auth_group_permissions`
--
ALTER TABLE `auth_group_permissions`
  MODIFY `id` int(11) NOT NULL AUTO_INCREMENT;

--
-- AUTO_INCREMENT for table `auth_permission`
--
ALTER TABLE `auth_permission`
  MODIFY `id` int(11) NOT NULL AUTO_INCREMENT, AUTO_INCREMENT=193;

--
-- AUTO_INCREMENT for table `auth_user`
--
ALTER TABLE `auth_user`
  MODIFY `id` int(11) NOT NULL AUTO_INCREMENT, AUTO_INCREMENT=16;

--
-- AUTO_INCREMENT for table `auth_user_divisions`
--
ALTER TABLE `auth_user_divisions`
  MODIFY `id` int(11) NOT NULL AUTO_INCREMENT, AUTO_INCREMENT=5;

--
-- AUTO_INCREMENT for table `auth_user_groups`
--
ALTER TABLE `auth_user_groups`
  MODIFY `id` int(11) NOT NULL AUTO_INCREMENT, AUTO_INCREMENT=24;

--
-- AUTO_INCREMENT for table `auth_user_user_permissions`
--
ALTER TABLE `auth_user_user_permissions`
  MODIFY `id` int(11) NOT NULL AUTO_INCREMENT, AUTO_INCREMENT=35;

--
-- AUTO_INCREMENT for table `django_admin_log`
--
ALTER TABLE `django_admin_log`
  MODIFY `id` int(11) NOT NULL AUTO_INCREMENT, AUTO_INCREMENT=766;

--
-- AUTO_INCREMENT for table `django_content_type`
--
ALTER TABLE `django_content_type`
  MODIFY `id` int(11) NOT NULL AUTO_INCREMENT, AUTO_INCREMENT=49;

--
-- AUTO_INCREMENT for table `django_migrations`
--
ALTER TABLE `django_migrations`
  MODIFY `id` int(11) NOT NULL AUTO_INCREMENT, AUTO_INCREMENT=76;

--
-- AUTO_INCREMENT for table `financial_app_budget`
--
ALTER TABLE `financial_app_budget`
  MODIFY `id` int(11) NOT NULL AUTO_INCREMENT;

--
-- AUTO_INCREMENT for table `financial_app_budget_type`
--
ALTER TABLE `financial_app_budget_type`
  MODIFY `id` int(11) NOT NULL AUTO_INCREMENT;

--
-- AUTO_INCREMENT for table `financial_app_currency`
--
ALTER TABLE `financial_app_currency`
  MODIFY `id` int(11) NOT NULL AUTO_INCREMENT, AUTO_INCREMENT=2;

--
-- AUTO_INCREMENT for table `financial_app_investment`
--
ALTER TABLE `financial_app_investment`
  MODIFY `id` int(11) NOT NULL AUTO_INCREMENT;

--
-- AUTO_INCREMENT for table `financial_app_loan`
--
ALTER TABLE `financial_app_loan`
  MODIFY `id` int(11) NOT NULL AUTO_INCREMENT;

--
-- AUTO_INCREMENT for table `financial_app_money_transfer`
--
ALTER TABLE `financial_app_money_transfer`
  MODIFY `id` int(11) NOT NULL AUTO_INCREMENT, AUTO_INCREMENT=196;

--
-- AUTO_INCREMENT for table `financial_app_money_transfer_type`
--
ALTER TABLE `financial_app_money_transfer_type`
  MODIFY `id` int(11) NOT NULL AUTO_INCREMENT, AUTO_INCREMENT=3;

--
-- AUTO_INCREMENT for table `financial_app_wallet`
--
ALTER TABLE `financial_app_wallet`
  MODIFY `id` int(11) NOT NULL AUTO_INCREMENT, AUTO_INCREMENT=7;

--
-- AUTO_INCREMENT for table `hotel_hotel_client_item`
--
ALTER TABLE `hotel_hotel_client_item`
  MODIFY `id` int(11) NOT NULL AUTO_INCREMENT, AUTO_INCREMENT=3;

--
-- AUTO_INCREMENT for table `hotel_hotel_client_item_eelj`
--
ALTER TABLE `hotel_hotel_client_item_eelj`
  MODIFY `id` int(11) NOT NULL AUTO_INCREMENT;

--
-- AUTO_INCREMENT for table `hotel_hotel_client_log`
--
ALTER TABLE `hotel_hotel_client_log`
  MODIFY `id` int(11) NOT NULL AUTO_INCREMENT, AUTO_INCREMENT=29;

--
-- AUTO_INCREMENT for table `notification_notification`
--
ALTER TABLE `notification_notification`
  MODIFY `id` int(11) NOT NULL AUTO_INCREMENT;

--
-- AUTO_INCREMENT for table `payment_app_bill`
--
ALTER TABLE `payment_app_bill`
  MODIFY `id` int(11) NOT NULL AUTO_INCREMENT;

--
-- AUTO_INCREMENT for table `payment_app_order`
--
ALTER TABLE `payment_app_order`
  MODIFY `id` int(11) NOT NULL AUTO_INCREMENT, AUTO_INCREMENT=400;

--
-- AUTO_INCREMENT for table `payment_app_order_detial`
--
ALTER TABLE `payment_app_order_detial`
  MODIFY `id` int(11) NOT NULL AUTO_INCREMENT, AUTO_INCREMENT=1525;

--
-- AUTO_INCREMENT for table `payment_app_order_payments`
--
ALTER TABLE `payment_app_order_payments`
  MODIFY `id` int(11) NOT NULL AUTO_INCREMENT, AUTO_INCREMENT=328;

--
-- AUTO_INCREMENT for table `payment_app_payment`
--
ALTER TABLE `payment_app_payment`
  MODIFY `id` int(11) NOT NULL AUTO_INCREMENT, AUTO_INCREMENT=372;

--
-- AUTO_INCREMENT for table `payment_app_payment_bills`
--
ALTER TABLE `payment_app_payment_bills`
  MODIFY `id` int(11) NOT NULL AUTO_INCREMENT;

--
-- AUTO_INCREMENT for table `payment_app_pos_account_consolidation`
--
ALTER TABLE `payment_app_pos_account_consolidation`
  MODIFY `id` int(11) NOT NULL AUTO_INCREMENT;

--
-- AUTO_INCREMENT for table `product_app_basic_asset`
--
ALTER TABLE `product_app_basic_asset`
  MODIFY `id` int(11) NOT NULL AUTO_INCREMENT, AUTO_INCREMENT=133;

--
-- AUTO_INCREMENT for table `product_app_basic_asset_count`
--
ALTER TABLE `product_app_basic_asset_count`
  MODIFY `id` int(11) NOT NULL AUTO_INCREMENT, AUTO_INCREMENT=132;

--
-- AUTO_INCREMENT for table `product_app_broken_item`
--
ALTER TABLE `product_app_broken_item`
  MODIFY `id` int(11) NOT NULL AUTO_INCREMENT;

--
-- AUTO_INCREMENT for table `product_app_commodity`
--
ALTER TABLE `product_app_commodity`
  MODIFY `id` int(11) NOT NULL AUTO_INCREMENT, AUTO_INCREMENT=57;

--
-- AUTO_INCREMENT for table `product_app_commodity_categories`
--
ALTER TABLE `product_app_commodity_categories`
  MODIFY `id` int(11) NOT NULL AUTO_INCREMENT, AUTO_INCREMENT=57;

--
-- AUTO_INCREMENT for table `product_app_commodity_category`
--
ALTER TABLE `product_app_commodity_category`
  MODIFY `id` int(11) NOT NULL AUTO_INCREMENT, AUTO_INCREMENT=7;

--
-- AUTO_INCREMENT for table `product_app_division_commodity_categories`
--
ALTER TABLE `product_app_division_commodity_categories`
  MODIFY `id` int(11) NOT NULL AUTO_INCREMENT, AUTO_INCREMENT=7;

--
-- AUTO_INCREMENT for table `product_app_ingredient`
--
ALTER TABLE `product_app_ingredient`
  MODIFY `id` int(11) NOT NULL AUTO_INCREMENT, AUTO_INCREMENT=113;

--
-- AUTO_INCREMENT for table `product_app_ingredient_product`
--
ALTER TABLE `product_app_ingredient_product`
  MODIFY `id` int(11) NOT NULL AUTO_INCREMENT, AUTO_INCREMENT=11;

--
-- AUTO_INCREMENT for table `product_app_item_balance`
--
ALTER TABLE `product_app_item_balance`
  MODIFY `id` int(11) NOT NULL AUTO_INCREMENT, AUTO_INCREMENT=116;

--
-- AUTO_INCREMENT for table `product_app_item_balance_log`
--
ALTER TABLE `product_app_item_balance_log`
  MODIFY `id` int(11) NOT NULL AUTO_INCREMENT, AUTO_INCREMENT=986;

--
-- AUTO_INCREMENT for table `product_app_item_transfer`
--
ALTER TABLE `product_app_item_transfer`
  MODIFY `id` int(11) NOT NULL AUTO_INCREMENT, AUTO_INCREMENT=806;

--
-- AUTO_INCREMENT for table `product_app_item_transfer_type`
--
ALTER TABLE `product_app_item_transfer_type`
  MODIFY `id` int(11) NOT NULL AUTO_INCREMENT, AUTO_INCREMENT=6;

--
-- AUTO_INCREMENT for table `product_app_product`
--
ALTER TABLE `product_app_product`
  MODIFY `id` int(11) NOT NULL AUTO_INCREMENT, AUTO_INCREMENT=259;

--
-- AUTO_INCREMENT for table `product_app_product_categories`
--
ALTER TABLE `product_app_product_categories`
  MODIFY `id` int(11) NOT NULL AUTO_INCREMENT, AUTO_INCREMENT=730;

--
-- AUTO_INCREMENT for table `product_app_product_category`
--
ALTER TABLE `product_app_product_category`
  MODIFY `id` int(11) NOT NULL AUTO_INCREMENT, AUTO_INCREMENT=42;

--
-- AUTO_INCREMENT for table `product_app_size_type`
--
ALTER TABLE `product_app_size_type`
  MODIFY `id` int(11) NOT NULL AUTO_INCREMENT, AUTO_INCREMENT=3;

--
-- AUTO_INCREMENT for table `product_app_store`
--
ALTER TABLE `product_app_store`
  MODIFY `id` int(11) NOT NULL AUTO_INCREMENT;

--
-- AUTO_INCREMENT for table `structure_app_client`
--
ALTER TABLE `structure_app_client`
  MODIFY `id` int(11) NOT NULL AUTO_INCREMENT, AUTO_INCREMENT=34;

--
-- AUTO_INCREMENT for table `structure_app_configuration_value`
--
ALTER TABLE `structure_app_configuration_value`
  MODIFY `id` int(11) NOT NULL AUTO_INCREMENT, AUTO_INCREMENT=2;

--
-- AUTO_INCREMENT for table `structure_app_customer`
--
ALTER TABLE `structure_app_customer`
  MODIFY `id` int(11) NOT NULL AUTO_INCREMENT, AUTO_INCREMENT=41;

--
-- AUTO_INCREMENT for table `structure_app_division`
--
ALTER TABLE `structure_app_division`
  MODIFY `id` int(11) NOT NULL AUTO_INCREMENT, AUTO_INCREMENT=9;

--
-- AUTO_INCREMENT for table `structure_app_shift_work`
--
ALTER TABLE `structure_app_shift_work`
  MODIFY `id` int(11) NOT NULL AUTO_INCREMENT, AUTO_INCREMENT=45;

--
-- AUTO_INCREMENT for table `structure_app_user_profile`
--
ALTER TABLE `structure_app_user_profile`
  MODIFY `id` int(11) NOT NULL AUTO_INCREMENT;

--
-- Constraints for dumped tables
--

--
-- Constraints for table `authtoken_token`
--
ALTER TABLE `authtoken_token`
  ADD CONSTRAINT `authtoken_token_user_id_35299eff_fk_auth_user_id` FOREIGN KEY (`user_id`) REFERENCES `auth_user` (`id`);

--
-- Constraints for table `auth_group_permissions`
--
ALTER TABLE `auth_group_permissions`
  ADD CONSTRAINT `auth_group_permissio_permission_id_84c5c92e_fk_auth_perm` FOREIGN KEY (`permission_id`) REFERENCES `auth_permission` (`id`),
  ADD CONSTRAINT `auth_group_permissions_group_id_b120cbf9_fk_auth_group_id` FOREIGN KEY (`group_id`) REFERENCES `auth_group` (`id`);

--
-- Constraints for table `auth_permission`
--
ALTER TABLE `auth_permission`
  ADD CONSTRAINT `auth_permission_content_type_id_2f476e4b_fk_django_co` FOREIGN KEY (`content_type_id`) REFERENCES `django_content_type` (`id`);

--
-- Constraints for table `auth_user_divisions`
--
ALTER TABLE `auth_user_divisions`
  ADD CONSTRAINT `auth_user_divisions_division_id_c82dad61_fk_structure` FOREIGN KEY (`division_id`) REFERENCES `structure_app_division` (`id`),
  ADD CONSTRAINT `auth_user_divisions_user_id_3147b0b1_fk_auth_user_id` FOREIGN KEY (`user_id`) REFERENCES `auth_user` (`id`);

--
-- Constraints for table `auth_user_groups`
--
ALTER TABLE `auth_user_groups`
  ADD CONSTRAINT `auth_user_groups_group_id_97559544_fk_auth_group_id` FOREIGN KEY (`group_id`) REFERENCES `auth_group` (`id`),
  ADD CONSTRAINT `auth_user_groups_user_id_6a12ed8b_fk_auth_user_id` FOREIGN KEY (`user_id`) REFERENCES `auth_user` (`id`);

--
-- Constraints for table `auth_user_user_permissions`
--
ALTER TABLE `auth_user_user_permissions`
  ADD CONSTRAINT `auth_user_user_permi_permission_id_1fbb5f2c_fk_auth_perm` FOREIGN KEY (`permission_id`) REFERENCES `auth_permission` (`id`),
  ADD CONSTRAINT `auth_user_user_permissions_user_id_a95ead1b_fk_auth_user_id` FOREIGN KEY (`user_id`) REFERENCES `auth_user` (`id`);

--
-- Constraints for table `django_admin_log`
--
ALTER TABLE `django_admin_log`
  ADD CONSTRAINT `django_admin_log_content_type_id_c4bce8eb_fk_django_co` FOREIGN KEY (`content_type_id`) REFERENCES `django_content_type` (`id`),
  ADD CONSTRAINT `django_admin_log_user_id_c564eba6_fk_auth_user_id` FOREIGN KEY (`user_id`) REFERENCES `auth_user` (`id`);

--
-- Constraints for table `financial_app_budget`
--
ALTER TABLE `financial_app_budget`
  ADD CONSTRAINT `financial_app_budget_budget_type_id_52e9422f_fk_financial` FOREIGN KEY (`budget_type_id`) REFERENCES `financial_app_budget_type` (`id`),
  ADD CONSTRAINT `financial_app_budget_coordinator_id_4035d2a0_fk_auth_user_id` FOREIGN KEY (`coordinator_id`) REFERENCES `auth_user` (`id`),
  ADD CONSTRAINT `financial_app_budget_created_by_id_c407d741_fk_auth_user_id` FOREIGN KEY (`created_by_id`) REFERENCES `auth_user` (`id`),
  ADD CONSTRAINT `financial_app_budget_updated_by_id_83e71bca_fk_auth_user_id` FOREIGN KEY (`updated_by_id`) REFERENCES `auth_user` (`id`);

--
-- Constraints for table `financial_app_budget_type`
--
ALTER TABLE `financial_app_budget_type`
  ADD CONSTRAINT `financial_app_budget_type_created_by_id_4489ffd8_fk_auth_user_id` FOREIGN KEY (`created_by_id`) REFERENCES `auth_user` (`id`);

--
-- Constraints for table `financial_app_currency`
--
ALTER TABLE `financial_app_currency`
  ADD CONSTRAINT `financial_app_currency_created_by_id_7d85ca1c_fk_auth_user_id` FOREIGN KEY (`created_by_id`) REFERENCES `auth_user` (`id`);

--
-- Constraints for table `financial_app_investment`
--
ALTER TABLE `financial_app_investment`
  ADD CONSTRAINT `financial_app_investment_created_by_id_2b2535c8_fk_auth_user_id` FOREIGN KEY (`created_by_id`) REFERENCES `auth_user` (`id`);

--
-- Constraints for table `financial_app_loan`
--
ALTER TABLE `financial_app_loan`
  ADD CONSTRAINT `financial_app_loan_created_by_id_dd9b720c_fk_auth_user_id` FOREIGN KEY (`created_by_id`) REFERENCES `auth_user` (`id`);

--
-- Constraints for table `financial_app_money_transfer`
--
ALTER TABLE `financial_app_money_transfer`
  ADD CONSTRAINT `financial_app_money__bill_id_f7a288ba_fk_payment_a` FOREIGN KEY (`bill_id`) REFERENCES `payment_app_bill` (`id`),
  ADD CONSTRAINT `financial_app_money__created_by_id_bf210879_fk_auth_user` FOREIGN KEY (`created_by_id`) REFERENCES `auth_user` (`id`),
  ADD CONSTRAINT `financial_app_money__currency_id_a64e54c9_fk_financial` FOREIGN KEY (`currency_id`) REFERENCES `financial_app_currency` (`id`),
  ADD CONSTRAINT `financial_app_money__customer_id_ee9bc234_fk_structure` FOREIGN KEY (`customer_id`) REFERENCES `structure_app_customer` (`id`),
  ADD CONSTRAINT `financial_app_money__division_id_3e339b4d_fk_structure` FOREIGN KEY (`division_id`) REFERENCES `structure_app_division` (`id`),
  ADD CONSTRAINT `financial_app_money__fr_budget_id_f38d3c6f_fk_financial` FOREIGN KEY (`fr_budget_id`) REFERENCES `financial_app_budget` (`id`),
  ADD CONSTRAINT `financial_app_money__fr_investment_id_12cb331a_fk_financial` FOREIGN KEY (`fr_investment_id`) REFERENCES `financial_app_investment` (`id`),
  ADD CONSTRAINT `financial_app_money__fr_loan_id_1cab29c2_fk_financial` FOREIGN KEY (`fr_loan_id`) REFERENCES `financial_app_loan` (`id`),
  ADD CONSTRAINT `financial_app_money__fr_wallet_id_8a0ec13a_fk_financial` FOREIGN KEY (`fr_wallet_id`) REFERENCES `financial_app_wallet` (`id`),
  ADD CONSTRAINT `financial_app_money__money_transfer_type__6a8f8643_fk_financial` FOREIGN KEY (`money_transfer_type_id`) REFERENCES `financial_app_money_transfer_type` (`id`),
  ADD CONSTRAINT `financial_app_money__payment_id_ca3b1657_fk_payment_a` FOREIGN KEY (`payment_id`) REFERENCES `payment_app_payment` (`id`),
  ADD CONSTRAINT `financial_app_money__shift_work_id_51bf611f_fk_structure` FOREIGN KEY (`shift_work_id`) REFERENCES `structure_app_shift_work` (`id`),
  ADD CONSTRAINT `financial_app_money__to_budget_id_6f1bd553_fk_financial` FOREIGN KEY (`to_budget_id`) REFERENCES `financial_app_budget` (`id`),
  ADD CONSTRAINT `financial_app_money__to_investment_id_5ae94ff8_fk_financial` FOREIGN KEY (`to_investment_id`) REFERENCES `financial_app_investment` (`id`),
  ADD CONSTRAINT `financial_app_money__to_loan_id_2a6a069a_fk_financial` FOREIGN KEY (`to_loan_id`) REFERENCES `financial_app_loan` (`id`),
  ADD CONSTRAINT `financial_app_money__to_wallet_id_86a617b8_fk_financial` FOREIGN KEY (`to_wallet_id`) REFERENCES `financial_app_wallet` (`id`),
  ADD CONSTRAINT `financial_app_money__updated_by_id_6dc4ccfd_fk_auth_user` FOREIGN KEY (`updated_by_id`) REFERENCES `auth_user` (`id`),
  ADD CONSTRAINT `financial_app_money_transfer_fr_user_id_8e2da13f_fk_auth_user_id` FOREIGN KEY (`fr_user_id`) REFERENCES `auth_user` (`id`),
  ADD CONSTRAINT `financial_app_money_transfer_to_user_id_140df557_fk_auth_user_id` FOREIGN KEY (`to_user_id`) REFERENCES `auth_user` (`id`);

--
-- Constraints for table `financial_app_money_transfer_type`
--
ALTER TABLE `financial_app_money_transfer_type`
  ADD CONSTRAINT `financial_app_money__created_by_id_98f56baf_fk_auth_user` FOREIGN KEY (`created_by_id`) REFERENCES `auth_user` (`id`);

--
-- Constraints for table `financial_app_wallet`
--
ALTER TABLE `financial_app_wallet`
  ADD CONSTRAINT `financial_app_wallet_created_by_id_65ea1d17_fk_auth_user_id` FOREIGN KEY (`created_by_id`) REFERENCES `auth_user` (`id`),
  ADD CONSTRAINT `financial_app_wallet_division_id_503084c8_fk_structure` FOREIGN KEY (`division_id`) REFERENCES `structure_app_division` (`id`),
  ADD CONSTRAINT `financial_app_wallet_owner_id_5c684ad9_fk_auth_user_id` FOREIGN KEY (`owner_id`) REFERENCES `auth_user` (`id`),
  ADD CONSTRAINT `financial_app_wallet_parent_id_13c91249_fk_financial` FOREIGN KEY (`parent_id`) REFERENCES `financial_app_wallet` (`id`);

--
-- Constraints for table `hotel_hotel_client_item`
--
ALTER TABLE `hotel_hotel_client_item`
  ADD CONSTRAINT `hotel_hotel_client_i_client_id_a1d0f045_fk_structure` FOREIGN KEY (`client_id`) REFERENCES `structure_app_client` (`id`),
  ADD CONSTRAINT `hotel_hotel_client_i_product_id_116d2103_fk_product_a` FOREIGN KEY (`product_id`) REFERENCES `product_app_product` (`id`);

--
-- Constraints for table `hotel_hotel_client_item_eelj`
--
ALTER TABLE `hotel_hotel_client_item_eelj`
  ADD CONSTRAINT `hotel_hotel_client_i_client_id_ddce5c0d_fk_structure` FOREIGN KEY (`client_id`) REFERENCES `structure_app_client` (`id`),
  ADD CONSTRAINT `hotel_hotel_client_i_product_id_48626285_fk_product_a` FOREIGN KEY (`product_id`) REFERENCES `product_app_product` (`id`);

--
-- Constraints for table `hotel_hotel_client_log`
--
ALTER TABLE `hotel_hotel_client_log`
  ADD CONSTRAINT `hotel_hotel_client_l_client_id_796e134c_fk_structure` FOREIGN KEY (`client_id`) REFERENCES `structure_app_client` (`id`);

--
-- Constraints for table `notification_notification`
--
ALTER TABLE `notification_notification`
  ADD CONSTRAINT `notification_notification_user_id_e9d6f5f4_fk_auth_user_id` FOREIGN KEY (`user_id`) REFERENCES `auth_user` (`id`);

--
-- Constraints for table `payment_app_bill`
--
ALTER TABLE `payment_app_bill`
  ADD CONSTRAINT `payment_app_bill_client_id_324f3af6_fk_structure_app_client_id` FOREIGN KEY (`client_id`) REFERENCES `structure_app_client` (`id`),
  ADD CONSTRAINT `payment_app_bill_created_by_id_05666608_fk_auth_user_id` FOREIGN KEY (`created_by_id`) REFERENCES `auth_user` (`id`),
  ADD CONSTRAINT `payment_app_bill_customer_id_b03aa484_fk_structure` FOREIGN KEY (`customer_id`) REFERENCES `structure_app_customer` (`id`),
  ADD CONSTRAINT `payment_app_bill_division_id_b6058138_fk_structure` FOREIGN KEY (`division_id`) REFERENCES `structure_app_division` (`id`),
  ADD CONSTRAINT `payment_app_bill_updated_by_id_8886f78b_fk_auth_user_id` FOREIGN KEY (`updated_by_id`) REFERENCES `auth_user` (`id`);

--
-- Constraints for table `payment_app_order`
--
ALTER TABLE `payment_app_order`
  ADD CONSTRAINT `payment_app_order_client_id_4aef7351_fk_structure_app_client_id` FOREIGN KEY (`client_id`) REFERENCES `structure_app_client` (`id`),
  ADD CONSTRAINT `payment_app_order_created_by_id_3084aabf_fk_auth_user_id` FOREIGN KEY (`created_by_id`) REFERENCES `auth_user` (`id`),
  ADD CONSTRAINT `payment_app_order_customer_id_faf82302_fk_structure` FOREIGN KEY (`customer_id`) REFERENCES `structure_app_customer` (`id`),
  ADD CONSTRAINT `payment_app_order_discount_by_id_0448804e_fk_auth_user_id` FOREIGN KEY (`discount_by_id`) REFERENCES `auth_user` (`id`),
  ADD CONSTRAINT `payment_app_order_division_id_c69aeecd_fk_structure` FOREIGN KEY (`division_id`) REFERENCES `structure_app_division` (`id`),
  ADD CONSTRAINT `payment_app_order_shift_work_id_5d977164_fk_structure` FOREIGN KEY (`shift_work_id`) REFERENCES `structure_app_shift_work` (`id`),
  ADD CONSTRAINT `payment_app_order_updated_by_id_09096fb7_fk_auth_user_id` FOREIGN KEY (`updated_by_id`) REFERENCES `auth_user` (`id`),
  ADD CONSTRAINT `payment_app_order_worker_id_d7f77905_fk_auth_user_id` FOREIGN KEY (`worker_id`) REFERENCES `auth_user` (`id`);

--
-- Constraints for table `payment_app_order_detial`
--
ALTER TABLE `payment_app_order_detial`
  ADD CONSTRAINT `payment_app_order_de_client_id_80f0166d_fk_structure` FOREIGN KEY (`client_id`) REFERENCES `structure_app_client` (`id`),
  ADD CONSTRAINT `payment_app_order_de_fr_client_id_d1ae850c_fk_structure` FOREIGN KEY (`fr_client_id`) REFERENCES `structure_app_client` (`id`),
  ADD CONSTRAINT `payment_app_order_de_order_id_222c00a6_fk_payment_a` FOREIGN KEY (`order_id`) REFERENCES `payment_app_order` (`id`),
  ADD CONSTRAINT `payment_app_order_de_product_id_e525e18a_fk_product_a` FOREIGN KEY (`product_id`) REFERENCES `product_app_product` (`id`),
  ADD CONSTRAINT `payment_app_order_de_shift_work_id_1bc5774f_fk_structure` FOREIGN KEY (`shift_work_id`) REFERENCES `structure_app_shift_work` (`id`),
  ADD CONSTRAINT `payment_app_order_detial_created_by_id_f9327120_fk_auth_user_id` FOREIGN KEY (`created_by_id`) REFERENCES `auth_user` (`id`),
  ADD CONSTRAINT `payment_app_order_detial_updated_by_id_19873e2a_fk_auth_user_id` FOREIGN KEY (`updated_by_id`) REFERENCES `auth_user` (`id`);

--
-- Constraints for table `payment_app_order_payments`
--
ALTER TABLE `payment_app_order_payments`
  ADD CONSTRAINT `payment_app_order_pa_created_by_id_51392a18_fk_auth_user` FOREIGN KEY (`created_by_id`) REFERENCES `auth_user` (`id`),
  ADD CONSTRAINT `payment_app_order_pa_order_id_32a61e1c_fk_payment_a` FOREIGN KEY (`order_id`) REFERENCES `payment_app_order` (`id`),
  ADD CONSTRAINT `payment_app_order_pa_payment_id_6c07d4a6_fk_payment_a` FOREIGN KEY (`payment_id`) REFERENCES `payment_app_payment` (`id`),
  ADD CONSTRAINT `payment_app_order_pa_updated_by_id_bdc821a3_fk_auth_user` FOREIGN KEY (`updated_by_id`) REFERENCES `auth_user` (`id`);

--
-- Constraints for table `payment_app_payment`
--
ALTER TABLE `payment_app_payment`
  ADD CONSTRAINT `payment_app_payment_confirmed_by_id_be1c3f1b_fk_auth_user_id` FOREIGN KEY (`confirmed_by_id`) REFERENCES `auth_user` (`id`),
  ADD CONSTRAINT `payment_app_payment_created_by_id_0d702b01_fk_auth_user_id` FOREIGN KEY (`created_by_id`) REFERENCES `auth_user` (`id`),
  ADD CONSTRAINT `payment_app_payment_division_id_613184a6_fk_structure` FOREIGN KEY (`division_id`) REFERENCES `structure_app_division` (`id`),
  ADD CONSTRAINT `payment_app_payment_shift_work_id_8be6adf8_fk_structure` FOREIGN KEY (`shift_work_id`) REFERENCES `structure_app_shift_work` (`id`),
  ADD CONSTRAINT `payment_app_payment_updated_by_id_3c71592e_fk_auth_user_id` FOREIGN KEY (`updated_by_id`) REFERENCES `auth_user` (`id`),
  ADD CONSTRAINT `payment_app_payment_wallet_id_28a46139_fk_financial` FOREIGN KEY (`wallet_id`) REFERENCES `financial_app_wallet` (`id`);

--
-- Constraints for table `payment_app_payment_bills`
--
ALTER TABLE `payment_app_payment_bills`
  ADD CONSTRAINT `payment_app_payment__bill_id_c13cac7a_fk_payment_a` FOREIGN KEY (`bill_id`) REFERENCES `payment_app_bill` (`id`),
  ADD CONSTRAINT `payment_app_payment__payment_id_ab731877_fk_payment_a` FOREIGN KEY (`payment_id`) REFERENCES `payment_app_payment` (`id`),
  ADD CONSTRAINT `payment_app_payment_bills_created_by_id_dad54cd9_fk_auth_user_id` FOREIGN KEY (`created_by_id`) REFERENCES `auth_user` (`id`),
  ADD CONSTRAINT `payment_app_payment_bills_updated_by_id_bd174614_fk_auth_user_id` FOREIGN KEY (`updated_by_id`) REFERENCES `auth_user` (`id`);

--
-- Constraints for table `payment_app_pos_account_consolidation`
--
ALTER TABLE `payment_app_pos_account_consolidation`
  ADD CONSTRAINT `payment_app_pos_acco_account_id_38596ffe_fk_financial` FOREIGN KEY (`account_id`) REFERENCES `financial_app_wallet` (`id`),
  ADD CONSTRAINT `payment_app_pos_acco_confirmed_by_id_cb29c4db_fk_auth_user` FOREIGN KEY (`confirmed_by_id`) REFERENCES `auth_user` (`id`),
  ADD CONSTRAINT `payment_app_pos_acco_created_by_id_5a2d4e7e_fk_auth_user` FOREIGN KEY (`created_by_id`) REFERENCES `auth_user` (`id`),
  ADD CONSTRAINT `payment_app_pos_acco_division_id_1ab6db9a_fk_structure` FOREIGN KEY (`division_id`) REFERENCES `structure_app_division` (`id`),
  ADD CONSTRAINT `payment_app_pos_acco_person_of_charge_id_d1a46c2e_fk_auth_user` FOREIGN KEY (`person_of_charge_id`) REFERENCES `auth_user` (`id`),
  ADD CONSTRAINT `payment_app_pos_acco_shift_work_id_5ccbd424_fk_structure` FOREIGN KEY (`shift_work_id`) REFERENCES `structure_app_shift_work` (`id`),
  ADD CONSTRAINT `payment_app_pos_acco_updated_by_id_5497a646_fk_auth_user` FOREIGN KEY (`updated_by_id`) REFERENCES `auth_user` (`id`);

--
-- Constraints for table `product_app_basic_asset`
--
ALTER TABLE `product_app_basic_asset`
  ADD CONSTRAINT `product_app_basic_as_division_id_7e98028c_fk_structure` FOREIGN KEY (`division_id`) REFERENCES `structure_app_division` (`id`),
  ADD CONSTRAINT `product_app_basic_asset_created_by_id_4a946f2b_fk_auth_user_id` FOREIGN KEY (`created_by_id`) REFERENCES `auth_user` (`id`),
  ADD CONSTRAINT `product_app_basic_asset_updated_by_id_53139eb5_fk_auth_user_id` FOREIGN KEY (`updated_by_id`) REFERENCES `auth_user` (`id`);

--
-- Constraints for table `product_app_basic_asset_count`
--
ALTER TABLE `product_app_basic_asset_count`
  ADD CONSTRAINT `product_app_basic_as_basic_asset_id_5d7668dc_fk_product_a` FOREIGN KEY (`basic_asset_id`) REFERENCES `product_app_basic_asset` (`id`),
  ADD CONSTRAINT `product_app_basic_as_controlled_by_id_d96a61ec_fk_auth_user` FOREIGN KEY (`controlled_by_id`) REFERENCES `auth_user` (`id`),
  ADD CONSTRAINT `product_app_basic_as_counted_by_id_388fe56b_fk_auth_user` FOREIGN KEY (`counted_by_id`) REFERENCES `auth_user` (`id`),
  ADD CONSTRAINT `product_app_basic_as_created_by_id_fd9fcee4_fk_auth_user` FOREIGN KEY (`created_by_id`) REFERENCES `auth_user` (`id`),
  ADD CONSTRAINT `product_app_basic_as_updated_by_id_ecca7d87_fk_auth_user` FOREIGN KEY (`updated_by_id`) REFERENCES `auth_user` (`id`);

--
-- Constraints for table `product_app_broken_item`
--
ALTER TABLE `product_app_broken_item`
  ADD CONSTRAINT `product_app_broken_i_basic_asset_id_cf88020c_fk_product_a` FOREIGN KEY (`basic_asset_id`) REFERENCES `product_app_basic_asset` (`id`),
  ADD CONSTRAINT `product_app_broken_i_commodity_id_01764d4d_fk_product_a` FOREIGN KEY (`commodity_id`) REFERENCES `product_app_commodity` (`id`),
  ADD CONSTRAINT `product_app_broken_i_money_transfer_id_cc49be86_fk_financial` FOREIGN KEY (`money_transfer_id`) REFERENCES `financial_app_money_transfer` (`id`),
  ADD CONSTRAINT `product_app_broken_i_product_id_3d9a9dd7_fk_product_a` FOREIGN KEY (`product_id`) REFERENCES `product_app_product` (`id`),
  ADD CONSTRAINT `product_app_broken_i_size_type_id_9cdabc9d_fk_product_a` FOREIGN KEY (`size_type_id`) REFERENCES `product_app_size_type` (`id`),
  ADD CONSTRAINT `product_app_broken_item_created_by_id_6f3ea284_fk_auth_user_id` FOREIGN KEY (`created_by_id`) REFERENCES `auth_user` (`id`),
  ADD CONSTRAINT `product_app_broken_item_updated_by_id_1396bab5_fk_auth_user_id` FOREIGN KEY (`updated_by_id`) REFERENCES `auth_user` (`id`);

--
-- Constraints for table `product_app_commodity`
--
ALTER TABLE `product_app_commodity`
  ADD CONSTRAINT `product_app_commodit_size_type_id_cbd392a1_fk_product_a` FOREIGN KEY (`size_type_id`) REFERENCES `product_app_size_type` (`id`),
  ADD CONSTRAINT `product_app_commodity_created_by_id_de0d2145_fk_auth_user_id` FOREIGN KEY (`created_by_id`) REFERENCES `auth_user` (`id`);

--
-- Constraints for table `product_app_commodity_categories`
--
ALTER TABLE `product_app_commodity_categories`
  ADD CONSTRAINT `product_app_commodit_commodity_category_i_1b6bab67_fk_product_a` FOREIGN KEY (`commodity_category_id`) REFERENCES `product_app_commodity_category` (`id`),
  ADD CONSTRAINT `product_app_commodit_commodity_id_17715b53_fk_product_a` FOREIGN KEY (`commodity_id`) REFERENCES `product_app_commodity` (`id`);

--
-- Constraints for table `product_app_commodity_category`
--
ALTER TABLE `product_app_commodity_category`
  ADD CONSTRAINT `product_app_commodit_created_by_id_b5cc62b6_fk_auth_user` FOREIGN KEY (`created_by_id`) REFERENCES `auth_user` (`id`),
  ADD CONSTRAINT `product_app_commodit_parent_id_df5c4e79_fk_product_a` FOREIGN KEY (`parent_id`) REFERENCES `product_app_commodity_category` (`id`);

--
-- Constraints for table `product_app_division_commodity_categories`
--
ALTER TABLE `product_app_division_commodity_categories`
  ADD CONSTRAINT `product_app_division_commodity_category_i_5300db6d_fk_product_a` FOREIGN KEY (`commodity_category_id`) REFERENCES `product_app_commodity_category` (`id`),
  ADD CONSTRAINT `product_app_division_division_id_98f9d28a_fk_structure` FOREIGN KEY (`division_id`) REFERENCES `structure_app_division` (`id`);

--
-- Constraints for table `product_app_ingredient`
--
ALTER TABLE `product_app_ingredient`
  ADD CONSTRAINT `product_app_ingredie_commodity_id_59a7adca_fk_product_a` FOREIGN KEY (`commodity_id`) REFERENCES `product_app_commodity` (`id`),
  ADD CONSTRAINT `product_app_ingredie_product_id_805751b3_fk_product_a` FOREIGN KEY (`product_id`) REFERENCES `product_app_product` (`id`),
  ADD CONSTRAINT `product_app_ingredie_size_type_id_e3982889_fk_product_a` FOREIGN KEY (`size_type_id`) REFERENCES `product_app_size_type` (`id`),
  ADD CONSTRAINT `product_app_ingredient_created_by_id_f34eb4d1_fk_auth_user_id` FOREIGN KEY (`created_by_id`) REFERENCES `auth_user` (`id`);

--
-- Constraints for table `product_app_ingredient_product`
--
ALTER TABLE `product_app_ingredient_product`
  ADD CONSTRAINT `product_app_ingredie_commodity_id_be170202_fk_product_a` FOREIGN KEY (`commodity_id`) REFERENCES `product_app_product` (`id`),
  ADD CONSTRAINT `product_app_ingredie_created_by_id_989046ea_fk_auth_user` FOREIGN KEY (`created_by_id`) REFERENCES `auth_user` (`id`),
  ADD CONSTRAINT `product_app_ingredie_product_id_b48e1bca_fk_product_a` FOREIGN KEY (`product_id`) REFERENCES `product_app_product` (`id`);

--
-- Constraints for table `product_app_item_balance`
--
ALTER TABLE `product_app_item_balance`
  ADD CONSTRAINT `product_app_item_bal_client_id_719d7b38_fk_structure` FOREIGN KEY (`client_id`) REFERENCES `structure_app_client` (`id`),
  ADD CONSTRAINT `product_app_item_bal_commodity_id_8fd3b22a_fk_product_a` FOREIGN KEY (`commodity_id`) REFERENCES `product_app_commodity` (`id`),
  ADD CONSTRAINT `product_app_item_bal_division_id_65876111_fk_structure` FOREIGN KEY (`division_id`) REFERENCES `structure_app_division` (`id`),
  ADD CONSTRAINT `product_app_item_bal_product_id_ed1397c8_fk_product_a` FOREIGN KEY (`product_id`) REFERENCES `product_app_product` (`id`),
  ADD CONSTRAINT `product_app_item_balance_created_by_id_6047e5ca_fk_auth_user_id` FOREIGN KEY (`created_by_id`) REFERENCES `auth_user` (`id`),
  ADD CONSTRAINT `product_app_item_balance_updated_by_id_8b911981_fk_auth_user_id` FOREIGN KEY (`updated_by_id`) REFERENCES `auth_user` (`id`),
  ADD CONSTRAINT `product_app_item_balance_user_id_df111a6e_fk_auth_user_id` FOREIGN KEY (`user_id`) REFERENCES `auth_user` (`id`);

--
-- Constraints for table `product_app_item_balance_log`
--
ALTER TABLE `product_app_item_balance_log`
  ADD CONSTRAINT `product_app_item_bal_client_id_22be3941_fk_structure` FOREIGN KEY (`client_id`) REFERENCES `structure_app_client` (`id`),
  ADD CONSTRAINT `product_app_item_bal_commodity_id_0bafa465_fk_product_a` FOREIGN KEY (`commodity_id`) REFERENCES `product_app_commodity` (`id`),
  ADD CONSTRAINT `product_app_item_bal_created_by_id_49a8b528_fk_auth_user` FOREIGN KEY (`created_by_id`) REFERENCES `auth_user` (`id`),
  ADD CONSTRAINT `product_app_item_bal_division_id_e806fbfd_fk_structure` FOREIGN KEY (`division_id`) REFERENCES `structure_app_division` (`id`),
  ADD CONSTRAINT `product_app_item_bal_product_id_ea7a46a9_fk_product_a` FOREIGN KEY (`product_id`) REFERENCES `product_app_product` (`id`),
  ADD CONSTRAINT `product_app_item_bal_shift_work_id_3ac41645_fk_structure` FOREIGN KEY (`shift_work_id`) REFERENCES `structure_app_shift_work` (`id`),
  ADD CONSTRAINT `product_app_item_bal_updated_by_id_05e147b0_fk_auth_user` FOREIGN KEY (`updated_by_id`) REFERENCES `auth_user` (`id`),
  ADD CONSTRAINT `product_app_item_balance_log_user_id_b095ae0a_fk_auth_user_id` FOREIGN KEY (`user_id`) REFERENCES `auth_user` (`id`);

--
-- Constraints for table `product_app_item_transfer`
--
ALTER TABLE `product_app_item_transfer`
  ADD CONSTRAINT `product_app_item_tra_budget_id_ddf5e163_fk_financial` FOREIGN KEY (`budget_id`) REFERENCES `financial_app_budget` (`id`),
  ADD CONSTRAINT `product_app_item_tra_commodity_id_2ed02fa5_fk_product_a` FOREIGN KEY (`commodity_id`) REFERENCES `product_app_commodity` (`id`),
  ADD CONSTRAINT `product_app_item_tra_confirmed_by_id_bd6cbb93_fk_auth_user` FOREIGN KEY (`confirmed_by_id`) REFERENCES `auth_user` (`id`),
  ADD CONSTRAINT `product_app_item_tra_fr_client_id_2bdabba4_fk_structure` FOREIGN KEY (`fr_client_id`) REFERENCES `structure_app_client` (`id`),
  ADD CONSTRAINT `product_app_item_tra_fr_division_id_bfb5b4ce_fk_structure` FOREIGN KEY (`fr_division_id`) REFERENCES `structure_app_division` (`id`),
  ADD CONSTRAINT `product_app_item_tra_item_transfer_type_i_d36f5b24_fk_product_a` FOREIGN KEY (`item_transfer_type_id`) REFERENCES `product_app_item_transfer_type` (`id`),
  ADD CONSTRAINT `product_app_item_tra_order_detial_id_18c41d9b_fk_payment_a` FOREIGN KEY (`order_detial_id`) REFERENCES `payment_app_order_detial` (`id`),
  ADD CONSTRAINT `product_app_item_tra_product_id_4fce5964_fk_product_a` FOREIGN KEY (`product_id`) REFERENCES `product_app_product` (`id`),
  ADD CONSTRAINT `product_app_item_tra_store_id_0f6f2999_fk_product_a` FOREIGN KEY (`store_id`) REFERENCES `product_app_store` (`id`),
  ADD CONSTRAINT `product_app_item_tra_to_client_id_45d339e6_fk_structure` FOREIGN KEY (`to_client_id`) REFERENCES `structure_app_client` (`id`),
  ADD CONSTRAINT `product_app_item_tra_to_division_id_b23aa58e_fk_structure` FOREIGN KEY (`to_division_id`) REFERENCES `structure_app_division` (`id`),
  ADD CONSTRAINT `product_app_item_tra_to_product_id_5df4492a_fk_product_a` FOREIGN KEY (`to_product_id`) REFERENCES `product_app_product` (`id`),
  ADD CONSTRAINT `product_app_item_transfer_created_by_id_33594e28_fk_auth_user_id` FOREIGN KEY (`created_by_id`) REFERENCES `auth_user` (`id`),
  ADD CONSTRAINT `product_app_item_transfer_fr_user_id_ceac7767_fk_auth_user_id` FOREIGN KEY (`fr_user_id`) REFERENCES `auth_user` (`id`),
  ADD CONSTRAINT `product_app_item_transfer_to_user_id_fe45c7e7_fk_auth_user_id` FOREIGN KEY (`to_user_id`) REFERENCES `auth_user` (`id`),
  ADD CONSTRAINT `product_app_item_transfer_updated_by_id_b81eb934_fk_auth_user_id` FOREIGN KEY (`updated_by_id`) REFERENCES `auth_user` (`id`);

--
-- Constraints for table `product_app_item_transfer_type`
--
ALTER TABLE `product_app_item_transfer_type`
  ADD CONSTRAINT `product_app_item_tra_created_by_id_26676363_fk_auth_user` FOREIGN KEY (`created_by_id`) REFERENCES `auth_user` (`id`);

--
-- Constraints for table `product_app_product`
--
ALTER TABLE `product_app_product`
  ADD CONSTRAINT `product_app_product_client_id_d752b4c3_fk_structure` FOREIGN KEY (`client_id`) REFERENCES `structure_app_client` (`id`),
  ADD CONSTRAINT `product_app_product_created_by_id_d7b45000_fk_auth_user_id` FOREIGN KEY (`created_by_id`) REFERENCES `auth_user` (`id`),
  ADD CONSTRAINT `product_app_product_division_id_b57c1dfd_fk_structure` FOREIGN KEY (`division_id`) REFERENCES `structure_app_division` (`id`);

--
-- Constraints for table `product_app_product_categories`
--
ALTER TABLE `product_app_product_categories`
  ADD CONSTRAINT `product_app_product__product_category_id_f89c95ef_fk_product_a` FOREIGN KEY (`product_category_id`) REFERENCES `product_app_product_category` (`id`),
  ADD CONSTRAINT `product_app_product__product_id_e202e393_fk_product_a` FOREIGN KEY (`product_id`) REFERENCES `product_app_product` (`id`);

--
-- Constraints for table `product_app_product_category`
--
ALTER TABLE `product_app_product_category`
  ADD CONSTRAINT `product_app_product__created_by_id_b674c56a_fk_auth_user` FOREIGN KEY (`created_by_id`) REFERENCES `auth_user` (`id`),
  ADD CONSTRAINT `product_app_product__parent_id_ce8111a0_fk_product_a` FOREIGN KEY (`parent_id`) REFERENCES `product_app_product_category` (`id`);

--
-- Constraints for table `product_app_size_type`
--
ALTER TABLE `product_app_size_type`
  ADD CONSTRAINT `product_app_size_type_created_by_id_ab32afb8_fk_auth_user_id` FOREIGN KEY (`created_by_id`) REFERENCES `auth_user` (`id`);

--
-- Constraints for table `product_app_store`
--
ALTER TABLE `product_app_store`
  ADD CONSTRAINT `product_app_store_created_by_id_4d6f8afd_fk_auth_user_id` FOREIGN KEY (`created_by_id`) REFERENCES `auth_user` (`id`);

--
-- Constraints for table `structure_app_client`
--
ALTER TABLE `structure_app_client`
  ADD CONSTRAINT `structure_app_client_created_by_id_ebe69d61_fk_auth_user_id` FOREIGN KEY (`created_by_id`) REFERENCES `auth_user` (`id`),
  ADD CONSTRAINT `structure_app_client_division_id_7ee9effa_fk_structure` FOREIGN KEY (`division_id`) REFERENCES `structure_app_division` (`id`);

--
-- Constraints for table `structure_app_customer`
--
ALTER TABLE `structure_app_customer`
  ADD CONSTRAINT `structure_app_customer_created_by_id_1f8e4c95_fk_auth_user_id` FOREIGN KEY (`created_by_id`) REFERENCES `auth_user` (`id`),
  ADD CONSTRAINT `structure_app_customer_user_id_b7aca266_fk_auth_user_id` FOREIGN KEY (`user_id`) REFERENCES `auth_user` (`id`);

--
-- Constraints for table `structure_app_division`
--
ALTER TABLE `structure_app_division`
  ADD CONSTRAINT `structure_app_division_created_by_id_71e53f32_fk_auth_user_id` FOREIGN KEY (`created_by_id`) REFERENCES `auth_user` (`id`);

--
-- Constraints for table `structure_app_shift_work`
--
ALTER TABLE `structure_app_shift_work`
  ADD CONSTRAINT `structure_app_shift__division_id_0c35644b_fk_structure` FOREIGN KEY (`division_id`) REFERENCES `structure_app_division` (`id`),
  ADD CONSTRAINT `structure_app_shift_work_controller_id_7f6f0958_fk_auth_user_id` FOREIGN KEY (`controller_id`) REFERENCES `auth_user` (`id`),
  ADD CONSTRAINT `structure_app_shift_work_created_by_id_bcaab5ec_fk_auth_user_id` FOREIGN KEY (`created_by_id`) REFERENCES `auth_user` (`id`),
  ADD CONSTRAINT `structure_app_shift_work_worker_id_3b016131_fk_auth_user_id` FOREIGN KEY (`worker_id`) REFERENCES `auth_user` (`id`);

--
-- Constraints for table `structure_app_user_profile`
--
ALTER TABLE `structure_app_user_profile`
  ADD CONSTRAINT `structure_app_user_p_created_by_id_38365d24_fk_auth_user` FOREIGN KEY (`created_by_id`) REFERENCES `auth_user` (`id`),
  ADD CONSTRAINT `structure_app_user_p_updated_by_id_d2a2bfa8_fk_auth_user` FOREIGN KEY (`updated_by_id`) REFERENCES `auth_user` (`id`),
  ADD CONSTRAINT `structure_app_user_profile_user_id_6e579212_fk_auth_user_id` FOREIGN KEY (`user_id`) REFERENCES `auth_user` (`id`);
COMMIT;

/*!40101 SET CHARACTER_SET_CLIENT=@OLD_CHARACTER_SET_CLIENT */;
/*!40101 SET CHARACTER_SET_RESULTS=@OLD_CHARACTER_SET_RESULTS */;
/*!40101 SET COLLATION_CONNECTION=@OLD_COLLATION_CONNECTION */;
